140 70

-14.0 -13.9 -13.8 -13.7 -13.6 -13.5 -13.4 -13.3 -13.2 -13.1 -13.0 -12.9 -12.8 -12.7 -12.6 -12.5 -12.4 -12.3 -12.2 -12.1 -12.0 -11.9 -11.8 -11.7 -11.6 -11.5 -11.4 -11.3 -11.2 -11.1 -11.0 -10.9 -10.8 -10.7 -10.6 -10.5 -10.4 -10.3 -10.2 -10.1 -10.0 -9.9 -9.8 -9.7 -9.6 -9.5 -9.4 -9.3 -9.2 -9.1 -9.0 -8.9 -8.8 -8.7 -8.6 -8.5 -8.4 -8.3 -8.2 -8.1 -8.0 -7.9 -7.8 -7.7 -7.6 -7.5 -7.4 -7.3 -7.2 -7.1 -7.0 -6.9 -6.8 -6.7 -6.6 -6.5 -6.4 -6.3 -6.2 -6.1 -6.0 -5.9 -5.8 -5.7 -5.6 -5.5 -5.4 -5.3 -5.2 -5.1 -5.0 -4.9 -4.8 -4.7 -4.6 -4.5 -4.4 -4.3 -4.2 -4.1 -4.0 -3.9 -3.8 -3.7 -3.6 -3.5 -3.4 -3.3 -3.2 -3.1 -3.0 -2.9 -2.8 -2.7 -2.6 -2.5 -2.4 -2.3 -2.2 -2.1 -2.0 -1.9 -1.8 -1.7 -1.6 -1.5 -1.4 -1.3 -1.2 -1.1 -1.0 -0.9 -0.8 -0.7 -0.6 -0.5 -0.4 -0.3 -0.2 -0.1
0.0 0.1 0.2 0.3 0.4 0.5 0.6 0.7 0.8 0.9 1.0 1.1 1.2 1.3 1.4 1.5 1.6 1.7 1.8 1.9 2.0 2.1 2.2 2.3 2.4 2.5 2.6 2.7 2.8 2.9 3.0 3.1 3.2 3.3 3.4 3.5 3.6 3.7 3.8 3.9 4.0 4.1 4.2 4.3 4.4 4.5 4.6 4.7 4.8 4.9 5.0 5.1 5.2 5.3 5.4 5.5 5.6 5.7 5.8 5.9 6.0 6.1 6.2 6.3 6.4 6.5 6.6 6.7 6.8 6.9

-2.5168381572902145 -2.2451896117557686 -1.9774715557234597 -1.7188394408249366 -1.4755338063594885 -1.2541258654834666 -1.0602288667997646 -0.8960865312735606 -0.7601747965667316 -0.6477456264627044 -0.5527951553114021 -0.4697885327587057 -0.3941615836084309 -0.3226423032296475 -0.2530957318488325 -0.1845807445521714 -0.11752579981920433 -0.053733162512192165 0.004492717331704671 0.056120791514468346 0.10233403399677302 0.11997149055248223 0.036758598762185776 0.06773528204494896 0.08777750510145751 0.09976568531256358 0.1105517239358774 -0.3104995422452466 -0.28551637991304896 -0.4381193350238729 -0.40159181134251243 -3.182546881999002 -2.4991076949046023 -2.3092738164600664 -4.715449835191943 -4.235969996479521 -3.9561776875632955 -2.2887995652125905 -0.6214214391028721 -0.4906278306792579 -0.4858845868835153 -0.4566834316217222 -0.45878663984061996 -0.45335054730047575 -0.4376282677727612 -0.43137543275982115 -0.43094756416339824 -0.4327644413585318 -0.4311219246710333 -0.41002028173312133 -0.3508840693252573 -0.32577348508960013 -0.3698269034234432 -0.4251333139619707 -0.452047780139914 -0.45733801334143287 -0.45874940708155953 -0.4583033830059331 -0.45786364404183555 -0.46090317484878174 -0.4621675895120385 -0.4624870990119885 -0.46287598486523013 -0.46325974198758424 -0.46380149402039583 -0.4646593053311888 -0.4655062675400291 -0.46636510818650884 -0.4675978682073757 -0.46947755973371447
-2.516838157290214 -2.2451896117557686 -1.9774715557234597 -1.7188394408249366 -1.4755338063594885 -1.2541258654834668 -1.0602288667997648 -0.8960865312735609 -0.7601747965667318 -0.6477456264627044 -0.5527951553114026 -0.46978853275870613 -0.3941615836084312 -0.3226423032296477 -0.25309573184883266 -0.1845807445521717 -0.11752579981920433 -0.05373316251219238 0.004492717331704671 0.056120791514468346 0.10233403399677339 0.14211705728765375 0.036758598762185776 0.06773528204494896 0.08777750510145799 0.09976568531256358 0.11055172393587696 -0.3104995422452466 -0.28551637991304923 -0.4381193350238729 -0.40159181134251243 -3.182546881999002 -2.4991076949046023 -2.3092738164600664 -4.715449835191943 -4.235969996479521 -3.9561776875632955 -2.292383534416394 -0.6285893775118462 -0.489482779734444 -0.48486737451494044 -0.4553874437577501 -0.4568152461573027 -0.45257881265770444 -0.43722476495084006 -0.4304851688482948 -0.4301378038473921 -0.43198332756092406 -0.430579390758028 -0.4097856213545554 -0.35010436398373557 -0.32504191137217114 -0.36982690342344327 -0.4251333139619706 -0.452047780139914 -0.457338013341433 -0.45874940708155953 -0.4583033830059332 -0.45786364404183566 -0.46090317484878174 -0.4621675895120385 -0.4624870990119885 -0.4628759848652302 -0.4632597419875843 -0.46380149402039583 -0.46465930533118893 -0.46550626754002916 -0.466365108186509 -0.4675978682073757 -0.4694775597337145
-2.516838157290214 -2.2451896117557686 -1.9774715557234597 -1.7188394408249366 -1.4755338063594885 -1.2541258654834668 -1.0602288667997646 -0.8960865312735606 -0.7601747965667316 -0.6477456264627044 -0.5527951553114023 -0.46978853275870586 -0.3941615836084312 -0.3226423032296475 -0.25309573184883266 -0.1845807445521717 -0.11752579981920433 -0.053733162512192005 0.004492717331704671 0.056120791514468346 0.10233403399677302 0.14227360023599314 0.036758598762185776 0.06773528204494896 0.08777750510145751 0.09976568531256312 0.1105517239358774 -0.31049954224524684 -0.2855163799130494 -0.4381193350238728 -0.40159181134251243 -3.182546881999002 -2.4991076949046023 -2.3092738164600664 -4.715449835191943 -4.235969996479521 -3.9561776875632955 -2.2965406728569526 -0.6369036543945666 -0.48843578863912784 -0.48382057225369157 -0.4540855978019268 -0.4548297676908654 -0.451781525896986 -0.4368327128421598 -0.42959811519641194 -0.4293179590095912 -0.43116174781822586 -0.43004863561507967 -0.4096244321880177 -0.34902686432603486 -0.32399421066183776 -0.3698269034234433 -0.4251333139619707 -0.452047780139914 -0.45733801334143287 -0.45874940708155953 -0.4583033830059332 -0.45786364404183566 -0.46090317484878174 -0.4621675895120385 -0.4624870990119885 -0.46287598486523013 -0.4632597419875843 -0.46380149402039583 -0.4646593053311888 -0.4655062675400291 -0.466365108186509 -0.4675978682073757 -0.4694775597337145
-2.516838157290214 -2.2451896117557686 -1.9774715557234597 -1.7188394408249366 -1.4755338063594887 -1.2541258654834668 -1.0602288667997648 -0.8960865312735606 -0.7601747965667318 -0.6477456264627044 -0.5527951553114026 -0.46978853275870586 -0.3941615836084312 -0.32264230322964793 -0.25309573184883294 -0.18458074455217183 -0.1175257998192047 -0.05373316251219238 0.004492717331704193 0.056120791514467826 0.10233403399677302 0.14250817433975185 0.036758598762185325 0.06773528204494896 0.08777750510145751 0.09976568531256312 0.11055172393587696 -0.31049954224524684 -0.2855163799130494 -0.43811933502387346 -0.40159181134251265 -3.182546881999002 -2.4991076949046023 -2.3092738164600664 -4.715449835191943 -4.235969996479521 -3.9561776875632955 -2.303071220410651 -0.6499647495045104 -0.4870189634389944 -0.48202615898443474 -0.4524951721741186 -0.45246171862982076 -0.45106837118278786 -0.4366614045072216 -0.428598536628621 -0.42846826587436365 -0.4303048283874229 -0.4292792428696114 -0.4096227198364514 -0.34848521696605606 -0.32107339135080804 -0.36796762322340176 -0.42507093293761844 -0.45204778013991387 -0.45733801334143287 -0.45874940708155953 -0.4583033830059332 -0.45786364404183555 -0.46090317484878174 -0.4621675895120385 -0.4624870990119885 -0.46287598486523013 -0.46325974198758424 -0.46380149402039583 -0.46465930533118877 -0.4655062675400291 -0.46636510818650884 -0.4675978682073757 -0.4694775597337145
-2.516838157290214 -2.2451896117557686 -1.9774715557234597 -1.7188394408249366 -1.4755338063594887 -1.2541258654834668 -1.0602288667997648 -0.8960865312735606 -0.7601747965667318 -0.6477456264627046 -0.5527951553114023 -0.46978853275870586 -0.3941615836084309 -0.3226423032296477 -0.25309573184883266 -0.18458074455217183 -0.11752579981920457 -0.05373316251219238 0.004492717331704671 0.056120791514468346 0.10233403399677302 0.1428641302408351 0.036758598762185325 0.06773528204494896 0.08777750510145751 0.09976568531256312 0.11055172393587696 -0.31049954224524684 -0.2855163799130494 -0.4381193350238729 -0.40159181134251265 -3.182546881999002 -2.4991076949046023 -2.3092738164600664 -4.715449835191943 -4.235969996479521 -3.9561776875632955 -2.3100447354638884 -0.6639117796137466 -0.4855820566375641 -0.4801233574975496 -0.4508502041368362 -0.4500027817207324 -0.450218507837309 -0.43636658301040376 -0.42757375169979583 -0.4275899873824085 -0.4294183761871986 -0.4285120108613518 -0.40951233395883524 -0.34793853253284973 -0.31813600921540675 -0.3655588503202034 -0.42458492354021393 -0.452047780139914 -0.45733801334143287 -0.45874940708155953 -0.4583033830059332 -0.45786364404183555 -0.46090317484878174 -0.4621675895120385 -0.4624870990119885 -0.46287598486523013 -0.46325974198758424 -0.46380149402039583 -0.46465930533118877 -0.46550626754002916 -0.466365108186509 -0.4675978682073757 -0.46947755973371463
-2.516838157290214 -2.2451896117557686 -1.9774715557234597 -1.7188394408249366 -1.4755338063594885 -1.2541258654834668 -1.0602288667997646 -0.8960865312735609 -0.7601747965667318 -0.6477456264627046 -0.5527951553114021 -0.46978853275870586 -0.3941615836084312 -0.3226423032296477 -0.25309573184883266 -0.1845807445521717 -0.11752579981920433 -0.053733162512192165 0.004492717331704671 0.056120791514468346 0.10233403399677302 0.14328027731707368 0.036758598762185325 0.06773528204494896 0.08777750510145751 0.09976568531256312 0.11055172393587696 -0.31049954224524684 -0.2855163799130494 -0.4381193350238732 -0.40159181134251243 -3.182546881999002 -2.4991076949046023 -2.3092738164600664 -4.715449835191943 -4.235969996479521 -3.9561776875632955 -2.3178059777435345 -0.6794342641761639 -0.484102253165205 -0.47794843727483766 -0.4490595108473482 -0.4472906306953204 -0.44897936037212677 -0.4357126075050335 -0.42648094790773383 -0.4266305521406223 -0.42844838603492197 -0.4277622087243049 -0.40908780446213056 -0.34734563577461913 -0.31522490547392246 -0.36171665276771775 -0.42291702600665604 -0.452047780139914 -0.457338013341433 -0.45874940708155953 -0.4583033830059332 -0.45786364404183566 -0.46090317484878174 -0.4621675895120385 -0.4624870990119885 -0.4628759848652302 -0.4632597419875843 -0.46380149402039583 -0.4646593053311888 -0.46550626754002916 -0.466365108186509 -0.4675978682073757 -0.46947755973371463
-2.516838157290214 -2.2451896117557686 -1.9774715557234597 -1.7188394408249366 -1.4755338063594887 -1.2541258654834668 -1.0602288667997646 -0.8960865312735609 -0.7601747965667318 -0.6477456264627046 -0.5527951553114023 -0.46978853275870586 -0.3941615836084312 -0.3226423032296477 -0.25309573184883266 -0.18458074455217205 -0.11752579981920457 -0.05373316251219238 0.004492717331704193 0.056120791514468346 0.10233403399677302 0.14380236086158624 0.036758598762185325 0.06773528204494846 0.08777750510145751 0.09976568531256312 0.11055172393587696 -0.31049954224524706 -0.2855163799130494 -0.4381193350238732 -0.40159181134251243 -3.182546881999002 -2.4991076949046023 -2.3092738164600664 -4.715449835191943 -4.235969996479521 -3.9561776875632955 -2.322599000575518 -0.6890203098420882 -0.48291393686150536 -0.47560145665108433 -0.44726988997909256 -0.4445742234427601 -0.4476786760645932 -0.43512681525083885 -0.42536015857803056 -0.42565198411713606 -0.42740477000045884 -0.4269530434139541 -0.40889189991678987 -0.34648944840208606 -0.3120775906260419 -0.3579292504697584 -0.42107244431741037 -0.4518306930105087 -0.4573338436072881 -0.4587494070815594 -0.4583033830059332 -0.45786364404183566 -0.46090317484878174 -0.4621675895120385 -0.4624870990119885 -0.46287598486523013 -0.46325974198758424 -0.46380149402039583 -0.46465930533118877 -0.4655062675400291 -0.46636510818650884 -0.4675978682073757 -0.46947755973371447
-2.516838157290214 -2.2451896117557686 -1.9774715557234597 -1.7188394408249366 -1.4755338063594885 -1.2541258654834668 -1.0602288667997644 -0.8960865312735606 -0.7601747965667316 -0.6477456264627046 -0.5527951553114026 -0.4697885327587057 -0.3941615836084309 -0.32264230322964726 -0.25309573184883266 -0.1845807445521714 -0.11752579981920433 -0.053733162512192005 0.004492717331704671 0.056120791514468346 0.10233403399677339 0.144288224189383 0.036758598762185776 0.06773528204494896 0.08777750510145751 0.09976568531256358 0.11055172393587696 -0.3104995422452466 -0.28551637991304923 -0.4381193350238729 -0.40159181134251243 -3.182546881999002 -2.4991076949046023 -2.3092738164600664 -4.715449835191943 -4.235969996479521 -3.9561776875632955 -2.324762907781209 -0.6933481242543607 -0.4819670846925961 -0.47311554539589695 -0.44548240081783835 -0.44185723636188645 -0.4463278237887851 -0.43459774688411 -0.42421671364529445 -0.42465794951031005 -0.4263006582076184 -0.4260949349816532 -0.4088862727157953 -0.3454154090078962 -0.30874155667168324 -0.35419202656616683 -0.4190838058379892 -0.4514329741033939 -0.45732619905537997 -0.45874940708155953 -0.4583033830059332 -0.45786364404183566 -0.46090317484878174 -0.4621675895120385 -0.4624870990119885 -0.4628759848652302 -0.46325974198758424 -0.46380149402039583 -0.46465930533118877 -0.4655062675400291 -0.466365108186509 -0.4675978682073757 -0.46947755973371447
-2.516838157290214 -2.2451896117557686 -1.9774715557234597 -1.7188394408249366 -1.4755338063594885 -1.2541258654834668 -1.0602288667997646 -0.8960865312735606 -0.7601747965667318 -0.6477456264627044 -0.5527951553114023 -0.46978853275870586 -0.3941615836084309 -0.3226423032296477 -0.25309573184883266 -0.18458074455217183 -0.11752579981920433 -0.053733162512192165 0.004492717331704671 0.056120791514468346 0.10233403399677302 0.14470164708371538 0.036758598762185776 0.06773528204494896 0.08777750510145751 0.09976568531256312 0.11055172393587696 -0.3104995422452466 -0.28551637991304923 -0.4381193350238732 -0.40159181134251265 -3.182546881999002 -2.4991076949046023 -2.3092738164600664 -4.715449835191943 -4.235969996479521 -3.956177687563296 -2.328026978468294 -0.6998762656298821 -0.4807972543455037 -0.46956546603844584 -0.4434116714342232 -0.43874042466722835 -0.4447038466890589 -0.43397625237163834 -0.42296883264824836 -0.42355845605779985 -0.4251514283794494 -0.4251341787608781 -0.4084442163086559 -0.34493868593876953 -0.3053841428589064 -0.34996761771600077 -0.41695728562354817 -0.4510079820681949 -0.4572540398456501 -0.4587301144238481 -0.4583033830059331 -0.45786364404183555 -0.46090317484878174 -0.4621675895120385 -0.4624870990119885 -0.46287598486523013 -0.46325974198758424 -0.46380149402039583 -0.4646593053311888 -0.4655062675400291 -0.46636510818650884 -0.4675978682073757 -0.4694775597337145
-2.516838157290214 -2.2451896117557686 -1.9774715557234597 -1.7188394408249366 -1.4755338063594885 -1.2541258654834668 -1.0602288667997646 -0.8960865312735606 -0.7601747965667316 -0.6477456264627044 -0.5527951553114021 -0.46978853275870586 -0.3941615836084309 -0.3226423032296475 -0.25309573184883266 -0.18458074455217183 -0.11752579981920433 -0.053733162512192005 0.004492717331704671 0.056120791514468346 0.10233403399677302 0.14499198877574637 0.03675859876218621 0.06773528204494896 0.08777750510145799 0.09976568531256312 0.11055172393587696 -0.3104995422452466 -0.28551637991304923 -0.4381193350238729 -0.401591811342512 -3.182546881999002 -2.4991076949046023 -2.3092738164600664 -4.715449835191943 -4.235969996479521 -3.956177687563296 -2.3317895270078295 -0.7074013627105243 -0.4796142773310218 -0.4657165647850142 -0.4411768486487775 -0.4354109650759378 -0.4429623476179406 -0.43327847056799224 -0.4216784156942954 -0.4224286869199206 -0.42397522034754065 -0.4241497290443253 -0.4079134489676153 -0.34449430740476367 -0.302075713618211 -0.3456542143496635 -0.41477771323274304 -0.45057635160151555 -0.4571692545440551 -0.45870342760090493 -0.4583028531786043 -0.45786364404183566 -0.4609031748487818 -0.4621675895120385 -0.4624870990119885 -0.4628759848652302 -0.4632597419875843 -0.46380149402039583 -0.4646593053311888 -0.4655062675400291 -0.46636510818650906 -0.4675978682073757 -0.4694775597337145
-2.516838157290214 -2.2451896117557686 -1.9774715557234597 -1.7188394408249366 -1.4755338063594885 -1.2541258654834668 -1.0602288667997646 -0.8960865312735606 -0.7601747965667318 -0.6477456264627046 -0.5527951553114026 -0.46978853275870586 -0.3941615836084312 -0.3226423032296477 -0.25309573184883266 -0.18458074455217183 -0.11752579981920433 -0.05373316251219238 0.004492717331704671 0.056120791514467826 0.10233403399677302 0.14500100200534333 0.036758598762185325 0.06773528204494896 0.08777750510145751 0.09976568531256312 0.11055172393587696 -0.3104995422452466 -0.2855163799130494 -0.4381193350238732 -0.40159181134251243 -3.182546881999002 -2.4991076949046023 -2.3092738164600664 -4.715449835191943 -4.235969996479521 -3.956177687563296 -2.3374257976245527 -0.7186739039463486 -0.4786756665558475 -0.46106039564674495 -0.43804743738691554 -0.43092488500531273 -0.44069984062968903 -0.4321196329636949 -0.4202012300463591 -0.4212158686635706 -0.4226418547969711 -0.4231337138536843 -0.4073926576450896 -0.3433205855385617 -0.29905321227808657 -0.34119959678182293 -0.41234564717373057 -0.45013451954899647 -0.457090346416311 -0.4586495842912313 -0.45829808564805785 -0.45786364404183566 -0.4609031748487816 -0.4621675895120385 -0.4624870990119885 -0.46287598486523013 -0.46325974198758424 -0.46380149402039583 -0.4646593053311888 -0.4655062675400291 -0.46636510818650884 -0.4675978682073756 -0.4694775597337145
-2.516838157290214 -2.2451896117557686 -1.9774715557234597 -1.7188394408249366 -1.4755338063594885 -1.2541258654834668 -1.0602288667997646 -0.8960865312735609 -0.7601747965667318 -0.6477456264627046 -0.5527951553114028 -0.46978853275870586 -0.3941615836084312 -0.3226423032296475 -0.25309573184883266 -0.18458074455217205 -0.11752579981920457 -0.0537331625121926 0.004492717331704193 0.056120791514468346 0.10233403399677256 0.14500753333113858 0.036758598762185325 0.06773528204494846 0.08777750510145751 0.09976568531256312 0.11055172393587644 -0.31049954224524684 -0.28551637991304923 -0.4381193350238732 -0.40159181134251243 -3.182546881999002 -2.4991076949046023 -2.3092738164600664 -4.715449835191943 -4.235969996479521 -3.956177687563296 -2.344151426816401 -0.7321251623329207 -0.47747673918647054 -0.45590566884039246 -0.435094153517362 -0.4267381407691775 -0.43831065597496166 -0.43096045467660393 -0.4187005304075866 -0.41997459108757834 -0.42125896971363225 -0.42205100656461303 -0.4069178711253773 -0.3423191310738402 -0.29588094049168473 -0.3367067573995025 -0.4098962483566298 -0.44965327509659064 -0.4570195400543874 -0.458606248898407 -0.45829322850854753 -0.45786055569999073 -0.46090317484878174 -0.4621675895120385 -0.4624870990119885 -0.4628759848652301 -0.46325974198758413 -0.46380149402039583 -0.4646593053311888 -0.4655062675400291 -0.46636510818650884 -0.4675978682073757 -0.4694775597337145
-2.516838157290214 -2.2451896117557686 -1.9774715557234597 -1.7188394408249366 -1.4755338063594887 -1.2541258654834668 -1.0602288667997646 -0.8960865312735609 -0.7601747965667318 -0.6477456264627046 -0.5527951553114026 -0.46978853275870586 -0.3941615836084312 -0.3226423032296477 -0.25309573184883294 -0.18458074455217183 -0.11752579981920457 -0.053733162512192165 0.004492717331704193 0.056120791514467826 0.10233403399677302 0.14500753333113858 0.036758598762185776 0.06773528204494896 0.08777750510145751 0.09976568531256312 0.11055172393587696 -0.31049954224524684 -0.28551637991304923 -0.4381193350238732 -0.4015918113425122 -3.182546881999002 -2.4991076949046023 -2.3092738164600664 -4.715449835191943 -4.235969996479521 -3.956177687563296 -2.3525932519193393 -0.7490088125424696 -0.4758786551165064 -0.44997899738410296 -0.43239601141267986 -0.42297816896401463 -0.43572271784836386 -0.4297991039807383 -0.41716124423608225 -0.4186879821149883 -0.41979822970089015 -0.42086495341371644 -0.40651340059197727 -0.34157984749478887 -0.2924709669830237 -0.33213278928278933 -0.4074133218686049 -0.4491112713123673 -0.45696119417041714 -0.4585790834662621 -0.45828823339058955 -0.45785271292777074 -0.46090317484878174 -0.4621675895120385 -0.4624870990119885 -0.46287598486523013 -0.46325974198758424 -0.46380149402039583 -0.46465930533118877 -0.4655062675400291 -0.46636510818650884 -0.4675978682073757 -0.4694775597337145
-2.516838157290214 -2.2451896117557686 -1.9774715557234597 -1.7188394408249366 -1.4755338063594887 -1.2541258654834668 -1.0602288667997648 -0.8960865312735606 -0.7601747965667318 -0.6477456264627044 -0.5527951553114021 -0.4697885327587057 -0.3941615836084309 -0.3226423032296475 -0.2530957318488325 -0.1845807445521717 -0.11752579981920457 -0.0537331625121926 0.004492717331704193 0.056120791514468346 0.10233403399677302 0.14500753333113858 0.036758598762185776 0.06773528204494896 0.08777750510145751 0.09976568531256312 0.11055172393587696 -0.3104995422452466 -0.2855163799130494 -0.4381193350238728 -0.40159181134251243 -3.182546881999002 -2.4991076949046023 -2.3092738164600664 -4.715449835191943 -4.235969996479521 -3.956177687563296 -2.359504981784643 -0.7628322722761369 -0.4743604364292936 -0.4426148899863571 -0.4300986573707553 -0.4201408544297296 -0.4322934321681553 -0.4278641666616918 -0.41559124376853723 -0.41727193495865844 -0.41831407035523793 -0.41965756450601743 -0.4057255818629988 -0.3410191490314465 -0.28949518426436055 -0.3270647207027101 -0.40456697431309707 -0.44856902875047566 -0.4568688198177234 -0.45855384961662726 -0.4583239526198548 -0.45781523774165056 -0.4608810692383907 -0.4621675895120385 -0.4624870990119885 -0.46287598486523013 -0.46325974198758424 -0.46380149402039583 -0.46465930533118877 -0.4655062675400291 -0.46636510818650884 -0.4675978682073756 -0.46947755973371447
-2.516838157290214 -2.2451896117557686 -1.9774715557234597 -1.7188394408249366 -1.4755338063594887 -1.2541258654834668 -1.0602288667997646 -0.8960865312735609 -0.7601747965667318 -0.6477456264627044 -0.5527951553114023 -0.46978853275870586 -0.3941615836084309 -0.3226423032296477 -0.25309573184883266 -0.18458074455217183 -0.11752579981920433 -0.05373316251219238 0.004492717331704193 0.056120791514467826 0.10233403399677302 0.14500753333113858 0.036758598762185325 0.06773528204494846 0.08777750510145751 0.09976568531256312 0.11055172393587696 -0.31049954224524684 -0.2855163799130494 -0.4381193350238732 -0.40159181134251265 -3.182546881999002 -2.4991076949046023 -2.3092738164600664 -4.715449835191943 -4.235969996479521 -3.956177687563296 -2.365725595364196 -0.7752734994380353 -0.4728827539530354 -0.4346623434714004 -0.4279961134141953 -0.4177453355880968 -0.4284854126432587 -0.4255687838645913 -0.4140096861274366 -0.41579703952106145 -0.4168214808430801 -0.41844181647294926 -0.4047562684202397 -0.3405438308586104 -0.2867332595028598 -0.32179941819723096 -0.4015600310999482 -0.44802702596174304 -0.4567602044103208 -0.45852953942548086 -0.4583791340754022 -0.45776360706815844 -0.460848401970265 -0.4621675895120385 -0.4624870990119885 -0.46287598486523013 -0.46325974198758424 -0.46380149402039583 -0.4646593053311888 -0.465506267540029 -0.466365108186509 -0.4675978682073757 -0.4694775597337145
-2.516838157290214 -2.2451896117557686 -1.9774715557234597 -1.7188394408249366 -1.4755338063594887 -1.2541258654834668 -1.0602288667997644 -0.8960865312735606 -0.7601747965667318 -0.6477456264627044 -0.5527951553114023 -0.46978853275870613 -0.3941615836084309 -0.3226423032296475 -0.25309573184883266 -0.18458074455217183 -0.11752579981920457 -0.053733162512192165 0.004492717331704671 0.056120791514467826 0.10233403399677302 0.14500753333113858 0.036758598762185325 0.06773528204494896 0.08777750510145751 0.09976568531256312 0.11055172393587696 -0.3104995422452466 -0.28551637991304923 -0.4381193350238732 -0.40159181134251243 -3.182546881999002 -2.4991076949046023 -2.3092738164600664 -4.715449835191943 -4.235969996479521 -3.956177687563296 -2.372029864287684 -0.7878820372878839 -0.4709997905072837 -0.4230380743301356 -0.4240104486519891 -0.41335997455087514 -0.42395049391141454 -0.42254147907952344 -0.41211026239045945 -0.41421943139033573 -0.41513389951988083 -0.417116363899583 -0.404036205233121 -0.33957246536705005 -0.28316132582477194 -0.3166043808930416 -0.39835593556045934 -0.44734098760652014 -0.4566984658640234 -0.4584899113243165 -0.4584550290491293 -0.457804348966225 -0.46077084420574543 -0.4621623997398486 -0.4624870990119885 -0.4628759848652301 -0.46325974198758424 -0.46380149402039583 -0.46465930533118877 -0.465506267540029 -0.46636510818650884 -0.4675978682073756 -0.46947755973371447
-2.5168381572902145 -2.2451896117557686 -1.9774715557234597 -1.7188394408249366 -1.4755338063594885 -1.2541258654834668 -1.0602288667997646 -0.8960865312735606 -0.7601747965667318 -0.6477456264627044 -0.5527951553114021 -0.46978853275870586 -0.3941615836084309 -0.32264230322964726 -0.2530957318488325 -0.1845807445521714 -0.11752579981920433 -0.053733162512192005 0.004492717331704671 0.056120791514468346 0.10233403399677302 0.145007533331139 0.036758598762185776 0.06773528204494896 0.08777750510145751 0.09976568531256312 0.11055172393587696 -0.31049954224524684 -0.2855163799130494 -0.4381193350238729 -0.4015918113425122 -3.182546881999002 -2.4991076949046023 -2.3092738164600664 -4.715449835191943 -4.235969996479521 -3.9561776875632964 -2.377974676883401 -0.7997716624820634 -0.4674890879230905 -0.4103202538784736 -0.4196421517793444 -0.40874332620049186 -0.4192641559127756 -0.41939147733387777 -0.4101427202844077 -0.41257553298358457 -0.41341960544287315 -0.415753772058392 -0.4032170702209844 -0.338796259923291 -0.27956869140132135 -0.31127149439011587 -0.3951037143084025 -0.44662722505320435 -0.4566209417460944 -0.45845070123080756 -0.45851792924224094 -0.45783306978570776 -0.4606926956455204 -0.46215521394677844 -0.4624870990119885 -0.4628759848652302 -0.4632597419875843 -0.46380149402039583 -0.46465930533118877 -0.465506267540029 -0.46636510818650884 -0.4675978682073756 -0.4694775597337145
-2.516838157290214 -2.2451896117557686 -1.9774715557234597 -1.7188394408249366 -1.4755338063594885 -1.2541258654834668 -1.0602288667997646 -0.8960865312735606 -0.7601747965667316 -0.6477456264627044 -0.5527951553114021 -0.46978853275870613 -0.3941615836084312 -0.3226423032296477 -0.25309573184883266 -0.18458074455217183 -0.1175257998192047 -0.053733162512192165 0.004492717331704671 0.056120791514468346 0.10233403399677302 0.14500753333113858 0.036758598762185776 0.06773528204494896 0.08777750510145751 0.09976568531256312 0.11055172393587696 -0.3104995422452466 -0.28551637991304923 -0.4381193350238729 -0.40159181134251265 -3.182546881999002 -2.4991076949046023 -2.3092738164600664 -4.715449835191943 -4.235969996479521 -3.9561776875632964 -2.382349028355667 -0.8085203654286399 -0.45902777417887397 -0.3942186626783611 -0.41426749118044837 -0.40358311400946156 -0.4141132939062977 -0.4159153130254217 -0.4079887643823479 -0.41072788135365657 -0.41163475473742955 -0.4142820367087757 -0.4020545433980336 -0.33868913160126457 -0.27595824309288364 -0.30538791486361866 -0.3916819790112722 -0.4458437916650362 -0.4564879276320807 -0.4584148072590397 -0.4585374653747821 -0.4578120513117166 -0.46061858488816354 -0.46214247582471035 -0.4624870990119885 -0.46287598486523013 -0.46325974198758424 -0.46380149402039583 -0.46465930533118877 -0.465506267540029 -0.46636510818650884 -0.4675978682073757 -0.46947755973371447
-2.516838157290214 -2.2451896117557686 -1.9774715557234597 -1.7188394408249366 -1.4755338063594887 -1.2541258654834668 -1.0602288667997648 -0.8960865312735606 -0.7601747965667316 -0.6477456264627044 -0.5527951553114026 -0.46978853275870586 -0.3941615836084307 -0.3226423032296475 -0.25309573184883266 -0.18458074455217183 -0.11752579981920433 -0.05373316251219238 0.004492717331704671 0.056120791514467826 0.10233403399677302 0.14500753333113858 0.036758598762185776 0.06773528204494896 0.08777750510145751 0.09976568531256312 0.11055172393587696 -0.31049954224524684 -0.28551637991304923 -0.4381193350238729 -0.4015918113425122 -3.182546881999002 -2.4991076949046023 -2.3092738164600664 -4.715449835191943 -4.235969996479521 -3.9561776875632964 -2.3881396493375795 -0.8201016073952002 -0.45120171769842 -0.377766135356147 -0.40779462470311467 -0.39793648093774947 -0.4086588139050866 -0.4121003582733264 -0.4053212303421393 -0.40873985329701423 -0.4097686743459074 -0.4127838987590909 -0.4008380153129088 -0.3381399930309381 -0.27254238286042654 -0.2994454150944887 -0.3880426945489705 -0.445024230346735 -0.45635619610230105 -0.4583809291230077 -0.4585875518367552 -0.4577987465141714 -0.46053842147153967 -0.46212831777556435 -0.4624832457793692 -0.46287400158969694 -0.4632597419875843 -0.46380149402039583 -0.4646593053311888 -0.46550626754002916 -0.466365108186509 -0.4675978682073757 -0.46947755973371463
-2.516838157290214 -2.2451896117557686 -1.9774715557234597 -1.7188394408249368 -1.4755338063594885 -1.2541258654834668 -1.0602288667997646 -0.8960865312735606 -0.7601747965667318 -0.6477456264627044 -0.5527951553114028 -0.46978853275870586 -0.3941615836084312 -0.3226423032296477 -0.25309573184883266 -0.18458074455217183 -0.1175257998192047 -0.05373316251219238 0.004492717331704193 0.056120791514468346 0.10233403399677256 0.14500753333113858 0.036758598762185776 0.06773528204494896 0.08777750510145751 0.09976568531256312 0.11055172393587696 -0.31049954224524684 -0.2855163799130497 -0.4381193350238732 -0.40159181134251243 -3.182546881999002 -2.4991076949046023 -2.3092738164600664 -4.715449835191943 -4.235969996479521 -3.9561776875632964 -2.3953282905617432 -0.8344788898469733 -0.4439351234682346 -0.36110832690805544 -0.4003828115637679 -0.3918748081647323 -0.40294731939841555 -0.4079906040972817 -0.40219961469102244 -0.4066275872504983 -0.40783091542473854 -0.41126265464110284 -0.39957342346058744 -0.3371929176789201 -0.26930104266617 -0.29346050232986864 -0.3842147965133614 -0.44417235126895993 -0.45622562659301336 -0.45834887276217906 -0.45866526023752574 -0.4577924128648013 -0.4604527920057885 -0.4621128765412089 -0.4624759100222364 -0.4628702258200954 -0.46325974198758424 -0.46380149402039583 -0.46465930533118877 -0.4655062675400291 -0.466365108186509 -0.4675978682073756 -0.46947755973371447
-2.516838157290214 -2.2451896117557686 -1.9774715557234597 -1.7188394408249366 -1.4755338063594885 -1.2541258654834668 -1.0602288667997648 -0.8960865312735606 -0.7601747965667318 -0.6477456264627044 -0.5527951553114026 -0.46978853275870613 -0.3941615836084312 -0.3226423032296477 -0.25309573184883266 -0.18458074455217183 -0.11752579981920457 -0.05373316251219238 0.004492717331704193 0.056120791514467826 0.10233403399677302 0.14500753333113858 0.036758598762185325 0.06773528204494896 0.08777750510145751 0.09976568531256312 0.11055172393587696 -0.31049954224524684 -0.2855163799130494 -0.4381193350238732 -0.40159181134251243 -3.182546881999002 -2.4991076949046023 -2.3092738164600664 -4.715449835191943 -4.235969996479521 -3.9561776875632964 -2.4063746005332005 -0.8565715097952934 -0.4370684024569796 -0.34219044406195237 -0.39106895148156384 -0.38501582792205813 -0.39667764964854646 -0.4030537361671101 -0.398495307986663 -0.404295193494425 -0.4057451576574338 -0.40949571344834435 -0.398365381119291 -0.3364613283141401 -0.265504012129379 -0.28757009524097543 -0.38027703931359425 -0.4431399159401269 -0.4560907304348153 -0.45829376259839794 -0.4587069905562562 -0.45783522354891265 -0.46037574184627583 -0.462095249395322 -0.4624707375944994 -0.46286950113316677 -0.46325974198758435 -0.46380149402039583 -0.4646593053311888 -0.46550626754002916 -0.466365108186509 -0.4675978682073757 -0.46947755973371463
-2.516838157290214 -2.2451896117557686 -1.9774715557234597 -1.7188394408249366 -1.4755338063594885 -1.2541258654834668 -1.0602288667997646 -0.8960865312735606 -0.7601747965667316 -0.6477456264627046 -0.5527951553114021 -0.46978853275870613 -0.3941615836084312 -0.3226423032296475 -0.25309573184883294 -0.18458074455217183 -0.11752579981920457 -0.053733162512192165 0.004492717331704193 0.056120791514467826 0.10233403399677302 0.14500753333113858 0.036758598762185776 0.06773528204494896 0.08777750510145751 0.09976568531256312 0.11055172393587644 -0.3104995422452466 -0.2855163799130494 -0.4381193350238729 -0.40159181134251243 -3.182546881999002 -2.4991076949046023 -2.3092738164600664 -4.715449835191943 -4.235969996479521 -3.9561776875632964 -2.418614226577421 -0.8810507618898806 -0.4297456855635461 -0.32249851415242553 -0.3810941313780805 -0.37787988321920796 -0.39016675581123617 -0.39780124480493695 -0.39460575373703827 -0.40188579476684183 -0.4036184752096862 -0.407669167437705 -0.3971241679638147 -0.3358128526176514 -0.2616495343843349 -0.28168895409130845 -0.3762813318998371 -0.4420603210008735 -0.4559481167761772 -0.4582335337220418 -0.45874000966071915 -0.4578827826016325 -0.46030092167467584 -0.46207643644752694 -0.46246607908934195 -0.46286950113316677 -0.46325974198758413 -0.4638014940203957 -0.46465930533118877 -0.4655062675400291 -0.466365108186509 -0.4675978682073757 -0.46947755973371447
-2.516838157290214 -2.2451896117557686 -1.9774715557234597 -1.7188394408249366 -1.4755338063594887 -1.2541258654834668 -1.0602288667997648 -0.8960865312735606 -0.7601747965667318 -0.6477456264627048 -0.5527951553114023 -0.46978853275870613 -0.3941615836084312 -0.3226423032296477 -0.25309573184883294 -0.18458074455217183 -0.1175257998192047 -0.05373316251219238 0.004492717331704193 0.056120791514467826 0.10233403399677302 0.14500753333113858 0.036758598762185325 0.06773528204494896 0.08777750510145751 0.09976568531256312 0.11055172393587696 -0.31049954224524684 -0.2855163799130494 -0.43811933502387346 -0.40159181134251265 -3.182546881999002 -2.4991076949046023 -2.3092738164600664 -4.715449835191943 -4.235969996479521 -3.956177687563297 -2.4282923919636783 -0.9004070926673771 -0.41642332640386787 -0.29504601738121017 -0.3675890064378166 -0.36911618177970495 -0.38196126948419956 -0.3909577095807718 -0.39001725783994085 -0.3991418583545861 -0.40136430491889546 -0.4057766566244212 -0.3953986871287125 -0.33547698527631886 -0.258284618553194 -0.27517170241288647 -0.37173300373386076 -0.4409192940210157 -0.45573848403300354 -0.45817680287120865 -0.458771374028107 -0.457861177826281 -0.4602279395773631 -0.4620509657974714 -0.4624614212535754 -0.46286950113316677 -0.46325974198758424 -0.46380149402039583 -0.46465930533118877 -0.4655062675400291 -0.46636510818650884 -0.4675978682073757 -0.46947755973371447
-2.516838157290214 -2.2451896117557686 -1.9774715557234597 -1.7188394408249366 -1.4755338063594885 -1.2541258654834668 -1.0602288667997646 -0.8960865312735606 -0.7601747965667316 -0.6477456264627044 -0.5527951553114021 -0.46978853275870586 -0.3941615836084309 -0.32264230322964726 -0.2530957318488325 -0.1845807445521717 -0.11752579981920405 -0.053733162512192165 0.004492717331704193 0.056120791514468346 0.10233403399677302 0.14500753333113858 0.036758598762185325 0.06773528204494896 0.08777750510145751 0.09976568531256358 0.11055172393587696 -0.3104995422452466 -0.28551637991304923 -0.4381193350238732 -0.4015918113425122 -3.182546881999002 -2.4991076949046023 -2.3092738164600664 -4.715449835191943 -4.235969996479521 -3.956177687563297 -2.4357775318843427 -0.9153773725126325 -0.3993270117211285 -0.26598881597000235 -0.35259064179757454 -0.35958695695314635 -0.3733958155285626 -0.38404041303147984 -0.3851846431782626 -0.396238591710412 -0.39900123790999775 -0.40380071920890254 -0.39373934576998526 -0.3347588783229959 -0.25474308721713684 -0.26879006385433823 -0.36706093751690866 -0.43966264165905644 -0.4555390612493035 -0.45811230218117566 -0.4588059693469354 -0.45785738195703596 -0.4601475802164884 -0.46202347584361275 -0.462456763504014 -0.46286950113316677 -0.4632597419875843 -0.46380149402039583 -0.46465930533118893 -0.46550626754002916 -0.46636510818650884 -0.4675978682073757 -0.46947755973371463
-2.516838157290214 -2.2451896117557686 -1.9774715557234597 -1.7188394408249366 -1.4755338063594885 -1.2541258654834668 -1.0602288667997646 -0.8960865312735606 -0.7601747965667318 -0.6477456264627044 -0.5527951553114021 -0.46978853275870586 -0.3941615836084309 -0.3226423032296477 -0.25309573184883266 -0.18458074455217183 -0.11752579981920457 -0.05373316251219238 0.004492717331704671 0.056120791514468346 0.10233403399677302 0.14500753333113858 0.036758598762185776 0.06773528204494896 0.08777750510145751 0.09976568531256312 0.11055172393587696 -0.31049954224524684 -0.2855163799130494 -0.4381193350238732 -0.40159181134251243 -3.182546881999002 -2.4991076949046023 -2.3092738164600664 -4.715449835191943 -4.235969996479521 -3.956177687563297 -2.439014302226169 -0.9218509131980048 -0.3762354914395721 -0.23370975248501918 -0.3350315591060311 -0.34872748313885904 -0.36415594289357733 -0.3769350318332738 -0.3799217379010439 -0.393060981775583 -0.3964502215323482 -0.4016809721501098 -0.392185308569063 -0.33340306940848763 -0.2508939732652939 -0.26256565965826356 -0.3621555495854312 -0.43821157584288195 -0.45535665528486 -0.4580347862238563 -0.45884597603874094 -0.457883416071418 -0.4600548606474786 -0.4619926029772158 -0.46245210586512453 -0.46286950113316677 -0.4632597419875843 -0.46380149402039583 -0.4646593053311888 -0.4655062675400291 -0.466365108186509 -0.4675978682073757 -0.4694775597337145
-2.516838157290214 -2.2451896117557686 -1.9774715557234597 -1.7188394408249366 -1.4755338063594885 -1.2541258654834668 -1.0602288667997644 -0.8960865312735606 -0.7601747965667316 -0.6477456264627044 -0.5527951553114021 -0.4697885327587057 -0.3941615836084309 -0.32264230322964726 -0.2530957318488325 -0.1845807445521717 -0.11752579981920433 -0.053733162512192005 0.004492717331704671 0.056120791514467826 0.10233403399677302 0.14500753333113858 0.03675859876218621 0.06773528204494937 0.08777750510145799 0.09976568531256358 0.1105517239358774 -0.3104995422452464 -0.28551637991304896 -0.4381193350238729 -0.4015918113425122 -3.182546881999002 -2.4991076949046023 -2.3092738164600664 -4.715449835191943 -4.235969996479521 -3.956177687563297 -2.4435207942442907 -0.9308638972366605 -0.34965872705125983 -0.19688825208914837 -0.3138844916504264 -0.3360674374021133 -0.35437272395863495 -0.3695386580407308 -0.37343906463851406 -0.38871550410849137 -0.39377028563336747 -0.39937713695734317 -0.39034357590090435 -0.3325913002948875 -0.246907972828268 -0.25591594371662774 -0.35706315920832005 -0.4366096227937525 -0.45510087326817095 -0.4579563446732381 -0.45885225421106157 -0.457898658727931 -0.4599718137274914 -0.4619586945025593 -0.46244744801450893 -0.46286950113316677 -0.46325974198758424 -0.46380149402039583 -0.4646593053311888 -0.4655062675400291 -0.46636510818650884 -0.4675978682073757 -0.4694775597337145
-2.516838157290214 -2.2451896117557686 -1.9774715557234597 -1.7188394408249366 -1.4755338063594887 -1.2541258654834668 -1.0602288667997648 -0.8960865312735606 -0.7601747965667318 -0.6477456264627044 -0.5527951553114023 -0.46978853275870586 -0.3941615836084309 -0.3226423032296477 -0.25309573184883266 -0.18458074455217183 -0.11752579981920457 -0.05373316251219238 0.004492717331704671 0.056120791514468346 0.10233403399677302 0.14500753333113858 0.036758598762185776 0.06773528204494846 0.08777750510145751 0.09976568531256312 0.11055172393587696 -0.31049954224524706 -0.2855163799130494 -0.4381193350238729 -0.40159181134251243 -3.182546881999002 -2.4991076949046023 -2.3092738164600664 -4.715449835191943 -4.235969996479521 -3.956162621319429 -2.4487703610888514 -0.941378097172627 -0.3223363744208414 -0.1597052580928098 -0.29160253091813 -0.32271943922585133 -0.34442897749591095 -0.36205775359804976 -0.3663919605383094 -0.3837974895526669 -0.3910320310740992 -0.3969843418611643 -0.3883569473859272 -0.332063177264359 -0.24286976131541246 -0.24910226894740636 -0.3519048135827113 -0.434932417995591 -0.4548068447865041 -0.4578774259443742 -0.45884088725493094 -0.45790825577890415 -0.45989383141295626 -0.4619231996708079 -0.46244279007696154 -0.46286950113316677 -0.46325974198758413 -0.4638014940203957 -0.46465930533118877 -0.4655062675400291 -0.46636510818650884 -0.4675978682073757 -0.46947755973371447
-2.516838157290214 -2.2451896117557686 -1.9774715557234597 -1.7188394408249366 -1.4755338063594887 -1.2541258654834668 -1.0602288667997646 -0.8960865312735606 -0.760174796566732 -0.6477456264627046 -0.5527951553114028 -0.46978853275870613 -0.39416158360843134 -0.32264230322964793 -0.25309573184883266 -0.18458074455217183 -0.11752579981920457 -0.05373316251219238 0.004492717331704193 0.056120791514468346 0.10233403399677256 0.1450075333311381 0.036758598762185776 0.06773528204494846 0.08777750510145713 0.09976568531256312 0.1105517239358774 -0.3104995422452466 -0.2855163799130497 -0.4381193350238732 -0.40159181134251265 -3.182546881999002 -2.4991076949046023 -2.3092738164600664 -4.715449835191943 -4.23596999647952 -3.944209326760724 -2.451190317395812 -0.9581713044530502 -0.2887497855510011 -0.1140396819701383 -0.26230683820483625 -0.3054364230272564 -0.33162178850574175 -0.3526291935656422 -0.35775044261829686 -0.3775241759484469 -0.38796798080535677 -0.39442762123442704 -0.38613861214597506 -0.3306588725508455 -0.2392266285910569 -0.24189942114076293 -0.3460767360796047 -0.43306165879096137 -0.4544738990613588 -0.4577875625311625 -0.458870098044497 -0.45788446546511413 -0.4597970755784162 -0.4618808262337454 -0.46243813225339175 -0.46286950113316677 -0.46325974198758424 -0.46380149402039583 -0.46465930533118893 -0.46550626754002916 -0.466365108186509 -0.4675978682073757 -0.4694775597337145
-2.516838157290214 -2.2451896117557686 -1.9774715557234597 -1.7188394408249366 -1.4755338063594887 -1.2541258654834668 -1.0602288667997646 -0.8960865312735606 -0.7601747965667318 -0.6477456264627046 -0.5527951553114023 -0.46978853275870613 -0.3941615836084312 -0.3226423032296477 -0.25309573184883266 -0.18458074455217183 -0.11752579981920457 -0.053733162512192165 0.004492717331704193 0.056120791514467826 0.10233403399677302 0.14500753333113858 0.036758598762185776 0.06773528204494896 0.08777750510145751 0.09976568531256312 0.11055172393587696 -0.31049954224524684 -0.28551637991304923 -0.4381193350238732 -0.4015918113425122 -3.182546881999002 -2.4991076949046023 -2.3092738164600664 -4.715449835191943 -4.239708735461951 -3.9334574179558945 -2.4558760815509135 -0.9782947416639539 -0.2551883826388675 -0.06917550295857694 -0.23204190039060302 -0.28738129553428926 -0.3183530354626467 -0.342810719589121 -0.34883255835081706 -0.37101613400096634 -0.384802952055015 -0.39176721220809113 -0.38392047886618264 -0.32919737663995985 -0.23549500127792242 -0.2347514408627667 -0.34017178419720784 -0.4310728098854321 -0.4541321776270907 -0.45769251124516297 -0.4588926303381555 -0.45787465491058665 -0.45969871473724566 -0.46183518450940353 -0.4624318443386951 -0.46286866197953447 -0.4632597419875843 -0.46380149402039583 -0.4646593053311888 -0.465506267540029 -0.466365108186509 -0.4675978682073757 -0.4694775597337145
-2.516838157290214 -2.2451896117557686 -1.9774715557234597 -1.7188394408249366 -1.4755338063594887 -1.2541258654834668 -1.0602288667997644 -0.8960865312735609 -0.7601747965667316 -0.6477456264627046 -0.5527951553114023 -0.46978853275870636 -0.3941615836084309 -0.3226423032296477 -0.25309573184883294 -0.18458074455217183 -0.1175257998192047 -0.053733162512192165 0.004492717331704671 0.056120791514467826 0.10233403399677302 0.14500753333113858 0.036758598762185325 0.06773528204494896 0.08777750510145751 0.09976568531256312 0.11055172393587696 -0.31049954224524706 -0.2855163799130494 -0.4381193350238732 -0.4015918113425122 -3.182546881999002 -2.4991076949046023 -2.3092738164600664 -4.715449835191943 -4.237941339803793 -3.922705509148782 -2.4652298452982437 -1.0077541780619508 -0.21784564604124435 -0.019442984878373554 -0.1961790461549577 -0.2661487375397544 -0.30332481876258593 -0.3316397554430403 -0.3389395234204017 -0.3637964494246405 -0.38131188707928215 -0.38874999306954605 -0.38172884115651745 -0.3277219178028309 -0.2313038624719055 -0.2276114733991382 -0.33397469142030606 -0.4286986776451446 -0.4537679625455996 -0.4575817380198527 -0.45888262713046873 -0.4579212985098532 -0.45959892372399636 -0.4617796502727777 -0.46241985215385595 -0.4628648863314111 -0.4632597419875843 -0.46380149402039583 -0.4646593053311888 -0.46550626754002916 -0.466365108186509 -0.4675978682073757 -0.4694775597337145
-2.516838157290214 -2.2451896117557686 -1.9774715557234597 -1.7188394408249366 -1.4755338063594887 -1.2541258654834668 -1.0602288667997646 -0.8960865312735606 -0.7601747965667318 -0.6477456264627046 -0.5527951553114026 -0.46978853275870586 -0.3941615836084309 -0.3226423032296477 -0.25309573184883266 -0.18458074455217183 -0.11752579981920433 -0.053733162512192165 0.004492717331704671 0.056120791514468346 0.10233403399677302 0.14500753333113858 0.036758598762185776 0.06773528204494896 0.08777750510145751 0.09976568531256312 0.11055172393587696 -0.3104995422452466 -0.28551637991304923 -0.4381193350238729 -0.4015918113425122 -3.182546881999002 -2.4991076949046023 -2.3092738164600664 -4.719646751006737 -4.229225316161651 -3.9119536003394413 -2.4676656729941477 -1.0233777423532477 -0.17545553140420048 0.032247870903432195 -0.15641206329542257 -0.24246013202254096 -0.28686959911272075 -0.31950527505648674 -0.3279965523051281 -0.3561719774611577 -0.3768986379583435 -0.3855710621110489 -0.37927153539697017 -0.3263843531058876 -0.227266742196571 -0.21998591251465463 -0.3274134530521539 -0.42620621713793216 -0.45332909280175376 -0.45746559241829465 -0.45886814518828933 -0.4579365496850375 -0.45950805063751066 -0.4617217853595342 -0.4624092117286907 -0.4628630174978998 -0.4632564551855677 -0.46380149402039583 -0.4646593053311888 -0.4655062675400291 -0.466365108186509 -0.4675978682073757 -0.46947755973371447
-2.516838157290214 -2.2451896117557686 -1.9774715557234597 -1.7188394408249366 -1.4755338063594885 -1.2541258654834668 -1.0602288667997646 -0.8960865312735606 -0.7601747965667318 -0.6477456264627044 -0.5527951553114023 -0.46978853275870586 -0.3941615836084309 -0.3226423032296475 -0.25309573184883266 -0.18458074455217183 -0.11752579981920433 -0.053733162512192165 0.004492717331704671 0.056120791514468346 0.10233403399677302 0.14500753333113858 0.036758598762185776 0.06773528204494896 0.08777750510145751 0.09976568531256312 0.11055172393587696 -0.3104995422452466 -0.2855163799130494 -0.4381193350238732 -0.4015918113425122 -3.182546881999002 -2.4991076949046023 -2.3092738164600664 -4.6860887264186815 -4.218582920118134 -3.8958322406333448 -2.459870258822601 -1.0239082738409264 -0.12978223910412967 0.08457404681817753 -0.11408357251382965 -0.21681438450494825 -0.26919953302712163 -0.30651772986230597 -0.3161112425569796 -0.3481759751844315 -0.3716099747363045 -0.38223770433661214 -0.3765585810857378 -0.32518078820134855 -0.22337749949171704 -0.21191368588444848 -0.32051449934725046 -0.42360012567891264 -0.45281728506656493 -0.45734418623140793 -0.458849274113588 -0.45792103008081153 -0.4594259128531344 -0.4616616372313408 -0.4623998960628498 -0.4628630174978999 -0.4632499470820096 -0.46380149402039583 -0.4646593053311888 -0.46550626754002916 -0.466365108186509 -0.4675978682073757 -0.46947755973371463
-2.5168381572902145 -2.2451896117557686 -1.9774715557234597 -1.7188394408249366 -1.4755338063594885 -1.2541258654834668 -1.0602288667997646 -0.8960865312735606 -0.7601747965667318 -0.6477456264627044 -0.5527951553114026 -0.46978853275870586 -0.3941615836084309 -0.3226423032296475 -0.25309573184883294 -0.18458074455217183 -0.11752579981920433 -0.053733162512192005 0.004492717331704671 0.056120791514468346 0.10233403399677302 0.14500753333113858 0.036758598762185325 0.06773528204494896 0.08777750510145751 0.09976568531256312 0.11055172393587696 -0.31049954224524684 -0.2855163799130494 -0.4381193350238728 -0.4015918113425122 -3.182546881999002 -2.4991076949046023 -2.2906153703490446 -4.65169033010152 -4.207940524070303 -3.863727499044068 -2.444138249887856 -1.0245489977952675 -0.07494103331588356 0.146333745359783 -0.063703804018706 -0.18546676817819466 -0.24729979460461776 -0.2916779253465119 -0.30237080537755917 -0.3384408196842951 -0.3650466255476306 -0.37854786784493283 -0.3737593206226042 -0.32304760671231547 -0.2191445293421987 -0.20391332134807458 -0.31303635093196536 -0.42053802847985455 -0.45231629061250933 -0.4571973191819325 -0.45883524230897327 -0.45793996769209233 -0.45930372389731955 -0.4615835813233441 -0.4623884719464064 -0.4628600422538601 -0.46324856746752907 -0.46380149402039583 -0.4646593053311888 -0.4655062675400291 -0.466365108186509 -0.4675978682073757 -0.4694775597337145
-2.516838157290214 -2.2451896117557686 -1.9774715557234597 -1.7188394408249366 -1.4755338063594887 -1.2541258654834668 -1.0602288667997646 -0.8960865312735606 -0.7601747965667316 -0.6477456264627044 -0.5527951553114023 -0.46978853275870586 -0.3941615836084309 -0.3226423032296475 -0.25309573184883266 -0.1845807445521717 -0.11752579981920433 -0.05373316251219238 0.004492717331704671 0.056120791514468346 0.10233403399677256 0.145007533331139 0.036758598762185776 0.06773528204494896 0.08777750510145751 0.09976568531256358 0.11055172393587696 -0.3104995422452466 -0.28551637991304923 -0.4381193350238729 -0.4015918113425122 -3.182546881999002 -2.5019171804610805 -2.249124684420313 -4.55908773493596 -4.1901284964363255 -3.831622757437442 -2.428462025842211 -1.0253012915281552 -0.02259890612452508 0.20466325107492891 -0.014386592431100267 -0.1537299252066592 -0.2247736810925507 -0.2764741412366689 -0.2882094303701468 -0.32822965840942364 -0.3581241993493322 -0.37473857109968023 -0.3709152362209309 -0.32071974134475006 -0.21480657631284789 -0.19596015455428037 -0.3054643544767249 -0.4173352019039308 -0.45180247939595636 -0.4570442633764866 -0.45881988955339525 -0.45796842980417185 -0.45917360526376205 -0.46149968488319926 -0.462375821593761 -0.4628562666775937 -0.46324856746752907 -0.4638014940203957 -0.46465930533118877 -0.4655063354601894 -0.46636510818650884 -0.4675978682073757 -0.46947755973371447
-2.5168381572902145 -2.2451896117557686 -1.9774715557234597 -1.7188394408249366 -1.4755338063594885 -1.2541258654834668 -1.0602288667997644 -0.8960865312735606 -0.7601747965667316 -0.6477456264627044 -0.5527951553114021 -0.46978853275870586 -0.3941615836084309 -0.32264230322964726 -0.25309573184883266 -0.1845807445521717 -0.11752579981920433 -0.053733162512192165 0.004492717331704671 0.056120791514468346 0.10233403399677302 0.145007533331139 0.03675859876218621 0.06773528204494896 0.08777750510145751 0.09976568531256312 0.1105517239358774 -0.3104995422452466 -0.2855163799130494 -0.4381193350238729 -0.4015918113425122 -3.2100145197826615 -2.501301415226202 -2.2076339984908775 -4.4664851390522875 -4.16833168058145 -3.7995180158147037 -2.413320339221922 -1.0271226601123213 0.0295765775080309 0.26491089509907056 0.045729262056630825 -0.1153640557060555 -0.19808179769383583 -0.2582981727370695 -0.2709809032115411 -0.3157588906960626 -0.34998461380243484 -0.3703287687084523 -0.3676311221011597 -0.3189830410359529 -0.2099255553576126 -0.18715104350635448 -0.29752067793791065 -0.41368331512095646 -0.4510777745754178 -0.4568993627086442 -0.45877011372957666 -0.4580002213489973 -0.45908040712434156 -0.4614022116357605 -0.4623545187273772 -0.4628524913682776 -0.46324856746752907 -0.46380149402039583 -0.46465930533118877 -0.46550729482621855 -0.46636510818650884 -0.4675978682073757 -0.46947755973371447
-2.516838157290214 -2.2451896117557686 -1.9774715557234597 -1.7188394408249366 -1.4755338063594885 -1.2541258654834668 -1.0602288667997646 -0.8960865312735606 -0.7601747965667316 -0.6477456264627044 -0.5527951553114026 -0.46978853275870586 -0.3941615836084309 -0.3226423032296477 -0.25309573184883266 -0.18458074455217183 -0.11752579981920457 -0.053733162512192165 0.004492717331704193 0.056120791514468346 0.10233403399677302 0.14500753333113858 0.036758598762185776 0.06773528204494896 0.08777750510145751 0.09976568531256312 0.11055172393587696 -0.31049954224524684 -0.2855163799130494 -0.4381193350238729 -0.40159163338554704 -3.216843644598975 -2.5006856499913233 -2.166143312560802 -4.376002206487595 -4.146534864710453 -3.767413274177 -2.3985741934881615 -1.029735110470009 0.08079118863004181 0.32378955405960896 0.10627097522571737 -0.07638626981467218 -0.1709012104418609 -0.23919358253188314 -0.25290112752635213 -0.3022565076111521 -0.3414168301584405 -0.3654928308918819 -0.3641642118244034 -0.3168917087976009 -0.20524618358347566 -0.17830671161577577 -0.28934997710091576 -0.40989634688026627 -0.45031830507761234 -0.4567333253087867 -0.45872708969674053 -0.45801785706313886 -0.45898274139705864 -0.46130217042851396 -0.462333216068638 -0.4628487159433937 -0.46324856746752896 -0.46380149402039583 -0.46465930533118893 -0.46550791509065403 -0.466365108186509 -0.46759786820737576 -0.46947755973371447
-2.516838157290214 -2.2451896117557686 -1.9774715557234597 -1.7188394408249366 -1.4755338063594887 -1.2541258654834668 -1.0602288667997646 -0.8960865312735609 -0.7601747965667318 -0.6477456264627044 -0.5527951553114023 -0.46978853275870586 -0.3941615836084309 -0.3226423032296475 -0.25309573184883294 -0.18458074455217183 -0.1175257998192047 -0.05373316251219238 0.004492717331704671 0.056120791514468346 0.10233403399677302 0.14500753333113858 0.036758598762185776 0.06773528204494896 0.08777750510145751 0.09976568531256312 0.11055172393587696 -0.31049954224524684 -0.2855163799130494 -0.43811922657027536 -0.4015911980523419 -3.2196683029228867 -2.500069884756444 -2.124652626630145 -4.292016823423464 -4.126446109943224 -3.73505942494898 -2.3844340806145183 -1.0338087341262332 0.13413035941116364 0.3851655996717458 0.17164540720444516 -0.034412319469214483 -0.14183548706189814 -0.21800024889790653 -0.23290515735769365 -0.2867232692203573 -0.33197984276527315 -0.3598603293385388 -0.3603485617858882 -0.3141530116645793 -0.20088357707691637 -0.1692619936717316 -0.2806670667482202 -0.405842099581721 -0.4494944863733331 -0.45652861858857685 -0.45869640845098114 -0.45800959650990014 -0.45887689121517095 -0.4611974162498228 -0.46231191292341245 -0.46284494027991496 -0.46324856746752907 -0.46380149402039583 -0.46465930533118893 -0.46550791509065403 -0.466365108186509 -0.4675978682073757 -0.46947755973371463
-2.516838157290214 -2.2451896117557686 -1.9774715557234597 -1.7188394408249366 -1.4755338063594885 -1.2541258654834668 -1.0602288667997648 -0.8960865312735606 -0.7601747965667318 -0.6477456264627046 -0.5527951553114023 -0.46978853275870586 -0.3941615836084312 -0.3226423032296477 -0.25309573184883294 -0.18458074455217183 -0.11752579981920457 -0.053733162512192165 0.004492717331704193 0.056120791514468346 0.10233403399677302 0.14500753333113858 0.036758598762185776 0.06773528204494896 0.08777750510145751 0.09976568531256312 0.11055172393587696 -0.31049954224524684 -0.28551624628342653 -0.4381187716469934 -0.4015907603319762 -3.21906656005629 -2.4991630316124205 -2.110444048165855 -4.205506671898355 -4.113129169808317 -3.6834782734748828 -2.3601294796165067 -1.0367806838570663 0.19491302744010805 0.45349399577715244 0.24303516120203708 0.011954327652254956 -0.10950565409160745 -0.19427955783904782 -0.21057187081196435 -0.26860501649546753 -0.3206235744212383 -0.3525664133196207 -0.3560954615916532 -0.31119384936678457 -0.1959751743617175 -0.16030835139093136 -0.2715572127202627 -0.40125695149903284 -0.4486047386747762 -0.4563056294741737 -0.4586436062318717 -0.45804079520703 -0.45877644602614215 -0.46107186278289625 -0.4622876480372164 -0.46283889524754884 -0.46324803204806464 -0.4638014940203957 -0.4646593053311888 -0.46550791509065403 -0.466365108186509 -0.4675978682073757 -0.4694775597337145
-2.516838157290214 -2.2451896117557686 -1.9774715557234597 -1.7188394408249366 -1.4755338063594885 -1.2541258654834668 -1.0602288667997644 -0.8960865312735606 -0.7601747965667316 -0.6477456264627044 -0.5527951553114026 -0.46978853275870586 -0.3941615836084312 -0.3226423032296475 -0.25309573184883266 -0.18458074455217183 -0.11752579981920433 -0.053733162512192165 0.004492717331704193 0.056120791514468346 0.10233403399677302 0.14500753333113858 0.05120814992854217 0.06773528204494896 0.08777750510145751 0.09976568531256312 0.11055172393587696 -0.31049968972736725 -0.2855147630440247 -0.4381182957710954 -0.40159032021136204 -3.1922298982633004 -2.5010064281500703 -2.097204658757699 -4.071947866437155 -4.091958380523915 -3.630346563478236 -2.3347324233725395 -1.0391182815957372 0.2547872579669042 0.5196055665803276 0.3113883487940936 0.05798677583377931 -0.07672760633671401 -0.169892696290258 -0.18758991072133402 -0.24950800110938057 -0.3083800406698179 -0.34442148227547603 -0.3516174246957994 -0.3081198775311952 -0.19078898930139582 -0.15148324439837443 -0.26230054492739974 -0.39639855833295334 -0.44767832209671826 -0.4560722565768886 -0.458578168557764 -0.4580945512147332 -0.4586790977269989 -0.4609344477499482 -0.4622616913056187 -0.46283155330401893 -0.463247190624591 -0.46380149402039583 -0.46465930533118877 -0.46550791509065403 -0.46636510818650884 -0.4675978682073757 -0.4694775597337145
-2.516838157290214 -2.2451896117557686 -1.9774715557234597 -1.7188394408249366 -1.4755338063594887 -1.2541258654834668 -1.0602288667997646 -0.8960865312735606 -0.7601747965667318 -0.6477456264627044 -0.5527951553114023 -0.46978853275870586 -0.3941615836084312 -0.3226423032296475 -0.25309573184883266 -0.18458074455217183 -0.11752579981920433 -0.05373316251219238 0.004492717331704671 0.056120791514468346 0.10233403399677302 0.145007533331139 0.06728910209195439 0.06773528204494896 0.08777750510145751 0.09976568531256312 0.11055172811415995 -0.31049996013891795 -0.2855129824941597 -0.4381177979775799 -0.40158987767734006 -1.2044577210608343 -2.500830038582869 -2.0839652693494934 -3.9383890604873883 -4.05966960089684 -3.5772148534538037 -2.3034080244034194 -1.0296011938824696 0.300795213688337 0.5777616736295896 0.39315162425606565 0.11508673881185358 -0.03478117423085708 -0.1401415554524061 -0.16049822278345133 -0.22616236460915484 -0.29309202621808683 -0.33432848449426533 -0.3452207688881144 -0.30535703678475595 -0.18568438840925175 -0.14179283915520455 -0.2525044221618689 -0.39114886878639 -0.4464463391219539 -0.4557703251145458 -0.458486850334551 -0.4580900712978669 -0.4586170155653635 -0.460797793360305 -0.4622204387020633 -0.4628240192958271 -0.4632471226155639 -0.46380149402039583 -0.4646593053311888 -0.46550791509065415 -0.466365108186509 -0.4675978682073757 -0.46947755973371463
-2.5168381572902145 -2.2451896117557686 -1.9774715557234597 -1.7188394408249366 -1.4755338063594885 -1.2541258654834668 -1.0602288667997646 -0.8960865312735609 -0.7601747965667316 -0.6477456264627044 -0.5527951553114021 -0.46978853275870586 -0.3941615836084309 -0.3226423032296475 -0.25309573184883266 -0.1845807445521714 -0.11752579981920433 -0.053733162512192005 0.004492717331705052 0.056120791514468346 0.10233403399677302 0.145007533331139 0.09498069217715012 0.06773528204494896 0.08777750510145799 0.09976568260418268 0.11055175529455469 -0.31050022447351666 -0.2855108450405364 -0.43811724873456703 -0.4015892717138526 -0.6641370095322832 -2.5003285619770543 -2.070725879941238 -3.80487494190395 -4.025126670825054 -3.524083143404787 -2.2712393578498915 -1.0183955710009964 0.3436347380676673 0.632158029455372 0.4693838235326575 0.1706969647076605 0.0072555848220418944 -0.10999585933109267 -0.13327229080597403 -0.20210592130086705 -0.2771953234270515 -0.3240002996507904 -0.3384956775882183 -0.30228479531412306 -0.18059966981519524 -0.13218441112735282 -0.2425719221475487 -0.385704584395632 -0.445162702407266 -0.45544759674330626 -0.45839254216377245 -0.4580843492812319 -0.458547975275137 -0.4606561175456271 -0.4621778454301507 -0.462815748202832 -0.4632469526463444 -0.46380149402039583 -0.4646593053311888 -0.46550791509065415 -0.466365108186509 -0.4675978682073757 -0.4694775597337145
-2.516838157290214 -2.2451896117557686 -1.9774715557234597 -1.7188394408249366 -1.4755338063594887 -1.2541258654834668 -1.0602288667997646 -0.8960865312735606 -0.7601747965667318 -0.6477456264627044 -0.5527951553114026 -0.46978853275870586 -0.3941615836084312 -0.3226423032296475 -0.25309573184883266 -0.18458074455217183 -0.11752579981920433 -0.053733162512192165 0.004492717331704193 0.056120791514468346 0.10233403399677302 0.14500753333113858 0.12441387812095203 0.06773528204494896 0.08777750128884013 0.09976569821190268 0.11055178735028906 -0.31050048286772775 -0.28550786796594396 -0.4381155049636727 -0.40158858566394956 -0.5218411776082171 -2.4998270853712397 -2.057486490532935 -3.673915356344733 -3.9899588212210335 -3.468971438997278 -2.2365231358946067 -1.0040748316586288 0.3889714280725908 0.6911189297549145 0.5533603221636363 0.2336832590362868 0.05582787789288697 -0.07536152821270803 -0.10287609562788785 -0.17380060385833196 -0.25866229382185696 -0.31281553446188487 -0.3308962363923435 -0.29785547584377176 -0.1754129913461654 -0.12262906241402861 -0.2317449694488777 -0.3794756905755264 -0.4437718681956729 -0.45506601590873696 -0.4582953593920215 -0.4580939498243688 -0.45843919269779554 -0.4604942407989457 -0.4621352579832459 -0.4628046319612956 -0.4632461112704433 -0.46380149402039583 -0.46465930533118893 -0.46550791509065403 -0.466365108186509 -0.4675978682073757 -0.4694775597337145
-2.516838157290214 -2.2451896117557686 -1.9774715557234597 -1.7188394408249366 -1.4755338063594887 -1.2541258654834668 -1.0602288667997646 -0.8960865312735606 -0.7601747965667316 -0.6477456264627044 -0.5527951553114023 -0.46978853275870586 -0.3941615836084312 -0.3226423032296477 -0.25309573184883266 -0.18458074455217183 -0.1175257998192047 -0.053733162512192005 0.004492717331704671 0.056120791514468346 0.10233403399677302 0.14500753333113858 0.1302639036852771 0.06773527555803752 0.08777751621650674 0.0997657173542002 0.11055182515585088 -0.3105007354550453 -0.28550482423298157 -0.4381142108955242 -0.4015878938567853 -0.4960959066571228 -2.499325608765424 -2.0508823202488227 -3.542955770597719 -3.9547909715891723 -3.4017093004098182 -2.1945607677751644 -0.987412234177038 0.438776263133086 0.7538294287340906 0.6376689568495111 0.299106708872783 0.10739839906854819 -0.03815092271397477 -0.07068055834341361 -0.14308668821458342 -0.23808796414746972 -0.3006303226047888 -0.322772686211683 -0.2935051353337476 -0.1697399169093178 -0.11257802992960182 -0.22076013027242364 -0.37287693856475695 -0.4421626040767985 -0.45466403050684195 -0.4581687025129645 -0.45809881414759746 -0.45834458233984987 -0.46030877830275624 -0.462080094726351 -0.46279168534497406 -0.4632452698582017 -0.46380149402039583 -0.46465930533118877 -0.46550791509065403 -0.466365108186509 -0.4675978682073757 -0.4694775597337145
-2.5168381572902145 -2.2451896117557686 -1.9774715557234597 -1.7188394408249366 -1.4755338063594885 -1.2541258654834668 -1.0602288667997646 -0.8960865312735606 -0.7601747965667316 -0.6477456264627044 -0.5527951553114023 -0.46978853275870586 -0.3941615836084309 -0.32264230322964726 -0.25309573184883266 -0.1845807445521717 -0.11752579981920433 -0.053733162512192005 0.004492717331704671 0.056120791514468346 0.10233403399677339 0.14500753333113858 0.1316412473371279 0.06773528460665722 0.08777753471952646 0.09976574098660797 0.11055186974258437 -0.31050029051727596 -0.2855011853767833 -0.43811279368537326 -0.4015871962440545 -0.49246750107540116 -2.498653885360185 -2.0463471906529374 -3.4120556728216096 -3.903335225809073 -3.333488805288387 -2.151002877024351 -0.9685169479432545 0.49168710235913615 0.8185022085167364 0.7204862228872848 0.36545357710043885 0.1608981759541719 0.0011071063160001905 -0.03698243830006378 -0.1103210123796129 -0.21561851108194513 -0.2874565227616972 -0.31411606684341664 -0.28923399740239863 -0.1635661727823035 -0.1020267550197882 -0.20960991699435005 -0.36589798775530574 -0.4403234042293954 -0.4542403955549313 -0.45801074462083224 -0.4580986444711864 -0.45826502362234744 -0.4600982752020799 -0.4620115701008809 -0.4627767934889707 -0.46324442840723384 -0.46380149402039583 -0.4646593053311887 -0.46550791509065403 -0.46636510818650884 -0.4675978682073756 -0.46947755973371447
-2.516838157290214 -2.2451896117557686 -1.9774715557234597 -1.7188394408249366 -1.4755338063594887 -1.2541258654834668 -1.0602288667997646 -0.8960865312735606 -0.7601747965667318 -0.6477456264627046 -0.5527951553114023 -0.46978853275870586 -0.3941615836084309 -0.3226423032296477 -0.25309573184883266 -0.18458074455217183 -0.11752579981920457 -0.05373316251219238 0.004492717331704671 0.056120791514468346 0.10233403399677302 0.14500752590723867 0.13366319220170766 0.0677352958718554 0.08777755777774975 0.09976577041410159 0.110551924920743 -0.31050002481294947 -0.2854961559275571 -0.43811124161563375 -0.40158649277704717 -0.4872282107512298 -2.497778209506994 -2.041812061057047 -3.2813350523966185 -3.8428268786426765 -3.265268310143813 -2.104980515974194 -0.944692721111427 0.5370662545541276 0.8805937887421061 0.8099157013431016 0.44068715620835197 0.22215319208887305 0.04741819209515892 0.0016837139504848704 -0.07221220264237478 -0.18854403464038186 -0.2717237792931268 -0.30412392413438394 -0.282991379144176 -0.15752513103624893 -0.0910766354235416 -0.19773506915284714 -0.35839790790284326 -0.43821190098625556 -0.45366436461953036 -0.4578377007994748 -0.4580393967680362 -0.45816775554828126 -0.4598996746827221 -0.46193948692510406 -0.46276190263783334 -0.46323859137349055 -0.46380149402039583 -0.4646593053311888 -0.46550791509065403 -0.466365108186509 -0.4675978682073757 -0.46947755973371447
-2.516838157290214 -2.2451896117557686 -1.9774715557234597 -1.7188394408249366 -1.4755338063594887 -1.2541258654834668 -1.0602288667997646 -0.8960865312735609 -0.7601747965667316 -0.6477456264627046 -0.5527951553114026 -0.46978853275870586 -0.3941615836084309 -0.3226423032296477 -0.25309573184883266 -0.18458074455217183 -0.1175257998192047 -0.05373316251219238 0.004492717331704193 0.056120791514468346 0.10233402686032889 0.1450075282813787 0.13583477331915617 0.06773530989661228 0.08777758651260845 0.09976580720740356 0.11055199192598394 -0.3104997529330565 -0.28549000030587623 -0.43810954185382234 -0.40158554427670434 -0.481621064158548 -2.4969025336538015 -2.0372769314611516 -3.1478286717968427 -3.7908044338168465 -3.1970478149794594 -2.058622276433087 -0.9201967372988604 0.5770605676637119 0.9367100361013617 0.8906410816903395 0.5107637155060497 0.280551465660859 0.09286073512585424 0.039780838489493854 -0.034450760999980824 -0.16095682391582894 -0.25541395530393146 -0.29378824989105234 -0.2761296015314056 -0.15149702730491493 -0.08017230661959483 -0.18578962102566485 -0.35074650296141807 -0.43600621759875874 -0.4530380206207748 -0.45765572381420744 -0.4579642859809886 -0.4580632717392262 -0.4597007408035122 -0.46186539573118923 -0.46274683230920566 -0.4632315289811112 -0.46380137184636505 -0.46465930533118877 -0.46550791509065403 -0.46636510818650884 -0.4675978682073757 -0.46947755973371463
-2.516838157290214 -2.2451896117557686 -1.9774715557234597 -1.7188394408249366 -1.4755338063594885 -1.2541258654834668 -1.0602288667997646 -0.8960865312735604 -0.7601747965667318 -0.6477456264627046 -0.5527951553114021 -0.46978853275870586 -0.3941615836084309 -0.32264230322964726 -0.25309573184883266 -0.1845807445521714 -0.11752579981920433 -0.053733162512192005 0.004492717331704193 0.056120780870072336 0.10233402888239655 0.14500753120052706 0.13889655228073733 0.06773532735691772 0.08777762124344904 0.09976585314673694 0.11055207182009273 -0.310499474734066 -0.28548246636581315 -0.4381066981622119 -0.40158429310045807 -0.47394894142104393 -2.4960268578006084 -2.0327418018652508 -3.005782911226213 -3.7402175179667685 -3.128849526328076 -2.010428530968345 -0.8920075351098957 0.6032323525456159 0.9907728649194677 0.984646703451349 0.5944287238873207 0.3507967538526578 0.14755534074931886 0.08429275854890304 0.010884080215433583 -0.12650268089654204 -0.23483390884904534 -0.2814217564516804 -0.26736642043415365 -0.1440024846502491 -0.06894786135585872 -0.17249636598072532 -0.34155139662005224 -0.43343623269444576 -0.45232054407237376 -0.4573907825028821 -0.4579268193440572 -0.45792358367465724 -0.4594268933742694 -0.4617736563793321 -0.4627283776024481 -0.4632298462518279 -0.4637989538619575 -0.46465930533118877 -0.46550791509065403 -0.46636510818650884 -0.4675978682073757 -0.46947755973371447
-2.516838157290214 -2.2451896117557686 -1.9774715557234597 -1.7188394408249366 -1.4755338063594887 -1.2541258654834668 -1.0602288667997646 -0.8960865312735606 -0.7601747965667318 -0.6477456264627044 -0.5527951553114023 -0.46978853275870586 -0.3941615836084309 -0.3226423032296475 -0.25309573184883266 -0.18458074455217183 -0.11752579981920457 -0.05373316251219238 0.004492717331704671 0.05612078214704267 0.1023340314231257 0.1450075347845478 0.1422056097211023 0.06773534916744783 0.08777766143764358 0.0997659104186328 0.11055216708231869 -0.31049919006911325 -0.2854765157172894 -0.438102954273338 -0.40158302361060666 -0.4656913725317337 -2.4969492699022013 -2.030900701010785 -2.8657452124857614 -3.6896306020842555 -3.056516423965088 -1.9621202637880404 -0.8677241031927365 0.6314029385883877 1.045162801490466 1.0715939648422728 0.6741614716841091 0.4196077444242253 0.2027565532944417 0.1288481938826595 0.05668415415493355 -0.09078883143426983 -0.2129623768017928 -0.2681052811362475 -0.2583490987314941 -0.13626753334897543 -0.05736906656259939 -0.15913197486942326 -0.3321861767424331 -0.4306295417438638 -0.45153058377107436 -0.4571086406549336 -0.4578645200894463 -0.4577963445977421 -0.4591518246056182 -0.4616693049290652 -0.46270740728839754 -0.4632259945214009 -0.4637956951841258 -0.4646593053311888 -0.4655100576243799 -0.466365108186509 -0.4675978682073756 -0.46947755973371447
-2.516838157290214 -2.2451896117557686 -1.9774715557234597 -1.7188394408249366 -1.4755338063594885 -1.2541258654834668 -1.0602288667997648 -0.8960865312735606 -0.7601747965667316 -0.6477456264627044 -0.5527951553114021 -0.46978853275870586 -0.3941615836084309 -0.3226423032296475 -0.25309573184883266 -0.18458074455217183 -0.11752579981920433 -0.053733162512192005 0.004492717331704671 0.056120783753583724 0.10233403461555354 0.14500753925098894 0.1466162729982323 0.06773537630087144 0.08777771059801137 0.0997659828235059 0.11055228066880828 -0.3104985474457494 -0.2854714016944002 -0.43809858481659886 -0.4015817355391463 -0.4551741713975222 -2.498052654687501 -2.028843675134004 -2.763127428006577 -3.633540862718958 -2.981698116737138 -1.915302103357873 -0.8489060896306332 0.6643437530478701 1.104574576545757 1.1599682239277858 0.7574856529162801 0.4932044639501798 0.2633275907383175 0.1767785939593284 0.10662303959161078 -0.05084462640287398 -0.18793337599794652 -0.25268679893762613 -0.2486786523598687 -0.12794646055668385 -0.04485195505407988 -0.14526344313804282 -0.3223130249070312 -0.42734085658832466 -0.4505950212645262 -0.4567919808372531 -0.4577525671195377 -0.4576939458963494 -0.45887414377921953 -0.46153972158208806 -0.4626814052540589 -0.4632178046768204 -0.46379075505541567 -0.46465930533118893 -0.46551648549045266 -0.466365108186509 -0.4675978682073757 -0.46947755973371463
-2.5168381572902145 -2.2451896117557686 -1.9774715557234597 -1.7188394408249366 -1.4755338063594885 -1.2541258654834668 -1.0602288667997646 -0.8960865312735606 -0.7601747965667316 -0.6477456264627044 -0.5527951553114021 -0.46978853275870586 -0.3941615836084312 -0.3226423032296475 -0.25309573184883266 -0.18458074455217183 -0.11752579981920433 -0.053733162512192165 0.004492717331704671 0.05612078577307022 0.10233403862684093 0.14500754490198275 0.15138707806059865 0.06773541009404331 0.08777777072464756 0.09976607517980077 0.1105524221065743 -0.31049732537406366 -0.28545862520992893 -0.4380934852735734 -0.40158042861415283 -0.4439182636093192 -2.4967524392159635 -2.0267866492572217 -2.660509643513275 -3.5696612693529968 -2.9068798094967994 -1.8666151341179575 -0.8263504584496086 0.7031821057925111 1.166902539894361 1.2467723352465108 0.8466331570643577 0.5719796062741627 0.33029331822159075 0.23070538512048824 0.1610247540892759 -0.006044570258316951 -0.1591121906298665 -0.23522819927723732 -0.2375036413214297 -0.11915280838103526 -0.032060998843868066 -0.1303628754642584 -0.31154781797879605 -0.4238188651896062 -0.44953118227279176 -0.45644488945173417 -0.45761839195333653 -0.4575341124363834 -0.4585900190801466 -0.46140279930496886 -0.46265088153247175 -0.46320909623057416 -0.4637888588969969 -0.46465930533118877 -0.4655189527284199 -0.46636213781341956 -0.4675978682073757 -0.4694775597337145
-2.5168381572902145 -2.2451896117557686 -1.9774715557234597 -1.7188394408249366 -1.4755338063594885 -1.2541258654834668 -1.0602288667997646 -0.8960865312735609 -0.7601747965667316 -0.6477456264627044 -0.5527951553114023 -0.46978853275870586 -0.3941615836084309 -0.3226423032296475 -0.25309573184883266 -0.1845807445521714 -0.11752579981920433 -0.053733162512192005 0.004492717331704671 0.05612078831164585 0.10233404369066791 0.14500755201497734 0.157119343909386 0.06773545218156106 0.08777784426381041 0.09976618650131217 0.11055258851435486 -0.31049598994774597 -0.28544272448488145 -0.438087533666028 -0.40157833183188574 -0.4304973344375708 -2.495344759783508 -2.024729623380439 -2.5575939438309923 -3.5057816759520906 -2.8320615022460327 -1.817156324138597 -0.8022511457903989 0.7434786628945111 1.226835495997391 1.3259911908464936 0.9303513990333314 0.646879347562195 0.39564970015046325 0.28455997220272244 0.21463321930526244 0.039159593776414335 -0.12909511810777657 -0.21691212486954317 -0.22557028832852538 -0.11014999580528871 -0.01925838447416825 -0.1150784489844653 -0.3003685448614545 -0.42016584055121353 -0.4483890005183645 -0.45607899110139893 -0.4574704022222995 -0.45733856187181976 -0.45830195827308806 -0.4612613259706636 -0.4626175425102137 -0.4632000648166184 -0.46378885889699684 -0.46465930533118877 -0.4655189527284199 -0.4663573171468903 -0.4675978682073757 -0.46947755973371447
-2.516832315689225 -2.245186486506215 -1.977469868520359 -1.718838510712121 -1.47553327519358 -1.2541255464601997 -1.0602286626610304 -0.8960863913847061 -0.7601746942677293 -0.6477455474963227 -0.5527950918526138 -0.469788480340137 -0.39416153956732514 -0.32264226587549094 -0.2530957000220771 -0.18458071737042356 -0.11752577652636483 -0.05373314240137094 0.004492734919197233 0.056120791513104486 0.10233405007330335 0.145007560918412 0.16321696688574025 0.06773550459922438 0.08777793143508708 0.09976631826142685 0.11055278767279932 -0.3104945306528598 -0.2854229357068 -0.43807911691680546 -0.4015758174579162 -0.41626311306332336 -2.4939370803510514 -2.022672597503655 -2.4376481933128926 -3.434215938911888 -2.757364480557928 -1.7644492215856908 -0.7715339624129806 0.7738816065183587 1.2889042221271565 1.416232491409443 1.0270354967428097 0.7347395156223264 0.4726637438694897 0.34673121769356574 0.278381498608365 0.0939024987039476 -0.09188955922794818 -0.19435108091335862 -0.21157084133782797 -0.09945989688245112 -0.00524320758617546 -0.09872026937876323 -0.2876648368780629 -0.4154545458546272 -0.4470962391607432 -0.4556247761633525 -0.45732764375776874 -0.45717591768426663 -0.4579245097305654 -0.46106324467197635 -0.46258081750009816 -0.4631910346494963 -0.4637866849826279 -0.4646593053311888 -0.4655189527284199 -0.46635683084839785 -0.46759706371791826 -0.4694775597337145
-2.5168308089448375 -2.245185680396596 -1.977469433331598 -1.7188382708031926 -1.4755331381870624 -1.2541254641727644 -1.0602286100063893 -0.8960863553023912 -0.760174667881174 -0.6477455271280802 -0.5527950754843318 -0.4697884668195206 -0.394161528207555 -0.3226422562405226 -0.25309569181282265 -0.18458071035928217 -0.11752577051831091 -0.053733137214073814 0.004492739455638412 0.05612079554108376 0.1023340581043425 0.1450075721414661 0.16884245552627922 0.06773557006240029 0.08777803430843684 0.09976648072019596 0.11055302602753604 -0.3104929360003496 -0.2854005377905657 -0.4380681553293282 -0.401573234880179 -0.401096917325212 -2.4925294009185937 -2.0210006969876315 -2.3183871045859465 -3.342263372562543 -2.683028492726436 -1.7116083440348304 -0.7401881951762223 0.7999669543105223 1.3442310628974115 1.495441130280743 1.1146930564499025 0.8158473821438132 0.5457618611716293 0.40638145444564183 0.33935215288678894 0.14752342747338706 -0.05432565825674144 -0.17105312395439587 -0.19691101188099736 -0.08852752577327719 0.008865568853697017 -0.08236884009787447 -0.27481435355569994 -0.4104979216072669 -0.44569489069917767 -0.4551570405137594 -0.4571615340470253 -0.45701033789003676 -0.4575439387467767 -0.4608515354606658 -0.4625403604774146 -0.46318051551493766 -0.46378426714781645 -0.46465917707035814 -0.4655189527284201 -0.46635683084839796 -0.46759633167894044 -0.46947755973371447
-2.5168289149280643 -2.245184667094053 -1.9774688862865155 -1.7188379692304547 -1.475532965965704 -1.2541253607349414 -1.0602285438178898 -0.8960863099458121 -0.7601746347124619 -0.6477455015245722 -0.552795054908897 -0.46978844982368906 -0.3941615139279735 -0.32264224412907094 -0.253095681493537 -0.1845807015460611 -0.11752576296600274 -0.053733130693480645 0.004492745158084369 0.05612080060437741 0.10233406820950848 0.14500758628969343 0.1742613899974815 0.06773565080343802 0.0877781589145824 0.09976668305242133 0.11055331177447288 -0.3104905459220026 -0.28537441049518525 -0.4380547901861729 -0.401570582249031 -0.38551888139823537 -2.4948263780420543 -2.019609440690618 -2.2465457419489563 -3.261566736720215 -2.6086925048887957 -1.655998446474021 -0.7033043879199944 0.8175224503970127 1.3937362889800107 1.5715240343627936 1.2104971844725978 0.9059762255032603 0.6302069699673716 0.4739843981978526 0.40776194413749567 0.20966086075621934 -0.010083519153720012 -0.14333341427620164 -0.17909528021571933 -0.07657206284094582 0.02409813180643036 -0.06481459865308697 -0.2609742814591789 -0.40481865638367365 -0.4438711592666228 -0.4546715468531801 -0.4568876618136336 -0.45681479208782216 -0.45719332654536426 -0.46060681083979843 -0.4624848148076179 -0.4631632965539834 -0.4637818492040819 -0.46465847175931363 -0.4655189527284199 -0.46635683084839796 -0.4675963316789403 -0.4694775597337145
-2.516826532739963 -2.245183392616012 -1.9774681982414737 -1.7188375899276038 -1.4755327493543662 -1.254125230636042 -1.0602284605693109 -0.896086252898576 -0.7601745929945136 -0.647745469321759 -0.5527950290301425 -0.4697884284471811 -0.3941614959678285 -0.3226422288958915 -0.25309566851445403 -0.1845806904612315 -0.11752575346708595 -0.05373312249220438 0.004492752330336984 0.056120806972736186 0.1023340809244731 0.1450076039936747 0.17807869734996737 0.06773575121334857 0.0877783096929452 0.09976693588686615 0.11055366016805038 -0.31048750445403683 -0.2853427393439705 -0.43803849455791866 -0.40156785766469305 -0.37345777521058754 -2.5015614636994563 -2.0182181843936036 -2.174704379309865 -3.1871260010046374 -2.534356517045975 -1.6035304163040904 -0.6727043154463759 0.8374911026679481 1.4422622468655037 1.6435910534147378 1.305562804597297 0.9954520939562385 0.7147347244186085 0.5451095020942222 0.4775081917888492 0.2738498614158682 0.03731272949962281 -0.11338574558960184 -0.15949428620157446 -0.06332862289035657 0.03966165464357297 -0.04653078836221469 -0.24605818071758415 -0.39870833277181744 -0.441926522205507 -0.45409871701258625 -0.4566149697664156 -0.45659780622202895 -0.4568013838354753 -0.4603434344323346 -0.46242401866901095 -0.46314607846573397 -0.4637771358489746 -0.46465809419578574 -0.4655189527284199 -0.46635683084839785 -0.4675963316789403 -0.46947755973371447
-2.516823536561137 -2.245181789646409 -1.9774673328542853 -1.7188371128598667 -1.4755324769115823 -1.2541250670041904 -1.060228355863423 -0.8960861811474181 -0.7601745405237648 -0.6477454288186699 -0.552794996481138 -0.46978840156087676 -0.3941614733784553 -0.3226422097363582 -0.2530956521900116 -0.184580676519286 -0.117525741519822 -0.053733112177047834 0.004492761351238423 0.05612081498254009 0.10233409610370241 0.14500762612088738 0.18109519541864538 0.06773587608354985 0.08777849214071465 0.09976721447314599 0.11055407263529847 -0.31048402616788595 -0.28530434854834336 -0.4380186260455574 -0.4015636152179789 -0.363150101524349 -2.5082965493568254 -2.016826928096589 -2.1103879836893924 -3.1126852652693797 -2.4600205291987898 -1.5539157692174848 -0.6478110091400838 0.859968899577261 1.4901284315918921 1.7126030364971216 1.3989341648132598 1.08357994193013 0.7986121118906713 0.6185029364192003 0.5480253464270257 0.3395054089937299 0.0874813731382737 -0.08120641301406768 -0.13801193471513998 -0.048685406358752986 0.05562749985821031 -0.02742924621695803 -0.22996806908254472 -0.392110471301914 -0.43984319059255395 -0.45342556134627904 -0.4563436088476831 -0.45635614211977504 -0.4563619041826227 -0.46005858617579104 -0.462357175253051 -0.46312886127899566 -0.4637697782635395 -0.4646580941957858 -0.4655189527284199 -0.46635683084839785 -0.4675963316789403 -0.4694775597337145
-2.516819764928823 -2.2451797717982727 -1.9774662434866073 -1.7188365123163127 -1.4755321339543208 -1.2541248610205822 -1.0602282240571779 -0.8960860908253581 -0.7601744744723374 -0.6477453778324165 -0.5527949555076748 -0.4697883677157546 -0.39416144494241273 -0.3226421856178804 -0.25309563164041293 -0.18458065896883113 -0.11752572648032082 -0.05373309919208201 0.004492772706965623 0.05612082506547356 0.10233411378810284 0.14500765385329603 0.18258393348306753 0.06773603137266525 0.08777869973825317 0.09976753297180732 0.11055456675436721 -0.310480048331644 -0.28528579580717783 -0.43799191442932955 -0.40155736116616186 -0.35928900635323996 -2.5150316350141613 -2.015435671799574 -2.06913838129824 -3.0299023544655634 -2.388272782846079 -1.5032979538424567 -0.6183231247585182 0.8876205794743204 1.5468203600228485 1.790582371462285 1.4990212132455136 1.1801768288306107 0.8929800790762306 0.699512286158656 0.6265547593771155 0.41509700654668796 0.14503475962303938 -0.04291936704486802 -0.11309609688633987 -0.031570490340107574 0.07348066683710955 -0.007305569223210345 -0.2123323610621002 -0.38408763699363896 -0.4372723848668353 -0.4526755226856096 -0.45599111939455556 -0.45613229712899905 -0.455904975109637 -0.4596809352468648 -0.46227092318757235 -0.4631006616760498 -0.4637624206373746 -0.4646531104172277 -0.4655182355298797 -0.46635683084839785 -0.46759145213107856 -0.4694775597337145
-2.516815015500604 -2.245177230811295 -1.9774648716907226 -1.7188357560755685 -1.475531702081517 -1.2541246016333056 -1.0602280580785848 -0.89608597708621 -0.7601743912962726 -0.6477453136273523 -0.5527949039113381 -0.46978832509586854 -0.3941614091339757 -0.32264215524638973 -0.25309560576307766 -0.18458063686820492 -0.11752570754164306 -0.053733082840603456 0.004492787006804439 0.05612083776253161 0.10233413552736545 0.14500768898627273 0.1832046324418376 0.06773622214623154 0.08777894973329221 0.09976791660452965 0.11055515868889061 -0.3104754992057319 -0.28527010285663174 -0.4379579413652913 -0.40155074298303783 -0.3590923063208357 -2.5189182088468596 -2.013960564874954 -2.027888778906628 -2.9140458829037574 -2.316647561062445 -1.4525489549829744 -0.588450348836399 0.9158533146427029 1.6010948225807653 1.8622168322728019 1.5876913515822988 1.2665894553239314 0.9781930429350542 0.77397047822399 0.6989020845226566 0.48561877113360447 0.20024454083305612 -0.00477968538600845 -0.08783674266543479 -0.01401767889727041 0.09151315950351199 0.012637474338919092 -0.19460051952701402 -0.375669838203199 -0.4345283801678639 -0.45189478824313034 -0.45560828554049804 -0.4559114323284128 -0.455442855640939 -0.4592719458656084 -0.46217722128522665 -0.46306872827878465 -0.4637549897677885 -0.46464662384001154 -0.4655173051359218 -0.46635683084839785 -0.46758512215183823 -0.46947755973371447
-2.516809039676722 -2.245174033673208 -1.9774631456550362 -1.7188348045487303 -1.4755311586845723 -1.254124275263329 -1.06022784923857 -0.8960858339756543 -0.7601742866412436 -0.6477452328422955 -0.5527948389910211 -0.46978827147003444 -0.3941613640785447 -0.32264211703191464 -0.25309557320330617 -0.18458060906042037 -0.11752568371233359 -0.053733062266598984 0.004492804999364706 0.05612085373841626 0.10233416225123068 0.14500773343506368 0.18344756917903346 0.06773645747804621 0.08777924938144681 0.09976837786782326 0.11055586780217014 -0.3104704218995232 -0.28524340925116526 -0.4379155574030464 -0.4015437394737369 -0.35901775800955166 -2.5186663294571976 -2.012451292271306 -1.979217126993117 -2.809946237692427 -2.245022339276357 -1.396954265073201 -0.5488861908138181 0.9500312221697655 1.6530250577237213 1.9330227105932931 1.6894450670598589 1.3668689131535356 1.0797410635084101 0.8663983082993834 0.7830039980651009 0.5704190786615856 0.26839523327000253 0.04173926906373256 -0.05549998142768838 0.0068895470372514565 0.11159965972204994 0.0354170494662885 -0.17457118765357263 -0.3662790394722808 -0.4311222188178505 -0.4509331678163738 -0.45512385276436007 -0.4555913981641264 -0.45499297985595605 -0.45885428171563125 -0.4620545070184193 -0.46303598217681907 -0.4637452147220784 -0.4646459185550592 -0.4655173051359218 -0.46635683084839785 -0.46758512215183834 -0.4694775597337145
-2.5168015208017 -2.2451700109550283 -1.977460973905959 -1.718833607307149 -1.4755304749643854 -1.254123864613491 -1.0602275864688586 -0.8960856539089859 -0.7601741549606407 -0.6477451311957162 -0.5527947573060074 -0.46978820399613286 -0.39416130738822297 -0.32264206894912234 -0.2530955322354591 -0.1845805740716908 -0.11752565372946015 -0.05373303637966348 0.004492827638236482 0.056120873839835585 0.10233419510261936 0.14500778992691735 0.18344766776273258 0.06773674911840466 0.08777960854459546 0.09976893181313419 0.11055672239397132 -0.3104633776920656 -0.2852098722661106 -0.4378626813610432 -0.40153632821042917 -0.35901645412472843 -2.5217529909633205 -2.010942019667657 -1.9029979490226134 -2.72248967784423 -2.1733971174881863 -1.340544618828782 -0.5076921201222595 0.9766537197247818 1.6955950773200994 1.9945484969201632 1.7825279413054915 1.4602171686374728 1.1725634366167381 0.95339095180478 0.8627763824558952 0.650485287156801 0.33468513892614354 0.08877833063072388 -0.022492794335566495 0.028912090213834514 0.13216229616413952 0.058218226187733146 -0.15405458438627134 -0.35615259971223406 -0.42754391681357895 -0.4498736660551742 -0.45460596296408995 -0.45526198279680025 -0.45450049643565676 -0.458393848891177 -0.46192369978741366 -0.4630006753540085 -0.463734682843693 -0.4646452132725663 -0.4655173051359218 -0.46635683084839796 -0.46758512215183823 -0.4694775597337145
-2.516792736545335 -2.245165311196611 -1.9774584366307357 -1.7188322085549534 -1.4755296761645829 -1.2541233848452478 -1.0602272794710283 -0.8960854435343284 -0.7601740011161492 -0.6477450124404315 -0.5527946618721271 -0.469788125165314 -0.39416124115602835 -0.32264201277323895 -0.25309548437207746 -0.18458053319380505 -0.1175256186999949 -0.05373300613554813 0.004492854087588235 0.05612089732464165 0.1023342357700352 0.14500786147972403 0.1834477891268923 0.06773711054036728 0.08778003904331702 0.09976957090958073 0.1105577597659857 -0.310455132101319 -0.28517232340512133 -0.4377966366906385 -0.4015236893704528 -0.3590126700089604 -2.5251315478639014 -2.0094327470640074 -1.8277724040848833 -2.6350331179867053 -2.1017718956982514 -1.2810405475220354 -0.4603091993062529 0.9910693231076213 1.7266195707297494 2.0497093051384425 1.878154172099124 1.5581232056085332 1.2678046512702659 1.0452406182520555 0.9471708632160238 0.7347366028125011 0.40605274876678377 0.14104173744335577 0.014074021238370515 0.05417827274112687 0.15464143411433467 0.08228644938215104 -0.13160427198453306 -0.3442602827018833 -0.4235630003578271 -0.44859800173477227 -0.45401421897222516 -0.4549117400426872 -0.45391421534253873 -0.4578393292285228 -0.4617751105691623 -0.46295974976901705 -0.46372249073385874 -0.4646445079941012 -0.4655173051359218 -0.46635683084839785 -0.46758512215183834 -0.46947755973371447
-2.5167822495625205 -2.245159700386524 -1.9774554074862758 -1.71883053863968 -1.4755287225074474 -1.2541228120674677 -1.0602269129573734 -0.8960851923755391 -0.7601738174466793 -0.647744870662706 -0.5527945479369932 -0.46978803105198397 -0.3941611620837477 -0.3226419457068316 -0.2530954272296719 -0.18458048439113628 -0.11752557687954879 -0.05373297002816168 0.004492885664538779 0.05612092536232714 0.10233428599005213 0.14500794991313834 0.18344793853555577 0.06773755844069303 0.0877805511620356 0.09977029607791298 0.110559006265612 -0.3104454802614127 -0.28513028315741795 -0.43771490235137106 -0.4015073646656506 -0.3590088586810232 -2.5285101047644742 -2.007923474460358 -1.8093469899471695 -2.5383589256908445 -2.032843365705374 -1.2197294992003058 -0.4066156326616889 1.008538234751306 1.7628258480786103 2.110867039522312 1.9753224692754543 1.6582389195286447 1.369337395238833 1.1402809595748375 1.0344765618392135 0.8250492832290388 0.48225973101515507 0.19814169471645343 0.05507617190863649 0.08188479562605101 0.17903197013670427 0.10806753931448027 -0.10767196322281132 -0.3309116486308475 -0.4184583600684104 -0.44720793223195665 -0.45327589504632626 -0.45452826638395427 -0.453358253601492 -0.45723130882282303 -0.46158419987040566 -0.4629100777981021 -0.4637059155304104 -0.46463982969853135 -0.46551730513592193 -0.46635683084839796 -0.46758512215183834 -0.46947755973371463
-2.5167683452498757 -2.2451522611184656 -1.9774513911725777 -1.7188283245069154 -1.4755274580555355 -1.2541220526218866 -1.0602264269969552 -0.8960848593640223 -0.7601735739192285 -0.6477446826795212 -0.5527943968703082 -0.46978790626703815 -0.3941610572417379 -0.3226418567834175 -0.2530953514644997 -0.18458041968362765 -0.1175255214297756 -0.053732922153339385 0.004492927532452473 0.05612096253752401 0.10233434784351315 0.1450080593804258 0.1834481228742848 0.06773811489514744 0.087781158639859 0.09977115437922669 0.11056050405085441 -0.31043418238245263 -0.28507555611260255 -0.4376051070250857 -0.4014892314527479 -0.3590005993889181 -2.5318886616650382 -2.006071218619262 -1.790921575809405 -2.4172357628526764 -1.9655624549018884 -1.158932693088837 -0.35230293124720813 1.0276099917288555 1.8007354672118878 2.1716275684852184 2.0649681858375883 1.7505392608350738 1.4642043518558179 1.228759741331221 1.1164163273072134 0.91067553576251 0.5555561485866289 0.25479073353093934 0.09700390258773382 0.11035708290243179 0.2040543286589858 0.13430121817078228 -0.08333412602813844 -0.31679809290469874 -0.4126374578753387 -0.44574247375936565 -0.4524390978633399 -0.4541224313008437 -0.452822998266339 -0.45658744181153793 -0.46136466045998104 -0.4628544797984616 -0.4636863692169003 -0.46463245787670426 -0.4655173051359218 -0.46635683084839785 -0.46758512215183834 -0.46947755973371447
-2.516750302204852 -2.245142607326331 -1.977446179233935 -1.718825451230573 -1.4755258171743069 -1.2541210670868486 -1.0602257963640598 -0.8960844272133903 -0.7601732578924201 -0.6477444387327521 -0.5527942008302567 -0.46978774433292925 -0.3941609211876803 -0.3226417413870045 -0.2530952531436068 -0.18458033571232565 -0.11752544947228721 -0.053732860025907714 0.004492981864685923 0.05612101077999305 0.10233442402529791 0.14500819650505017 0.18344835215689673 0.0677387883203389 0.08778188477205201 0.09977216075783435 0.11056230377799137 -0.3104204487889696 -0.2850208806402208 -0.43746622966986215 -0.4014690894673892 -0.3589885276170199 -2.533708819954681 -2.003954582830429 -1.7680875771616986 -2.312758267352372 -1.8981951947647095 -1.1028147864227953 -0.3074343780566463 1.0514577868140755 1.8485672307939756 2.238672848650396 2.1568164974818114 1.8549300123238335 1.570296901904681 1.3367956696427727 1.210459452816601 1.0073501706181534 0.6424347112017579 0.3215470248700247 0.1469737554858152 0.14471175281971985 0.23205984324956508 0.16389121982610969 -0.055782087369062254 -0.30078726623049473 -0.4058712280186151 -0.44364911673396573 -0.4514996563731608 -0.4535952713631968 -0.4522034721993554 -0.45592931319761476 -0.46110590735854606 -0.46278597812094857 -0.4636668207038193 -0.46462508501862815 -0.4655108135633569 -0.46635683084839785 -0.4675843358672263 -0.4694755802162438
-2.5167275964965428 -2.245130458547159 -1.9774396202131859 -1.7188218353027889 -1.4755237521703426 -1.2541198268159548 -1.0602250027277949 -0.8960838833619784 -0.7601728601799902 -0.6477441317313282 -0.5527939541183085 -0.46978754054251715 -0.39416074996671524 -0.32264159616321236 -0.2530951294089674 -0.1845802300363202 -0.11752535891539498 -0.053732781839920384 0.004493050240591155 0.05612107149206632 0.10233451785455225 0.14500836970133116 0.18344863714420273 0.06773961941441625 0.08778275273427756 0.09977333725291579 0.11056453377437295 -0.31040356232881455 -0.28497768573043936 -0.43729058050330716 -0.401446716289731 -0.3589759907616155 -2.533078089212263 -2.0018379470415955 -1.7319527436995508 -2.2175322177788077 -1.8308279346267025 -1.0500284551612993 -0.26922897567541226 1.0760976601229464 1.891046407513416 2.298196841549988 2.2393819779729673 1.9483729554578657 1.6650773174902727 1.4330126031189276 1.2966876007289185 1.0950923297101367 0.7223809385379826 0.38553234639199996 0.19589645533554154 0.1792599650186286 0.2601865987923909 0.19323240730070979 -0.028205014774492217 -0.2842369415461156 -0.3986910129479843 -0.44141750493772985 -0.45050335111800466 -0.4530421682581967 -0.45156339531737555 -0.45523017743530436 -0.4608323001325622 -0.4627141118365232 -0.4636456931430936 -0.4646175982632811 -0.4655044648874012 -0.4663560515839653 -0.4675825303627349 -0.46947369155216373
-2.516699023551169 -2.245115170059915 -1.9774313659712515 -1.718817284780342 -1.4755211534224286 -1.2541182659674692 -1.06022400395615 -0.8960831989379594 -0.760172359668202 -0.6477437453771263 -0.5527936436369713 -0.46978728407692166 -0.3941605344890093 -0.32264141340234676 -0.25309497369170786 -0.18458009704543882 -0.11752524495157372 -0.05373268344460203 0.004493136290141488 0.056121147896857154 0.10233463416106844 0.1450085891788169 0.18344898981497332 0.06774064509194369 0.08778378170299608 0.09977479329513743 0.11056726538802886 -0.3103835521757106 -0.28493078227646546 -0.43706844441515436 -0.40141571651878205 -0.3589629285670939 -2.532256462152745 -1.99972131125276 -1.7025492344021085 -2.122306168201783 -1.7634606744879855 -1.0037065278295054 -0.24395238115382786 1.1057843183228182 1.9191573826712387 2.3497358601662923 2.32932618234135 2.051332944465795 1.769889032301369 1.5368900158916188 1.394655769866767 1.1930521489306354 0.8107405600294751 0.45979962665073343 0.252177174627084 0.21956036086762082 0.2926815015117645 0.22562165994399908 0.0029931250104562857 -0.264328583951211 -0.3896993993152938 -0.4388807054649675 -0.4492790293981159 -0.45243902898648536 -0.4508739215589129 -0.4543256264752311 -0.4605092172309547 -0.46263399969973773 -0.4636163764987719 -0.46460952120930316 -0.4655035054574251 -0.4663512314291335 -0.46757600276396005 -0.46947369155216373
-2.5166645617267536 -2.2450967299959657 -1.977421410017722 -1.71881179606114 -1.4755180188662416 -1.254116383299224 -1.0602227992534756 -0.8960823733957964 -0.7601717559579781 -0.6477432793620306 -0.5527932691386035 -0.4697869747315644 -0.394160274582667 -0.3226411929586038 -0.25309478586759226 -0.18457993663357336 -0.1175251074898932 -0.05373256476144317 0.004493240081999069 0.056121240055332 0.10233477868557658 0.1450088651241103 0.18344942570337774 0.06774191090996894 0.08778503379739287 0.09977656183502064 0.11057057286329239 -0.3103598406886763 -0.28487985233090324 -0.4367906269967835 -0.4013717793022683 -0.35894956531837685 -2.5314348350932256 -1.9976046754639245 -1.6937797109089041 -2.0268736228636453 -1.6961881038825193 -0.9559221217954359 -0.21565613969390499 1.1345766578823766 1.945052912558524 2.4014335351224494 2.4173215475983434 2.1494842536027114 1.87131392701501 1.639230259812682 1.4882474653893825 1.2881656282019578 0.8993249300700359 0.5338655829450012 0.3108433793927684 0.26178401439212573 0.32618958572053297 0.2592569821098002 0.03501642978567246 -0.24363292407056092 -0.3798252178932359 -0.43605239249487804 -0.4479508156767303 -0.4517443078688686 -0.4501896931392533 -0.45341404163063115 -0.4601204035906681 -0.46254513977940037 -0.46358271875414286 -0.4646014442698507 -0.4655025460253289 -0.46634855366804395 -0.46757237647037236 -0.46947369155216373
-2.516621736236323 -2.2450738136975956 -1.977409037034619 -1.7188049747543614 -1.475514123258077 -1.2541140435225353 -1.0602213020485507 -0.8960813474106893 -0.7601710056655268 -0.6477427001971942 -0.5527928037108971 -0.46978659027615255 -0.39415995157018163 -0.3226409189903435 -0.25309455243909995 -0.18457973727311036 -0.11752493665199551 -0.05373241726155625 0.004493369074924832 0.05612135459024731 0.10233495716303213 0.1450092103291518 0.1834499644456731 0.06774346858748961 0.08778659155579442 0.09977867136696983 0.11057457759381546 -0.3103317434832348 -0.2848145644069921 -0.4364448398661497 -0.40132028349396365 -0.35893041782519464 -2.5306132080337056 -1.994452399458637 -1.6850101874156913 -1.9306224001445096 -1.6329966568700593 -0.9084796306277083 -0.18396260437306938 1.1627566262537048 1.9688923025784362 2.453869089595126 2.504294272542349 2.2445383947860327 1.970443995220918 1.7403839417347977 1.579103347105062 1.3815057542841769 0.9883466446352717 0.6083563864244588 0.37213310366706737 0.3063012875325365 0.36107756087219517 0.2945037883374871 0.0682190774324635 -0.22190440423864324 -0.36887224707136856 -0.43286236749000395 -0.4464929389521942 -0.4509353930457304 -0.449511723178043 -0.452493248045212 -0.459649567404623 -0.4624453480595978 -0.4635436356135772 -0.4645933674360011 -0.46550158659005353 -0.46634855366804395 -0.46757237647037236 -0.46947369155216373
-2.5165657795170993 -2.2450438691795607 -1.9773928689177787 -1.7187960610340305 -1.4755090326452909 -1.2541109859906074 -1.060219345553247 -0.8960800066873702 -0.7601700252075109 -0.6477419433628916 -0.5527921955044974 -0.46978608788171206 -0.3941595294673882 -0.3226405609769897 -0.25309424740184366 -0.18457947675489622 -0.11752471340618835 -0.05373222451314523 0.004493537639004174 0.05612150426103931 0.10233517756993549 0.14500964242980516 0.1834506472477782 0.06774538732481199 0.08778846890641995 0.09978117097097372 0.1105794265607227 -0.3102972076957778 -0.28472921181160765 -0.43600993849936354 -0.401259929917559 -0.35890679602649683 -2.528295775224643 -1.9910183247946247 -1.6745781725998212 -1.8409910152340287 -1.5698063515907743 -0.8579485257789591 -0.14609069995666457 1.183125898392603 1.995108923234637 2.4989762695358033 2.579227001749923 2.3442691565947738 2.074256857954569 1.8514378635830002 1.6808033251778831 1.4806841824574888 1.0855878113243833 0.692439286766304 0.4400683593724575 0.35749865439768774 0.4001411234033735 0.33262613853075235 0.10512715119699031 -0.1971325136336025 -0.3567267895637583 -0.4290112080511612 -0.4447870207949317 -0.4500088928947025 -0.44869442361817924 -0.451469512211874 -0.4591288611715807 -0.4623211909205015 -0.4634956172843788 -0.46457992953244687 -0.46549595250108194 -0.46634855366804384 -0.4675669783649041 -0.4694720532595513
-2.5164953606240417 -2.245006182866609 -1.9773725199999166 -1.7187848421650556 -1.4755026255017545 -1.2541071377015471 -1.0602168830504146 -0.8960783192106612 -0.7601687911709336 -0.647740990785891 -0.5527914299952577 -0.4697854555508246 -0.3941589981942131 -0.32264011036892537 -0.25309386347128565 -0.18457914885752305 -0.11752443242114903 -0.05373198191318357 0.0044937497997236476 0.05612169264200798 0.10233544975668273 0.14501019093299028 0.18345145576019317 0.06774775339070273 0.08779073141549062 0.09978412039782773 0.11058527696848797 -0.31025425320592964 -0.28463359579237907 -0.4354630835067371 -0.40118919651944907 -0.3588704098859511 -2.524942982911474 -1.9875842501306094 -1.6579756892501143 -1.7607307413978075 -1.5069357755499935 -0.8076158770821686 -0.10829597860540373 1.2004482022213758 2.0212169350653446 2.539427330132785 2.6441723047209855 2.4322524336864184 2.165353046951481 1.9487200732048597 1.7714815689809353 1.5685227663346741 1.172419164577689 0.76951721814937 0.503645014806536 0.4070555954108183 0.43841406403430705 0.3696771750505593 0.14133053021454334 -0.17217950962372972 -0.34432191493168635 -0.4249323126137228 -0.4429872933054472 -0.44903715741635275 -0.4478257958191759 -0.4504070022767829 -0.4585875837331519 -0.46218765311164123 -0.4634441293842683 -0.464564399950641 -0.4654886208392104 -0.4663484787867358 -0.46755963116295596 -0.4694697707735037
-2.516406745099047 -2.244958754165521 -1.9773469094751523 -1.7187707221049706 -1.4754945613748038 -1.2541022941549906 -1.060213783675626 -0.8960761953011004 -0.760167237973096 -0.6477397918411864 -0.5527904664997128 -0.4697846596777355 -0.39415832951561003 -0.32263954321807237 -0.2530933802429593 -0.1845787361544477 -0.1175240787635303 -0.05373167656833932 0.0044940168326895735 0.05612192974495429 0.10233579087120392 0.14501088457530437 0.18345244510936884 0.06775067107062438 0.08779345809968979 0.09978775563976697 0.11059238529248616 -0.31020270055204463 -0.2845264848829279 -0.4347848364895641 -0.40109159677395734 -0.3588260368352767 -2.521558346253437 -1.984150175466592 -1.6414904854387204 -1.6805295767383668 -1.4440651995089198 -0.7536960738392988 -0.06332694816202226 1.223789905650192 2.0558777675519764 2.5909220930488357 2.72170015576732 2.5347985844732506 2.276481564950187 2.059803745285648 1.8782238474239077 1.673970713134694 1.2744973205283143 0.8610489337720516 0.5826790254677865 0.46641417922787815 0.4843836716859333 0.41386912745716853 0.18410566473878764 -0.14140508157765216 -0.32681812395045806 -0.42016898313772355 -0.44060614497039485 -0.44780872172717956 -0.44692679043278943 -0.4491571371034857 -0.4578197031107989 -0.4620274085854784 -0.4633805876530546 -0.4645408764542434 -0.4654867019816127 -0.46634107723973356 -0.46755963116295596 -0.46946456846086293
-2.516300721727441 -2.244902002546374 -1.9773162630752201 -1.718753825083646 -1.4754849111459023 -1.2540964979027787 -1.0602100746502234 -0.8960736536097964 -0.760165379252175 -0.647738357055772 -0.5527893134772486 -0.4697837072499381 -0.39415752930223114 -0.32263886450364304 -0.2530928019592345 -0.18457824226884273 -0.11752365553810898 -0.05373131115922749 0.0044943363936388704 0.056122213488379966 0.10233621618790133 0.14501175853686124 0.18345366139047709 0.06775426896030659 0.08779685655794227 0.09979228844227929 0.11060099286915932 -0.3101408299943047 -0.2843666501692698 -0.43420373082483993 -0.4009658628101611 -0.3587904930251951 -2.518173709595392 -1.9807161008025713 -1.6317094600223077 -1.601857679642798 -1.3795287153873725 -0.7012353446418578 -0.022941973889839026 1.2483317453238745 2.0869080634694144 2.6399129921197138 2.795229710296352 2.627011630220488 2.3755948366044386 2.162027983997233 1.9742642547896532 1.7689282018507675 1.3691494658478858 0.94571102260074 0.6572268404042833 0.5248967308806831 0.5292828214731615 0.45687684350237656 0.22577947051519376 -0.11069118076401234 -0.3089332868129036 -0.4147910600018591 -0.43810782220617284 -0.4464624583461959 -0.4459823533293432 -0.44789413856031407 -0.45699472104023975 -0.461851332042882 -0.46331059511678196 -0.46451735423897134 -0.4654810169904479 -0.4663358442252631 -0.4675574566398916 -0.4694602303721559
-2.5161654128067523 -2.24482956576447 -1.9772771438659504 -1.7187322557660758 -1.4754725922406204 -1.2540890986789914 -1.0602053398564089 -0.8960704089781808 -0.7601630064717149 -0.6477365254550519 -0.5527878415649239 -0.46978249140983597 -0.3941565077739774 -0.32263799807700566 -0.25309206373925075 -0.1845776117888763 -0.11752311526077304 -0.0537308446884497 0.004494744336017618 0.05612257570716519 0.10233674359519185 0.14501285964910604 0.1834551566551501 0.06775836511960912 0.08780114112327438 0.09979778231946479 0.11061141587371723 -0.3100665784167264 -0.28419553368572104 -0.4334550721497252 -0.40081287149186445 -0.3587618183052439 -2.5147890729373383 -1.9760338758037599 -1.6219284346058862 -1.5476364368757676 -1.3169310344961989 -0.6518642063333866 0.013202621834965542 1.2769810917940794 2.1134485051751253 2.6903186173416236 2.8738788021863484 2.7213111775055734 2.47693204826375 2.271082220740003 2.0731296723873553 1.8666311801951827 1.4701810240197388 1.0346186838458076 0.7364704968939221 0.5895714050476757 0.5772073951580604 0.5023348730152255 0.26979210979244617 -0.07757427764614439 -0.28930865209646855 -0.4078946779559835 -0.4353116305308562 -0.44482868427575495 -0.444926112889802 -0.44659457166627714 -0.45603053018530953 -0.4616369950791416 -0.46322502674084687 -0.4644938333146457 -0.46546624357519695 -0.4663358442252631 -0.46755003446771426 -0.46945797777622317
-2.515991504923679 -2.2447364498699653 -1.9772268525719043 -1.7187045251701227 -1.4754567540529122 -1.254079585511246 -1.0601992522984556 -0.8960662373159658 -0.7601599557521048 -0.6477341705350383 -0.55278594910057 -0.46978092818112666 -0.3941551943750308 -0.3226368840948 -0.253091114594606 -0.18457680116756187 -0.11752242061470691 -0.05373024493692967 0.004495268836396216 0.05612304141978232 0.10233739759814647 0.14501424658627454 0.1834570231128152 0.06776346834844803 0.08780637116458402 0.09980442735506478 0.11062403714055222 -0.3099729822325847 -0.2840114408904919 -0.4325645393659824 -0.4006267267551278 -0.3587320509919819 -2.514735864598795 -1.9700087342771715 -1.6150823810295565 -1.5007175008867364 -1.2559051062089637 -0.6008592661771864 0.05418657385934374 1.3100666234322063 2.135693160309144 2.727807670202693 2.9383300616030237 2.8095421037465726 2.5792051136154273 2.3787067975061675 2.1791890423205187 1.966408441354792 1.571295741862181 1.1294270881083346 0.8191348047777134 0.65813780204111 0.6289616653429108 0.5501055130428918 0.316974683734051 -0.04080338735981417 -0.2669352110699404 -0.4002366544451593 -0.4320231616039004 -0.4430356048073249 -0.4437355096894137 -0.4451090094898823 -0.4549803506171817 -0.46139410848890244 -0.46312962565418125 -0.4644614212090776 -0.4654540668634729 -0.4663315824593478 -0.46754261256307494 -0.4694527297875283
-2.5157726960809086 -2.244619267944195 -1.9771635563224144 -1.718669621600367 -1.475436818441508 -1.2540676110392794 -1.0601915896624792 -0.8960609862631667 -0.7601561156673569 -0.6477312062807163 -0.5527835669592001 -0.46977896046376466 -0.3941535411303233 -0.3226354818657624 -0.25308991985491847 -0.18457578079431267 -0.11752154622556359 -0.053729489996574994 0.004495929054112626 0.05612362763817293 0.10233820858376003 0.14501600323248712 0.1834593662754226 0.06812612902928261 0.0878127553048318 0.099812445284953 0.11063907406082299 -0.30985507964875736 -0.2838018810957199 -0.4315056250354977 -0.4004002633680164 -0.35867803894972333 -2.5118212845049146 -1.963982413030498 -1.6084936314393388 -1.4703463771512613 -1.1949067515204486 -0.5490996330865601 0.09670748535140908 1.3450199277162103 2.1549019517046903 2.7570192844498536 2.993066237349614 2.889425681355531 2.673759992287517 2.476834667923863 2.2791495683138727 2.059314434592504 1.6645691225366734 1.2196724507326158 0.8981108114047349 0.7250580045705275 0.6808006127430895 0.5975014367703525 0.36428769260503757 -0.0028624083741098545 -0.2431525485438759 -0.39208295963589423 -0.4283867956721504 -0.44112857866678945 -0.44244760119713655 -0.4434891747640639 -0.45386795703792526 -0.4611302622924789 -0.4630269917769976 -0.4644224616853564 -0.46544380288696696 -0.4663241814515148 -0.4675351908889084 -0.4694452753996912
-2.515497425507464 -2.2444718092884153 -1.9770838948262193 -1.7186256904687942 -1.4754117256483874 -1.2540525385560664 -1.060181944456624 -0.8960543765530119 -0.760151281981379 -0.6477274750330683 -0.5527805684402229 -0.469776483598081 -0.3941514601056245 -0.3226337168063294 -0.25308841597243126 -0.1845744963955672 -0.11752044558445371 -0.05372853971184894 0.004496760106477569 0.056124365543656046 0.10233922523339363 0.1450182331241505 0.183462265106486 0.0690796242512779 0.08782051841470086 0.09982238463857755 0.11065675824676752 -0.30971139799932423 -0.28356334620341267 -0.4302470251353623 -0.40011299918115956 -0.3585898545502717 -2.50666738182527 -1.9579547928315817 -1.6017973159169099 -1.4282984807607348 -1.134320352998135 -0.49216341830599347 0.14999351638968014 1.3784076150511009 2.177326571681269 2.786911214453153 3.0526463936116564 2.9800518834255785 2.7813159785518944 2.5885024008219952 2.3876816987348812 2.1649713444114655 1.7722783189223017 1.319043504294232 0.9915006817333603 0.8031378527245928 0.7392665797788865 0.6507316456609751 0.4167796618859281 0.040893148952187805 -0.21424313252863014 -0.3816395219601798 -0.42408177095828875 -0.4387443011932983 -0.44101574505808716 -0.44166977064876756 -0.4523432965437507 -0.4607976947723343 -0.4628970892008052 -0.46437085262913735 -0.46542802103892145 -0.4663209189322539 -0.4675277692607961 -0.46943782105867293
-2.515151168419541 -2.2442862625095246 -1.976983639338775 -1.718570397178963 -1.475380141416452 -1.2540335663672078 -1.0601698035739913 -0.8960460565285476 -0.7601451975131672 -0.6477227782606892 -0.552776793995513 -0.4697733657904803 -0.3941488405686248 -0.3226314949959431 -0.253086522923428 -0.18457287962618996 -0.11751906012398192 -0.053727343515896975 0.004497806215874847 0.056125294402149355 0.10234050507788935 0.14502104892135406 0.18346585137466745 0.07471947036876835 0.08783033581880083 0.09983458354143658 0.11067801607750222 -0.3095363122918826 -0.2832469128192435 -0.429296193866875 -0.39974341682817377 -0.35851379866833116 -2.5015143454534274 -1.9519248381677108 -1.5933015954718126 -1.367046098384449 -1.0737901676636628 -0.4356757441643804 0.20243867933795837 1.4087289584322045 2.1999003314347436 2.8169067292268277 3.109200965281578 3.061834326124964 2.8763277634898996 2.6877658188285984 2.4845858504032123 2.2587837933477934 1.8684604757291874 1.4090660586327097 1.076223764473339 0.8761166218849894 0.7951548751123015 0.7014383129429058 0.4669510315805615 0.08378416370348622 -0.18506438829167676 -0.37043894778426384 -0.4195093530030475 -0.43622320701749046 -0.4395124909593301 -0.4398002196927632 -0.45073414646291493 -0.46043218269418545 -0.46275789825782154 -0.4643159255144838 -0.4654101510101737 -0.4663172910265293 -0.4675203477758436 -0.469430366862007
-2.514715696051086 -2.244052810981502 -1.9768574717673773 -1.718500804622607 -1.4753403868104773 -1.2540096855702956 -1.0601545212517909 -0.8960355836031617 -0.7601375385751048 -0.6477168660893524 -0.5527720428141603 -0.469769441161623 -0.3941455431477633 -0.3226286982225076 -0.2530841399866467 -0.18457084446387878 -0.11751731612841165 -0.05372583776274825 0.00449912304288115 0.0561264636358125 0.10234209954129436 0.14502461159948893 0.18347040479655136 0.0891438857367323 0.08784264986703541 0.0998494038200807 0.11070356948860825 -0.3093229757467117 -0.2828833029423591 -0.4283306243703505 -0.39928640497799195 -0.35845074015983275 -2.496360586922285 -1.941890833362348 -1.584768852309485 -1.305880626354703 -1.0140591167493649 -0.3747314105055952 0.2645962957408428 1.4322579999986822 2.2249350919665445 2.8541857107595434 3.1729898582751126 3.149433838214832 2.9786817529647798 2.799560932084411 2.595633420200695 2.360889596196649 1.9760064413912557 1.512754321443788 1.1689009250886238 0.9592736279172366 0.8585720836148267 0.7563647678407773 0.5222329125477279 0.1328151726077095 -0.1515155805447632 -0.3559195390723888 -0.41381020028734133 -0.43329223401788153 -0.4377008589321025 -0.43779343445779045 -0.44899941603961024 -0.45993438232270445 -0.46258941544790255 -0.4642534728754351 -0.46538511829130125 -0.46630730940483944 -0.46751292659757615 -0.4694229129739394
-2.5141681577133745 -2.2437591281245752 -1.9766987082461411 -1.718413219640331 -1.4752903501860886 -1.2539796270712003 -1.06013528512911 -0.8960224009863811 -0.7601278979464815 -0.6477094241559345 -0.5527660622564219 -0.46976450101764855 -0.3941413924978641 -0.3226251777612199 -0.2530811404423822 -0.18456828268170905 -0.1175151208538066 -0.053723942377374344 0.004500780615955042 0.05612793542441467 0.10234408596346561 0.14502911822783413 0.1834763089140453 0.11476746589479532 0.0878578303948306 0.09986743493116639 0.11073428615562984 -0.3090651062146814 -0.28249516083060944 -0.4272608178926543 -0.3987214081811168 -0.3583838208052029 -2.4852911205699737 -1.9308930065778138 -1.5762250303875875 -1.2447334069816054 -0.9545155771258107 -0.313083380674526 0.32834881577909186 1.4586130794627574 2.252568134409835 2.8945165172073573 3.2294542422733494 3.2256852429962484 3.076489800010276 2.9029036775652304 2.702113757835313 2.4612213921830213 2.0768932141491043 1.6121835377026223 1.2615777252457445 1.0404425622763727 0.9227924225535998 0.8124411934981043 0.5778288893581347 0.1837147981192839 -0.11479778615361418 -0.34036560511847225 -0.40739112260423593 -0.4300666564635164 -0.4357352558944186 -0.43560612324811565 -0.4470588563117048 -0.45938213049292986 -0.4624002793474601 -0.4641813558252762 -0.4653592726233734 -0.46629732776874333 -0.46750273659678454 -0.4694154590317298
-2.5134799142882187 -2.2433897318615768 -1.9764989443944412 -1.71830299563532 -1.4752273739149333 -1.253941793373382 -1.0601110725384735 -0.896005807708546 -0.7601157629428367 -0.6477000566749299 -0.5527585342431012 -0.46975828260593877 -0.39413616785197175 -0.32262074636030796 -0.25307736474365694 -0.18456505801561637 -0.11751235752973696 -0.05372155654004033 0.004502867105710641 0.05612978805666086 0.10234656069510932 0.1450343271590006 0.18348346974676283 0.16431595972560462 0.08787654452699346 0.09988939260999107 0.11077109757012604 -0.3087405211554325 -0.28205018791171765 -0.4260758210565774 -0.3980231052597407 -0.35828872767345404 -2.470648771280894 -1.919892772947482 -1.5666165262980984 -1.1959266711462075 -0.8953302113869834 -0.25022471655598827 0.39488077827705337 1.488578435162729 2.2835622102456816 2.9387846538582343 3.28044828533367 3.294456808195629 3.1726475623435864 3.002022293067657 2.8069118208053254 2.561780082208004 2.174718206064349 1.7101623666524353 1.3557984519876052 1.1216637380280476 0.9891086904273131 0.8708016090982649 0.6349303804511371 0.23749356038400554 -0.07404326395091206 -0.3233850407144575 -0.4000060476256413 -0.4264418229694043 -0.4335603936094494 -0.4331736398707814 -0.44483964081130223 -0.45875600652731363 -0.4621831184362504 -0.4640961237805318 -0.4653323232045371 -0.46628734603113986 -0.46748878871405486 -0.46940800497033397
-2.512642598830975 -2.242939959519735 -1.9762556090524885 -1.7181686994226797 -1.4751506347757792 -1.253895688518434 -1.0600815655940794 -0.8959855857313664 -0.7601009740286908 -0.6476886404565485 -0.5527493597544821 -0.4697507041206374 -0.3941298004700007 -0.32261534571114786 -0.25307276320597033 -0.18456112802953467 -0.11750898978944492 -0.053718648850581856 0.0045054099735007454 0.056132045916622186 0.10234968211417218 0.14504051535697057 0.183492359795439 0.20077517813261792 0.08789958955629469 0.09991630349313717 0.11081346562406547 -0.308343288816072 -0.28154013475493295 -0.4247630312621976 -0.3971438322558907 -0.3581735507790128 -1.0104552671596558 -1.9088925385450322 -1.556893432511167 -1.1532622261944592 -0.8362820243523383 -0.19080416837649364 0.4546736876011386 1.5233023559939953 2.306042734520395 2.962819422255959 3.3255160481898667 3.3695370659169948 3.2743358213363525 3.1130095809518887 2.9152927325571785 2.667138729204535 2.2815223769412944 1.8131181294355008 1.4558048658834586 1.2134290403838528 1.0607632725660054 0.9324741459209036 0.69507316201957 0.29669057082067196 -0.027763546484411396 -0.3005299558949226 -0.3915594081982367 -0.4220465784573542 -0.4310032100525696 -0.4305909482993471 -0.4422796624395414 -0.457947550959759 -0.46193167175580185 -0.46398959872132417 -0.46529493699943014 -0.4662739579764119 -0.46747421000983114 -0.46939528180224777
-2.5116046463223944 -2.2423818558971584 -1.9759535036364382 -1.718001921226895 -1.4750553207220634 -1.2538384193315135 -1.0600449119462934 -0.8959604653059983 -0.7600826024806883 -0.6476744585208114 -0.5527379625687743 -0.4697412895620921 -0.39412189040942985 -0.32260863658504535 -0.2530670467894106 -0.18455624586231295 -0.11750480608629936 -0.053715036658748445 0.004508568954213047 0.05613485083685621 0.10235360269882691 0.1450486571618062 0.18350342529000668 0.2051665275595342 0.08792802764769886 0.09994938500391093 0.11086400786865314 -0.3078572399478624 -0.2808545223310119 -0.4234493070370446 -0.39604445001971267 -0.358047810162793 -0.8972352494864146 -1.8978923032551172 -1.544766607133574 -1.1105438268735137 -0.7768281255830025 -0.13441678264859597 0.5079945602873632 1.558001938423813 2.32484719420673 2.9790829856052383 3.3661311448985103 3.43901684605802 3.3642867079634615 3.211122621918846 3.009813614780162 2.7596730072509725 2.3759941623748815 1.9038996258687326 1.544548149241969 1.296991326443588 1.1272252787053092 0.9901521915248221 0.751390035367745 0.3528749564900683 0.01740289364770029 -0.276277679676918 -0.3827932112854965 -0.4173675293790862 -0.4282991833669079 -0.4279561063865919 -0.43958978570202767 -0.457064856684139 -0.46166613175231913 -0.4638742746834498 -0.46525323032052623 -0.46625915922179806 -0.46745937030029056 -0.46938037630600427
-2.5102765002104275 -2.2416668168829768 -1.9755661877751176 -1.7177880263313225 -1.474933056429769 -1.2537649498228796 -1.0599978871578333 -0.8959282360854925 -0.7600590315751072 -0.647656262735174 -0.5527233395814921 -0.46972921029175113 -0.394111741432457 -0.3226000284358857 -0.25305971231781926 -0.1845499817640025 -0.11749943814728275 -0.05371040199564459 0.004512622124550537 0.05613844972874788 0.10235850460354465 0.14505927704753638 0.183517198497117 0.20851984943693846 0.08796395577986087 0.09998972750341181 0.11092430012982077 -0.3072626513282269 -0.28009218277202075 -0.42209075603031126 -0.39468023469790914 -0.35786909211567564 -0.8091093242976277 -1.883210184080614 -1.5314078556377482 -1.074041536417316 -0.7196933722873765 -0.07591964820044857 0.5678540758878434 1.6022388294075984 2.3480496988045965 2.9997946815547816 3.4184302091962424 3.522866893597409 3.466774225210701 3.3224374733122097 3.1299464299233004 2.869410309123178 2.484772834617327 2.0171104915287037 1.6490608215193152 1.3943501742632844 1.2092324752118082 1.05843849040424 0.8166221927201314 0.4195916947732278 0.07322699165175191 -0.24574386322183137 -0.3702023201492821 -0.4116873393969174 -0.4248809326426728 -0.4249573126210619 -0.4367021665170463 -0.4559031037254798 -0.4613164743989525 -0.4637284338253656 -0.4651959557621935 -0.46623924896256064 -0.4674445280634987 -0.4693654682735642
-2.5085946485934785 -2.240759903824006 -1.9750745189137249 -1.7175163795460135 -1.4747777434429494 -1.253671609209015 -1.0599381395685257 -0.8958872854981883 -0.7600290816024275 -0.6476331422429105 -0.5527047586953053 -0.46971386151002936 -0.39409884535397577 -0.3225890902088514 -0.25305039249992545 -0.18454202203327752 -0.11749261714175127 -0.05370451274780295 0.004517772479692219 0.05614302283864106 0.10236463343658755 0.14507263811210416 0.18353452399200976 0.2089278685020916 0.08800851146752119 0.10003920722343088 0.11099622149604908 -0.30660255000161457 -0.2792402679098083 -0.42060899345719527 -0.3929885440719333 -0.35763038179420975 -0.793821642159108 -1.864253909669626 -1.5178337016282688 -1.0535254229723003 -0.6642683837782102 -0.019072632819125673 0.626123118141162 1.6428718867597956 2.371444458721323 3.021798102335601 3.462248370016403 3.592709690102398 3.556597698448854 3.42135092631205 3.2343753573583514 2.9685313155437933 2.5820006520070926 2.1168170186428856 1.745352669048948 1.4841072762935261 1.285516973758619 1.1234276981898723 0.8783319024636416 0.48337961473334945 0.1282151549914679 -0.2138118217697983 -0.35700834610437415 -0.40549744833002177 -0.42124958640138876 -0.42178890368115984 -0.4335731365247312 -0.4546623918167298 -0.46094240109929707 -0.46356991319350704 -0.4651337195112182 -0.4662172694491422 -0.46742790716314536 -0.4693499471791837
-2.506486823506259 -2.239621006453999 -1.9744564175654167 -1.7171746836365624 -1.4745823210675337 -1.2535541445736367 -1.059862943557933 -0.8958357441500532 -0.7599913848018213 -0.6476040409120308 -0.5526813710055495 -0.46969454189532045 -0.39408261286978985 -0.3225753220310611 -0.2530386613985909 -0.18453200287420668 -0.11748403130585215 -0.05369709972961641 0.004524255438249733 0.05614877920409742 0.10237229626914535 0.14508944356133882 0.18355640782174718 0.20939148286669723 0.08806370736149348 0.1001000064001283 0.11108272837432587 -0.3058245721023067 -0.2782558460039883 -0.4189933232095447 -0.3908925356890094 -0.3573679645088394 -0.7773326440048072 -1.8452976346716403 -1.5041264117847963 -1.0280732176261458 -0.6091075060563862 0.04063542921211314 0.6903783644816786 1.6809447438319134 2.39696565146616 3.0482429258176835 3.4946798127605425 3.6514329964126437 3.6457406999350384 3.5234981584906513 3.3398722900814195 3.0732453474291983 2.6829239657673005 2.2185321433461547 1.8493922040269661 1.580215794140906 1.3663052881989768 1.1933194491460557 0.9436102595817862 0.5523355984623617 0.18960530258569158 -0.17588170095141537 -0.34183655089206383 -0.39789358854924733 -0.4170347613386706 -0.4181507796321149 -0.4297835324964497 -0.4532148378197195 -0.460505189648994 -0.46337837090618367 -0.4650586755139002 -0.46618991317553693 -0.46740654371012547 -0.46933279092292757
-2.5038480451640432 -2.2381916443158953 -1.9736796267017624 -1.7167449533673655 -1.4743364567364536 -1.2534063302978158 -1.0597683085615492 -0.895770874813872 -0.7599439383428113 -0.6475674121811774 -0.5526519333786404 -0.4696702244175375 -0.3940621809798014 -0.322557991861913 -0.25302389524358804 -0.18451939151656613 -0.11747322406644335 -0.05368776872124902 0.004532415769889654 0.05615602496072224 0.10238192472621635 0.14511057897021892 0.1835837713813147 0.21003025439072415 0.0881320825415197 0.10017443660460135 0.11118645125878791 -0.30489276496997997 -0.2771186804117693 -0.4172322104981848 -0.3886141566132149 -0.3570836062786702 -0.7567456677715321 -1.826341358987719 -1.4903956232040914 -0.9982436281411468 -0.5541293385011947 0.10276570147758615 0.7596607414573151 1.7138433780147664 2.423465103128091 3.0787432243209785 3.5289719941976276 3.7120902225790404 3.7346841540601483 3.6262357005558212 3.4465475826515797 3.175914014243631 2.784555903332864 2.3219988803126648 1.9510786830942801 1.6781365076545862 1.450489177948699 1.2645259252725012 1.0100923820122503 0.6231310661744427 0.25515348631611395 -0.13105273052065525 -0.3238340634600586 -0.38930192569493893 -0.41210979055751884 -0.4143133746621235 -0.4257779462035488 -0.45139679520314846 -0.4599943491165238 -0.46315754912614643 -0.4649667130844142 -0.4661570138349769 -0.467384683228265 -0.469312745437297
-2.500548734025945 -2.2363988895467033 -1.9727036993282663 -1.7162045716310612 -1.474027136940093 -1.2532203190315223 -1.0596492022757125 -0.8956892248537194 -0.759884215564282 -0.647521304817994 -0.5526148773107702 -0.4696396131828743 -0.39403646072606324 -0.3225361759680626 -0.2530053069069525 -0.1845035156521419 -0.11745961926055885 -0.053676022239090286 0.004542688559075299 0.05616514644139428 0.10239404698012958 0.14513716605296564 0.18361798631404155 0.21070895168779463 0.08821595952924027 0.1002654961948403 0.11131041137369761 -0.3037771457970824 -0.27565139635697233 -0.414728117110174 -0.3863101480713175 -0.3567621795709701 -0.7347163735722639 -1.8073815014191243 -1.470312604509776 -0.9682547802832528 -0.4994932560927769 0.16447799234980148 0.8284492407932236 1.742848678572575 2.45024096386745 3.1113718066058045 3.563789031620176 3.771521653645303 3.8183260648575192 3.72205108578818 3.5459079824357906 3.27061726894943 2.8794832521333182 2.4188934197240664 2.044820231816431 1.7703648131599854 1.5315914706780096 1.3331831018601745 1.0744367172590625 0.6916792579157002 0.3201687328739367 -0.08331327339413758 -0.3039949990074697 -0.38000100347713545 -0.4066469797626214 -0.4103276168039736 -0.4216118166998844 -0.4492874978804369 -0.4594249171943312 -0.4629133557594304 -0.4648612248731613 -0.4661196804030504 -0.46736242530116995 -0.4692903884784059
-2.4964303840202753 -2.2341523686313316 -1.9714781632282607 -1.7155252113242991 -1.4736380309730976 -1.2529862528867366 -1.0594992995360708 -0.8955864532438913 -0.7598090390909704 -0.6474632647909836 -0.5525682299717287 -0.4696010781559358 -0.3940040823104956 -0.3225087123490661 -0.25298190620269756 -0.18448352951588415 -0.11744249206024823 -0.053661234426101684 0.004555621168642027 0.05617662968117303 0.10240923642989228 0.14516833074799912 0.18366111593900608 0.21153133255458292 0.08832018019499627 0.10037581799506302 0.11145854960215718 -0.3024420751082634 -0.2739021713278124 -0.41225718992994664 -0.38360795665038 -0.3563046847533003 -0.7068958833202932 -1.7819441084555399 -1.4486758900964898 -0.9382467949322215 -0.4482550987797223 0.2285097130609839 0.9052745249024516 1.7791902960390713 2.4820840216688596 3.137396823498983 3.600222957034516 3.8388448378979065 3.908278995833723 3.824670123418387 3.6572327055175835 3.3794049361402987 2.9834987138834936 2.5274888269377302 2.1540565898272352 1.8710690092956161 1.6241816528740944 1.413564754858729 1.1454518773769988 0.7679692852154607 0.3949505893986831 -0.02779778424577861 -0.27797116479828976 -0.36832357926602993 -0.4000480288755893 -0.40557331719513423 -0.4169281462526676 -0.4468310167035039 -0.45868820317379744 -0.46261217046879244 -0.4647340071975711 -0.46607182466122343 -0.4673284802557316 -0.46926178642279326
-2.4913010368509414 -2.2313408255223823 -1.969940334639868 -1.7146715271951545 -1.4731487117735944 -1.2526917850141088 -1.0593106725216548 -0.8954571168667704 -0.7597144239504208 -0.6473902138781805 -0.5525095164972817 -0.4695525743593145 -0.3939633271495302 -0.3224741430689455 -0.25295245072390043 -0.18445837187816422 -0.11742093296056165 -0.05364261994924162 0.004571900446931163 0.05619108457982527 0.10242826899183963 0.14520509301180703 0.18371585740348395 0.21232844887982488 0.08844915135770463 0.10051001208368304 0.11163557101084771 -0.3009776925250262 -0.27195513739290894 -0.4095338352188119 -0.3804419119022492 -0.3556961602724018 -0.6773542149979275 -1.7537952119533262 -1.4270145661391938 -0.9177705933957963 -0.40267702770444447 0.28561593361367094 0.9739088949324815 1.8157517098389082 2.5121918991998538 3.1604179301565614 3.6356238759070427 3.9002241970519465 3.986892568191689 3.91507565805017 3.7546393830454625 3.4754163201210053 3.075785838943762 2.623165450070594 2.2508969005058046 1.9619703047646828 1.7080581814561895 1.487807988310219 1.2115225590609306 0.8385227559390735 0.46504350137004413 0.027158290341111335 -0.251135317752351 -0.3559284713600907 -0.39305507176458426 -0.40060182345913664 -0.4120226588776923 -0.44420460671624495 -0.45789290591158005 -0.46228918385162265 -0.46459781851391396 -0.46601925602267424 -0.4672929674584435 -0.46923143651154886
-2.48492906788496 -2.2278272817839455 -1.9680121953548513 -1.7135992729243312 -1.4725335298305646 -1.2523213866434202 -1.059073341506663 -0.8952943604083399 -0.7595953498304496 -0.6472982734043138 -0.5524356180928054 -0.46949152451735054 -0.39391202918028106 -0.3224306304842565 -0.25291537442220585 -0.18442670501588349 -0.11739379545914684 -0.05361918881030097 0.004592392258258577 0.05620928000937366 0.10245211678152635 0.1452505104363164 0.18378392808648733 0.212976164455678 0.08860874063299988 0.10067368720054191 0.11184755653300935 -0.29942235464264966 -0.2698230737850647 -0.406534092268324 -0.3767366716957422 -0.3549966352959334 -0.6407721744431659 -1.7256463151951165 -1.4063431593797224 -0.8988836443597208 -0.35589235923854806 0.34036462524236666 1.0366216097239114 1.8588432123490368 2.5352811451382298 3.177143199470235 3.6753032204000085 3.957934495686517 4.059566539274766 4.011971621190453 3.8590530654916146 3.5795969833089685 3.1778060915482316 2.7272940491902515 2.3577774558020907 2.068623822100081 1.8010421835796535 1.5698674679281872 1.2849729081982455 0.9171031114740243 0.5459569530126261 0.09870330105945588 -0.21900642954768343 -0.34007253658562775 -0.3842900247654609 -0.39486035559345434 -0.40598643602483814 -0.440764161346586 -0.45690007439769215 -0.4618867097297745 -0.4644267688020627 -0.4659471979337608 -0.46726240380658546 -0.4691971318062208
-2.4771491380372077 -2.2235060529939377 -1.9656311727136844 -1.7122722513663315 -1.4717712845634188 -1.2518621525374418 -1.0587789884556595 -0.8950924606534809 -0.7594476214731637 -0.6471842002053763 -0.5523439259427991 -0.469415772180836 -0.39384837563651254 -0.3223766364201062 -0.25286936627383305 -0.18438740891665065 -0.11736011954897373 -0.05359011198177359 0.004617821726456948 0.056231859899016134 0.10248211926658184 0.1453065096918935 0.1838691533218619 0.21355610593968632 0.08880620127506139 0.10087053282909468 0.11209198873315895 -0.29761702978225507 -0.2673629367550679 -0.4032321115881529 -0.3737753463942399 -0.35418312952135966 -0.6029612174802544 -1.6974974182203835 -1.3860145145124176 -0.8732561531974976 -0.30927670175717775 0.3955040026069326 1.100284706971614 1.904603358260154 2.560891597106243 3.195911816601141 3.705580259739263 4.010360580724994 4.130734311449449 4.102102506990946 3.957568104800579 3.677131461503481 3.273922417462913 2.827049320763406 2.457660970172556 2.167618499921622 1.8914461703093026 1.6497158380767258 1.3558607054348788 0.9920919118792628 0.6244039897848517 0.17075472437945968 -0.18121474372195928 -0.3229031512687453 -0.3745810482028845 -0.38864178154974904 -0.3998121912787751 -0.43683968164850007 -0.45574974262172296 -0.46143882051310925 -0.4642334000860482 -0.4658660486938716 -0.4672258475331489 -0.46915862740881087
-2.4676169713618745 -2.218164716508297 -1.9626733732630188 -1.710619289636587 -1.470820432262017 -1.251288838264121 -1.0584113571808942 -0.8948402382652136 -0.7592630465819759 -0.6470416623501587 -0.5522293472335227 -0.46932110798945126 -0.3937688282544063 -0.3223091587331027 -0.2528118675895647 -0.18433829776217142 -0.11731803173533485 -0.05355377162121125 0.004649603898731066 0.05626008082890932 0.10251981315455012 0.1453754088187567 0.1839759356990627 0.21366987506274027 0.0890464251293519 0.1011059350206763 0.11238243526718171 -0.2955228376635971 -0.2645264029830992 -0.39924617849823085 -0.37116061968596403 -0.35322509350826997 -0.557911601528571 -1.6693485209892782 -1.360679709616477 -0.8474333610058976 -0.26266116675656215 0.4521951648842476 1.1670514965255758 1.9546426248456266 2.5901673092170743 3.2176443542567226 3.7253411304490363 4.059103260174648 4.203044320983316 4.189943154679903 4.054846736305648 3.77283485109245 3.3687012815877755 2.9267328493605547 2.555556121287989 2.264099685858956 1.9828500785424465 1.730472707508697 1.4269291144557363 1.0665702276158355 0.7034825695832436 0.24578199813144044 -0.13595065291724098 -0.30374255681239604 -0.36347710245041454 -0.38170947180420134 -0.39340360966008164 -0.4322043541460856 -0.45436753797892776 -0.46092393784055524 -0.464007116164644 -0.46577149112315686 -0.46718045342486103 -0.46911392884437764
-2.455806241739013 -2.211475208572586 -1.9589461369697991 -1.708529260406526 -1.4696159606703119 -1.2505618894754549 -1.057944959221756 -0.894520158151678 -0.7590287724117813 -0.6468607243881801 -0.5520838900678994 -0.4692009259638227 -0.3936678339612046 -0.32222348556528835 -0.25273886237721843 -0.18427594070332878 -0.11726459132116772 -0.05350762826242094 0.00468995995528311 0.05629591525933068 0.102567098164663 0.1454603283574297 0.18410972230285857 0.21380477069740095 0.08933661950194494 0.10138899567046486 0.11272752245499984 -0.29309475694498954 -0.26149264831796565 -0.39499243769209125 -0.36831008309061475 -0.35196512178939127 -0.5122713530838165 -1.643202501004131 -1.330761120688703 -0.8214451684649421 -0.21603511158583 0.5126426164792841 1.2413203445448706 2.000392316131189 2.621143488267871 3.244055095680651 3.749422148039679 4.114349424880065 4.28133312592135 4.282189278265539 4.15387593610879 3.87138947072457 3.467454840635283 3.030299610663481 2.6624219971708447 2.367256161960213 2.0778105962830185 1.8162705694414158 1.5019449587715743 1.1447396477987124 0.7867537141967669 0.3282387910312223 -0.08372279820958775 -0.279374670390383 -0.35045353166373294 -0.37348885998405384 -0.38596236751876434 -0.4270256057882783 -0.45267170860155614 -0.4603046113728719 -0.4637359387042111 -0.4656548849719797 -0.46712549434597295 -0.46905900557866453
-2.4413136865935705 -2.203159185032434 -1.9542772351355855 -1.705900087435891 -1.4680972971680306 -1.2496441739076047 -1.0573557690701247 -0.8941156539487134 -0.7587326400666248 -0.6466319794486686 -0.5518999835668592 -0.46904896568150733 -0.39354012860057275 -0.32211514914922645 -0.2526465419406638 -0.18419708344755328 -0.11719700855747274 -0.053449272520065094 0.004740997487743965 0.056341234912007564 0.10262641526176416 0.14556499064351652 0.1842778397855176 0.2139560442741654 0.08969311157065755 0.10173034249949948 0.11313804393606977 -0.29060178564051464 -0.2581567990086825 -0.39029731250117317 -0.3652035239977878 -0.35032541283702084 -0.4623386602122601 -1.6126159969365106 -1.300828308675158 -0.7980038538598202 -0.1784527322151173 0.5662829083307791 1.311018548877116 2.042144558622292 2.6515608733057268 3.271386508706703 3.774457921374439 4.167919429577273 4.353859204617465 4.365362816525312 4.241657049414123 3.959066965209802 3.555552535250884 3.1220423196228055 2.757807204471498 2.4593362744640275 2.1628842470074505 1.894542171093493 1.5712593738532263 1.2165468065137781 0.8627958060751815 0.4044888501112306 -0.0325904970812177 -0.2537279954190384 -0.33684079704969644 -0.36479761963611346 -0.378143100888638 -0.4216414495673113 -0.450838242773756 -0.4596383854524209 -0.4634444395338859 -0.465528259419959 -0.4670661832883053 -0.4689994298932474
-2.4237312363077854 -2.192911824274117 -1.948470165143954 -1.7026127674027518 -1.4661930145481854 -1.2484916382401399 -1.0566151889971978 -0.8936069701767723 -0.7583601343263133 -0.6463441901289683 -0.5516685795613432 -0.4688577427611563 -0.3933794173183065 -0.3219788059213713 -0.25253035025815557 -0.1840978326391444 -0.11711194548368696 -0.05337582127834254 0.004805238662961162 0.05639827981396584 0.10270082481471383 0.14569493769770997 0.18448801135300366 0.21414018698125942 0.09013101229264907 0.1021431649508941 0.11360374793900092 -0.28792917039952565 -0.2543736056692993 -0.3851223989041921 -0.36181980093352806 -0.34855599394725123 -0.41314647070113736 -1.582023753828242 -1.2721141864344179 -0.7755906250494613 -0.14111284739072485 0.6175652016365436 1.376243250664221 2.0798277996650762 2.6853410526408865 3.30461776565184 3.806221151508684 4.20470491084265 4.4034790156624215 4.4420652134947325 4.340359255728262 4.058804815965474 3.6543098699215193 3.227022527305146 2.865067635910451 2.5668718442598206 2.2629171733544764 1.983769311745304 1.6498336988208009 1.2972876217339027 0.9510726198251286 0.49890072755497267 0.03608900980275679 -0.22117297283856552 -0.31845100077474037 -0.35404207368124546 -0.3691273312621813 -0.4138580555491636 -0.4484403197142345 -0.4587816131674763 -0.4630673518268099 -0.4653655248466384 -0.4669962229093231 -0.4689210550667241
-2.4025633086617235 -2.18034609013431 -1.9412684096956159 -1.6985094646733443 -1.4638075454638169 -1.247045059073038 -1.055684672866144 -0.8929674397315641 -0.7578916447559978 -0.645982166244457 -0.5513774427899822 -0.4686171339699631 -0.39317718416424313 -0.3218072257601984 -0.2523841220048088 -0.1839729191231479 -0.11700488419363837 -0.05328337197257829 0.004886097667358051 0.05647008236541519 0.10279434817920927 0.14585679896209702 0.18475079191803698 0.21436433570286975 0.09066677191791477 0.10261020951158328 0.11412076337877546 -0.28490896608090105 -0.25008923305031744 -0.3794255109371206 -0.3584951127156726 -0.3467598831336962 -0.37165248312017707 -1.551424669574149 -1.2438202262141647 -0.7476152537508205 -0.1037128927796467 0.6644178692175251 1.4325486312150755 2.117080457744999 2.7187935510395 3.3338999098043436 3.8371616035988296 4.241667378239021 4.451994549242451 4.512627069587151 4.4266749454458205 4.147988752895026 3.7435086607726062 3.321070878663839 2.961593393109327 2.6620691044238693 2.352757872264075 2.065437665782699 1.722445034457403 1.3709203459138348 1.0307744798428513 0.5850149855692602 0.10478104242359298 -0.18712723269413137 -0.29922888808145937 -0.3425739565974656 -0.3598796691726252 -0.4057575114065429 -0.44574216554425156 -0.45785219460304627 -0.46265609503016825 -0.4651873735130299 -0.466917033475025 -0.4688338436964643
-2.3774388268708995 -2.1651103845296276 -1.9324174165916426 -1.6934264416181628 -1.4608394405151106 -1.2452407986544631 -1.054522528512904 -0.8921681130309735 -0.7573058367360399 -0.6455293600611716 -0.5510132327360044 -0.4683160946592878 -0.39292413363031525 -0.32159251368444863 -0.2522011227907973 -0.1838165858735449 -0.11687088737442544 -0.05316765898161391 0.004987306846377928 0.05655995792022148 0.10291198497660128 0.14605243149420027 0.1850798816036128 0.21463706659854093 0.09129090496040651 0.10315104998669251 0.11472478327288194 -0.28149781100073 -0.24531196501653282 -0.37334410993962236 -0.35536631713682787 -0.34443996743546534 -0.33179875613289744 -1.5208243467746538 -1.2106334439478155 -0.7196413116728109 -0.0661787564370461 0.707400556851588 1.4809798701405712 2.1583958294321324 2.755198128836579 3.3562853649048194 3.8691003542636113 4.284815058004 4.507049940708143 4.586436042651123 4.511650334822905 4.240007842017862 3.8371630840817548 3.4194901199463854 3.0639274726611987 2.7599579768084226 2.44617535418238 2.151582810207098 1.798690640166684 1.446590780241781 1.1123771564899185 0.6759585869731687 0.18599613873615234 -0.14601241365786333 -0.27680521691280086 -0.32880248823836916 -0.3497412568525987 -0.3967063665532445 -0.44219235203133933 -0.45672294079716524 -0.4621511635697963 -0.4649668508353243 -0.4668115058456528 -0.46872220164870904
-2.3477941273901686 -2.1466906713867315 -1.9215435494015383 -1.6871214427388699 -1.4571377325167005 -1.2429838238649715 -1.0530663684006685 -0.8911656193236339 -0.7565707254089526 -0.6449609522850847 -0.5505559345811355 -0.46793805101191305 -0.392606314452496 -0.32132281890189207 -0.25197124285708566 -0.1836201895880841 -0.116702541841284 -0.05302227724524311 0.005114470792126407 0.05667288509491729 0.10305969282816466 0.14628860001090077 0.18549176903806883 0.2149623384933548 0.09203443890315362 0.10379427814875981 0.11543062303164142 -0.2776486514041966 -0.24058946590972544 -0.3669227777452113 -0.35202275705494884 -0.3414691043273538 -0.3185811409853209 -1.4951184279080838 -1.175566083626487 -0.6922718909962768 -0.028471784950595637 0.7528061589596861 1.5340841028702896 2.20467505071696 2.787860372670019 3.3781980764679918 3.8942735305896004 4.328203352320581 4.566803179957253 4.663427804652398 4.59726060024198 4.32901317418632 3.9274687809134554 3.516630306874539 3.16538408900236 2.8598365176629787 2.5378303627700998 2.23596830626944 1.873857721022172 1.522035981902893 1.192982292028839 0.7658190147459545 0.26890287632768584 -0.09745580871746692 -0.2507525456655244 -0.31328725530619395 -0.3383286019747447 -0.38652407557122836 -0.4381495745820777 -0.4553834326079521 -0.461563176651543 -0.46470539942293654 -0.46670361191882154 -0.4686026201706278
-2.312971907521048 -2.1244517595300048 -1.9081644587220319 -1.6792730432679532 -1.452498928415186 -1.2401449025438998 -1.0512309372587394 -0.8899005256456373 -0.7556424085218707 -0.6442428412280096 -0.5499780292292878 -0.4674602040027369 -0.39220452810799183 -0.32098182855940544 -0.25168056251601495 -0.18337182723320306 -0.11648963684584125 -0.05283840333849737 0.005275311091615487 0.05681572365389957 0.10324516164226889 0.14657799357949552 0.18600626126586503 0.21534918143080684 0.09324795374888828 0.10456406677775584 0.11625530670133372 -0.27365907502995984 -0.23612765554680912 -0.35992138452254135 -0.34845130420130543 -0.3379277786581541 -0.30542913069537886 -1.4716642995237517 -1.1397740151945661 -0.6648072230720725 0.005141651998250451 0.7969088978300907 1.5886761436622314 2.253120322592585 2.817486800309534 3.399574161328303 3.914270534858069 4.3709031554122815 4.627519492513448 4.738915172415237 4.6791647723792025 4.412201349232449 4.011663296343691 3.607823526950568 3.2605185921542272 2.954865266106889 2.6239666300427325 2.315611797467625 1.9454916678329328 1.594366127663299 1.2695947868065527 0.8506801207945129 0.34891817251679064 -0.04534434984186718 -0.22233355285534467 -0.29649860840237247 -0.32593870942089054 -0.3754620003552114 -0.4336959452307124 -0.4538636844490014 -0.4609035071717318 -0.4644085126985872 -0.46659366947435477 -0.46847615848753477
-2.2727542050338614 -2.097975552092051 -1.8918824717790534 -1.6695873531848575 -1.4467270237307694 -1.236596125813565 -1.0489306099419644 -0.8883126528134593 -0.7544762205576713 -0.6433402297992539 -0.5492513813247952 -0.4668592115143091 -0.3916990979412238 -0.32055280941524295 -0.25131479339725427 -0.1830592733408071 -0.1162216798979924 -0.05260696673305228 0.005477768105656337 0.056995529472330525 0.1034779244033183 0.1469484923919653 0.18664939765660665 0.21581663487357558 0.10512020891038654 0.10548861391593245 0.117165336299949 -0.2696172518475872 -0.23111906472830787 -0.35229843155310436 -0.3446393553172412 -0.3351406568927204 -0.30363939496644515 -1.448211302366079 -1.1033103653811573 -0.6372970788680543 0.036883243917409304 0.8440892102367135 1.6512951765563006 2.3114543516877735 2.8547190243661213 3.4268810730068955 3.936566437989424 4.406833178360158 4.672043262904869 4.796583929992034 4.759596022379674 4.504500265082839 4.101972780652717 3.703036507353272 3.3631141271568565 3.056119840900641 2.7175429082566254 2.400909571741446 2.022014824465358 1.6688616485780066 1.350629031482578 0.9437099127095091 0.44829330655242994 0.016036181466689274 -0.18633326397407232 -0.27504158389138367 -0.3119140303077888 -0.3614846569111885 -0.42764753980992876 -0.45192858891140664 -0.46005775652329406 -0.4640410845103182 -0.4664459507561796 -0.4683430823302559
-2.2269107160152717 -2.0667911881080787 -1.8722189885994596 -1.657694821036967 -1.4395690526644642 -1.2321699569591436 -1.0460523005390665 -0.8863221452371536 -0.7530127260939086 -0.6422067333230362 -0.5483384425605446 -0.46610389615673986 -0.3910637257699948 -0.32001338588642564 -0.250854821177512 -0.18266616747739817 -0.115884625531402 -0.05231582249299591 0.005732475579143607 0.057221753208057786 0.10377109679319316 0.14741544834305773 0.1874536622669017 0.21638126605541522 0.117158132562956 0.10653249162098795 0.11814664892429833 -0.26515418818421466 -0.2256363147078365 -0.34399698883325436 -0.34010206461632103 -0.3327169748220104 -0.3016476348965414 -1.4247529508595254 -1.0668299157034347 -0.6047936284105777 0.06884126701972186 0.8891151352352529 1.7093890034510495 2.365626730734978 2.891488078821682 3.4551431784360114 3.959358136846445 4.4387602654819425 4.710722325942502 4.847687171977672 4.830586329076593 4.585609774512281 4.1831497641867825 3.787743869064189 3.453693992085532 3.145621309009157 2.8009421831669155 2.477596817500271 2.0918376430363006 1.7366515775658264 1.423663201067818 1.0269880137476772 0.5385554880326179 0.07629479344238368 -0.14988590705863858 -0.2526840340494838 -0.2974519193992582 -0.3470388996272497 -0.42107747418337726 -0.4498270842829252 -0.4591427332669623 -0.4636453011875742 -0.46628503906656577 -0.46820488456810616
-2.175333231757989 -2.0304750250018473 -1.8486693450591836 -1.6431734611956637 -1.4307233553545866 -1.2266617995268407 -1.042456079920825 -0.8838294534635719 -0.7511775059391628 -0.6407841143159259 -0.5471919837287783 -0.46515499115797065 -0.3902652572334584 -0.319335326567123 -0.25027651342747803 -0.18217184272344714 -0.11546072297639381 -0.051949615963480446 0.006052881614975412 0.057506349552931615 0.10413999244468676 0.14797669502864033 0.18845863631787999 0.21706311424034874 0.11834161615772722 0.1076848816558977 0.11927228943389889 -0.26023077653184606 -0.21964083152868175 -0.3358802030833255 -0.3349960742604109 -0.32935374281378355 -0.2997783219212585 -1.4012882213370221 -1.0273884311743688 -0.5694011943605058 0.10108385722272555 0.9334508195502635 1.7658177818780505 2.4129877651536056 2.929915064154867 3.4910485116487036 3.988684130742523 4.463080988082865 4.746963233427852 4.905413034640188 4.899182787774748 4.661142505265149 4.272550838529216 3.881112815576735 3.5524178587945836 3.243707714940419 2.8895665831832478 2.5585681838306837 2.166903546491297 1.8094803294639241 1.499857176705135 1.1168627543942242 0.6408505985420073 0.15679452018987208 -0.10562669988096314 -0.22472394385485273 -0.2795858890617879 -0.3311643849526021 -0.41245295628344797 -0.4470100963098019 -0.45796825237982886 -0.46313463932048804 -0.46608106879040223 -0.468033946154435
-2.1180416810515603 -1.988679694588705 -1.8207221142011267 -1.6255516418660365 -1.4198344180843452 -1.2198233745735874 -1.03796936191793 -0.8807106564728108 -0.7488774153670809 -0.6389992329615659 -0.5457525553671485 -0.46396298955676674 -0.3892618402743814 -0.31848295872250554 -0.24954935194444886 -0.18155014547996776 -0.11492749605602114 -0.05148889579931956 0.006456028690759717 0.05786447283933815 0.10460347715769207 0.14865274480529683 0.18971657648272616 0.21792840111377998 0.1193161985148587 0.10903149725750613 0.12056309169093678 -0.25480529277576924 -0.21433156548342672 -0.327752946219826 -0.32949976560489935 -0.32501864144790527 -0.29754961432703986 -1.3708670202548645 -0.9847096032161088 -0.5365451818745492 0.1333286715890092 0.9744372134081591 1.8155457552275411 2.4559668661247716 2.968850858435894 3.5258155891490452 4.018860778039171 4.489978744285402 4.7859757148369235 4.964593280552683 4.967912358649872 4.734440837682541 4.352509638728604 3.968608874202185 3.6444511142678304 3.3344402722105166 2.972177599532194 2.634388196278122 2.2359845208659954 1.8778546789440052 1.5714232676992097 1.1980093872341797 0.7352811966613038 0.23634104277482176 -0.056810577537947736 -0.19453685762587414 -0.260481562867976 -0.31387056866021396 -0.40301741723905643 -0.443803056076335 -0.45664139727859165 -0.46256025641579246 -0.46585278071516256 -0.4678599607961863
-2.055218144096157 -1.9411910167685111 -1.7879063890915978 -1.60433049132028 -1.406498574334149 -1.211361692015966 -1.0323840839145508 -0.876814537542954 -0.7459979758217521 -0.6367617945061763 -0.5439465447387422 -0.4624664590507985 -0.38800145720406565 -0.31741188743379534 -0.24863531590788068 -0.18076846312194697 -0.1142568965674846 -0.05090937347950328 0.0069632078760504465 0.05831506255751716 0.1051854487841006 0.1494818120894649 0.19124668315129076 0.21894929604472854 0.12040308016707242 0.11061924621760773 0.12204521885321168 -0.25081968604269145 -0.20934582623264608 -0.31906286224625874 -0.3235881330826619 -0.3200874760856618 -0.2946486331231398 -1.338363955989001 -0.94202061875123 -0.5037091395903465 0.16543516713882173 1.0126493013834141 1.8598634356282235 2.4954815864137267 3.0098974199856414 3.560384919374578 4.051114199369781 4.52109644571147 4.829864832246402 5.028125917958352 5.040200930510147 4.809304290885278 4.427929489339948 4.055499490174938 3.735565133756084 3.4235820218208475 3.0536286841613274 2.7092140257792052 2.3026028464501946 1.945211800969653 1.6421003439533373 1.275401613996003 0.8280224381989587 0.31908268245950755 -0.0006788316581224746 -0.16048551378437687 -0.23920794902654924 -0.2942001441953374 -0.3922490973265887 -0.4399700598604427 -0.455069863836272 -0.4618835740714953 -0.465585460117705 -0.4676810498695623
-1.9871991646543063 -1.887959518591658 -1.7498351539234145 -1.5790098949998452 -1.3902720576554042 -1.200938400877098 -1.0254533479699777 -0.8719588617355134 -0.742399960803557 -0.6339613558217844 -0.5416835694516265 -0.4605897669734119 -0.3864199335170673 -0.31606725172132827 -0.24748735670148125 -0.17978639281355657 -0.11341414281098028 -0.050180905722307025 0.007600859063827728 0.058881649887306896 0.10591593736952555 0.15053430417300823 0.19317796844402269 0.22018527689094894 0.12161493107677808 0.1124952627460403 0.12361409396270047 -0.2475100069340153 -0.20421067079208977 -0.30978051267965845 -0.31723560415567664 -0.3151730165669055 -0.29131219325568947 -1.305854742167034 -0.9002010375667374 -0.47081028751137943 0.19569884159560377 1.0532992808027075 1.9108997200100146 2.542004316174603 3.051376556001334 3.591367696087824 4.080054824736155 4.556202464790686 4.870374217560063 5.07629113558284 5.101829992248782 4.885306264959283 4.5084256665415685 4.1376697042166795 3.8266073613556433 3.515032564787366 3.133863658579732 2.7818951742883216 2.3713328011946326 2.010676840450153 1.7108280313218502 1.354795477752166 0.9230938800210841 0.40930648574189993 0.06222555582824635 -0.11918518453207488 -0.21452493520614743 -0.27291822512856184 -0.37800103809769897 -0.43526715024677487 -0.45313694118567105 -0.4610622738610666 -0.4652562775352619 -0.4674878393591452
-1.9146265597543555 -1.8292587704918053 -1.7063561743413727 -1.549198389214137 -1.3707361971804752 -1.1882056713206237 -1.0169117216534687 -0.8659427985284296 -0.7379277018199986 -0.630473317864646 -0.5388610523674013 -0.4582467105620155 -0.38444388970340304 -0.3143861597758693 -0.2460514235406562 -0.1785574354899271 -0.11235914497249196 -0.04926870637125185 0.008399524297650632 0.05959143754080836 0.10683522266627184 0.1518856495466061 0.1956255663921726 0.22168109757063406 0.12303325158070087 0.11454839045521538 0.1252418168525293 -0.2440297353625501 -0.19875937933834995 -0.2998783536383341 -0.30976812191312575 -0.3105685348540135 -0.28743473116661716 -1.2733382910897282 -0.8587224649977584 -0.4319301335388726 0.22620656211382165 1.0937774759184713 1.961348389723312 2.5886186991222506 3.0910479738227443 3.6198009596060894 4.106677711692369 4.591468422386768 4.9077239516875935 5.116324881424273 5.1556462451801615 4.9551043859194035 4.583077522172184 4.210850563835845 3.9082932605985827 3.597692257232819 3.2064602775131092 2.847925818500227 2.435361201404481 2.0706592582992496 1.77357600194086 1.427644019669817 1.0086208459820305 0.49241845810746543 0.12285166132388764 -0.07708830825176412 -0.1890995532135816 -0.2514601831832539 -0.3624060159544851 -0.43016854676240635 -0.4510300400424013 -0.46016986709211244 -0.4648963676093196 -0.4672875337716589
-1.837752862110626 -1.7651434699576614 -1.6571868254381674 -1.514378528755027 -1.347340252119121 -1.1726967000443862 -1.0063969795378234 -0.8584892075780013 -0.7323648411213776 -0.6261236952931711 -0.5353352995182082 -0.4553162523028529 -0.3819701084493009 -0.31228001827584934 -0.24425128501890223 -0.17701594324697867 -0.11103525493501795 -0.048123586626876894 0.009402415486766399 0.06048292989382125 0.10799282407101213 0.15351341561226037 0.19867880340946387 0.22349000661690865 0.12487014324958262 0.11685396452509444 0.12706914228065178 -0.2403697430059879 -0.19297598015637443 -0.29110995999516165 -0.30088785125808704 -0.305321151907242 -0.28293434327714806 -1.2408067744330955 -0.8116035317817766 -0.3914311736368287 0.2567398665280746 1.1402230786139027 2.02370629069991 2.64753089562726 3.1304504592558717 3.6507083019324766 4.130751473477657 4.619049689276125 4.938798476439944 5.154731416824915 5.205310111501963 5.012038508172031 4.659378109565583 4.296411694398035 3.992328616593785 3.6821725779514756 3.287593121200856 2.9176477584523055 2.49810144843087 2.1369148526324317 1.8390081374268417 1.5005812933310139 1.1043652722705948 0.5978912324221799 0.2006001451224753 -0.024807826275661374 -0.15600675069282793 -0.2262073293979194 -0.3433070116252166 -0.4227092628470164 -0.44818978159791123 -0.4589842651581355 -0.4644048672417722 -0.46702886244844904
-1.7567769256558914 -1.695692943234962 -1.602097073449099 -1.4740352893696471 -1.3194756118559436 -1.1538617196260799 -0.9934658820269442 -0.849251122119931 -0.725436708886704 -0.62068964273812 -0.5309211569367881 -0.45164175690666075 -0.37886457355024294 -0.3096334927818114 -0.24198748067186596 -0.17507610436008736 -0.10936830900229953 -0.04668106569125076 0.010666236346396667 0.061606693764717974 0.10944599050243388 0.1554699913508588 0.202483097833379 0.22582706997858445 0.12689282424328083 0.11945501071200934 0.12912055480482743 -0.23652180661994454 -0.18729581113864677 -0.2822823812387887 -0.29124586025332416 -0.2993723734079736 -0.2777378959942584 -1.191458879226608 -0.7620809151662191 -0.3508790140430742 0.28748463728135515 1.1821988505336112 2.076913063786035 2.7032120456621103 3.170313572701785 3.682687867029387 4.155879396768046 4.645058563641872 4.969084136465198 5.193697838299487 5.254459647662284 5.066583518288553 4.726814509746601 4.371927359521837 4.069544306261751 3.7582785358290485 3.359784918562699 2.981734757814019 2.555513649252435 2.1961658943630753 1.8990571427257459 1.5660446636264602 1.1870286795514577 0.6914755167425805 0.27565929748364515 0.02797611576007187 -0.12229968131956895 -0.20029845811435343 -0.3231238186524404 -0.41465741336502904 -0.44507068750469253 -0.4576871736129766 -0.46386402176523345 -0.4667496656047938
-1.6724707865759243 -1.621559195287529 -1.5413811605486207 -1.4280361437034306 -1.286747145860733 -1.1312454209086629 -0.9777086304441529 -0.8378886060254438 -0.7168651284767369 -0.6139408219399906 -0.5254246467499488 -0.4470575451699551 -0.37498449850431187 -0.30632298797503915 -0.2391529154060818 -0.1726451483877861 -0.10727785941430538 -0.044871006589170405 0.012252799173498431 0.06301794561104648 0.11126892818787283 0.15787138528441122 0.2070675501848033 0.22876524239526264 0.1291854985908407 0.1224211496679148 0.13142274266392423 -0.2324910354900711 -0.1818439784355001 -0.27301005821983293 -0.28079372184501145 -0.29281554222660666 -0.27225135569214876 -1.1346369913147152 -0.7116939395637634 -0.3091345313003216 0.31860941566587014 1.2183158475603761 2.1180222794550394 2.7613894694485657 3.2175533298772985 3.721351629541688 4.186964137460252 4.670623815970117 5.001861227058147 5.240217788661983 5.31177165427753 5.127695745867315 4.790868590895784 4.44483957244371 4.15210628185612 3.8362422665863725 3.4301905671728674 3.0474634317295215 2.6128458382529844 2.251664938887484 1.959628645827396 1.630231093315937 1.2653625194614901 0.7879778870843122 0.36180006838061257 0.09086501260424398 -0.0833843369153364 -0.17026412570464344 -0.29855898161147937 -0.4048361846003081 -0.4411285035420057 -0.4560677713526849 -0.4631823459998739 -0.46641263872803074
-1.5853122560833228 -1.5432251463642945 -1.4753012686231075 -1.3762703199676343 -1.2487494933411718 -1.1043381719203675 -0.9586414223226795 -0.8239869607479584 -0.7063037477959795 -0.6055866387421334 -0.5185988361788297 -0.44135132830474577 -0.37014600717653956 -0.30218869583038205 -0.23560864754611088 -0.16960237343329643 -0.10465898468932294 -0.04260175396444397 0.014243008130882352 0.06478904593908391 0.11355444400402315 0.16086219517282443 0.21264256697085646 0.23236988663334301 0.13178335582000375 0.125824140291785 0.13387567051924837 -0.22868058955751935 -0.17611909487654542 -0.2632789018118668 -0.269485049717172 -0.28455413112928707 -0.2658610364087856 -1.0777847284965947 -0.6604592400322411 -0.2649793041016974 0.35053976843030293 1.2451277975240918 2.139715826618026 2.802508689208662 3.2617181501899695 3.764648925798972 4.222573703575369 4.700369230964756 5.038702593288882 5.2849267401579505 5.3621783488272206 5.1865769184960895 4.858067847690041 4.5136687954319825 4.2259089105985845 3.9129465979099813 3.4996930693346044 3.109511733252016 2.6692198245066177 2.3052966687735115 2.015305012561287 1.6928044540339464 1.340151098870502 0.8807055803420599 0.44810753918707047 0.15821533690245151 -0.03912700123873555 -0.1385247865698832 -0.27038426085280637 -0.3927887785007591 -0.43645999399018964 -0.4541502479437767 -0.462379112114471 -0.46601259729008726
-1.4957941412386135 -1.4612436135110602 -1.4042732610579842 -1.3188122704772542 -1.2052061081577006 -1.0726762469788145 -0.9357705831706992 -0.8070965326792298 -0.6933634634244807 -0.5952933042374674 -0.5101558364120744 -0.4342729525480019 -0.3641306538883961 -0.2970395185606305 -0.23118762691013395 -0.16580199296353268 -0.10138446973205306 -0.0397618261821364 0.016735515335212243 0.06700840250943581 0.11642047749561367 0.16456017985600552 0.21948432673368512 0.2367870856170167 0.13472544273362522 0.1296021956627824 0.13645154134780801 -0.22469590257798167 -0.1701100928941364 -0.2530745180552327 -0.25627673635084325 -0.27485025296476956 -0.2585267329141702 -1.0208695327731308 -0.6091769565353873 -0.21857313954699312 0.3821313438593222 1.2638828717173631 2.1456343995755387 2.831088100226748 3.3031403682583065 3.8106097351036228 4.26116266934753 4.733092845637044 5.07812697693001 5.327755510526828 5.407154742728442 5.242811705740283 4.925405466522122 4.578264253125973 4.292567036747202 3.986538762817642 3.5667827216751675 3.1678802231736274 2.723864102673159 2.356726430949056 2.0667604370359425 1.7529399369447247 1.4106789149780175 0.9676820742319844 0.5312672678889306 0.22647623596173327 0.008233920795943778 -0.1057653165755655 -0.2396111448583592 -0.37884017731150726 -0.43113294748455555 -0.4519563572769284 -0.4614621930425914 -0.465553433741366
-1.404173784876561 -1.3759864369456305 -1.3286386901997709 -1.255757686129323 -1.155875074981933 -1.0357858309950634 -0.9085497052070615 -0.786694719565938 -0.6775779085834119 -0.5826526165201988 -0.49973866260403577 -0.4255090666849189 -0.3566626527641963 -0.29063265873102767 -0.22567647718317768 -0.16105694745381233 -0.0972904594544514 -0.036207180131154156 0.019858107926310424 0.06979075884152296 0.12000778544236947 0.16910004871923764 0.2278602555263312 0.24219064099750398 0.13801191623782955 0.1337594035332924 0.13930688310716838 -0.22052984472576778 -0.16340931225936975 -0.2413994822500221 -0.24149829194794403 -0.2640386217933759 -0.2501568156812933 -0.9638844558451157 -0.5571751906395872 -0.17015986447915174 0.4138931250475021 1.2825309087385508 2.151168692429723 2.864570745822083 3.3527682640048857 3.8506752673861415 4.298884037487475 4.773470416913942 5.111494949164452 5.35654935575991 5.439924379503655 5.283828310142954 4.981533726038951 4.648248427122062 4.360918026232332 4.053646204492408 3.635729305457243 3.231363944561217 2.7748696267495 2.4088551690327398 2.119098744306916 1.8071698284070692 1.4824556353386766 1.0595410779683292 0.6265218023610423 0.3050575319085569 0.06504682240168051 -0.06617581892136838 -0.2044904954406151 -0.3604824826807226 -0.42398881967913 -0.44912478049355953 -0.46028854349918824 -0.4649957922841529
-1.3108179628113596 -1.2879419628412918 -1.248904735267425 -1.1874255346757279 -1.1007317340085436 -0.9933366102063109 -0.8764940495609641 -0.7622657937270008 -0.6584589286561595 -0.5672215617739766 -0.4869504387859813 -0.4147052470222725 -0.34742593914919045 -0.282686905144177 -0.21882588606797668 -0.15514704904753618 -0.09218287528284236 -0.031766328840685955 0.02376353992827697 0.07327371467480472 0.12448858921620051 0.17484389722739627 0.23779882619460194 0.24877652844375422 0.14217796002187927 0.1384811142521302 0.1424706597249873 -0.21617415099685494 -0.15560253748858824 -0.22870434177261037 -0.22547136523576772 -0.25200796674615034 -0.24062626969835352 -0.9006928002899639 -0.5044063685307187 -0.12163729295341374 0.4457260114364624 1.3010232198213194 2.156320428206291 2.8982886894892386 3.4000059411457353 3.887262680940083 4.334152432328971 4.812405830384756 5.142122221058421 5.381978258943652 5.469495630776554 5.320324673196895 5.03127080835262 4.7113073327480715 4.423426781314848 4.113976175986106 3.6980231251432047 3.28991010753324 2.822144528797004 2.456938786412404 2.1674960377864663 1.8564726569175847 1.5466476459198222 1.1411840599937337 0.7123729496621864 0.3783664155779918 0.12022515842627211 -0.02676440756282931 -0.16940964859999674 -0.34114217106278993 -0.41624823888836354 -0.44605145807297636 -0.459016716877223 -0.4643993229912
-1.2160538541271777 -1.197568460445025 -1.1656023932164359 -1.1142457421422318 -1.039913081473415 -0.9451328382197036 -0.8391882098703769 -0.7333073431378911 -0.6354976065047111 -0.5485187964111056 -0.47134790888116185 -0.4014577489142458 -0.33605497584871014 -0.2728730433112665 -0.21034100529822905 -0.1478096458006053 -0.08582852674255315 -0.026231994041256992 0.028637326345181513 0.0776250046799726 0.13007704701659692 0.1820744232265508 0.24838177541000075 0.25659445257837177 0.1470081518742669 0.14392159222277204 0.1460028392158052 -0.20890284499202832 -0.1470611095735094 -0.21535261333622607 -0.2081255676988876 -0.2386341186576951 -0.2299307590211765 -0.8345850498932225 -0.4515351655111555 -0.07128467514035342 0.4790348625189949 1.3188868845889028 2.158738906658916 2.940822684064924 3.443119511650851 3.9236932262380737 4.367102882316545 4.845133334860497 5.173887116616673 5.415413905888695 5.507790462833277 5.365224860498061 5.081278827154049 4.7646375045707865 4.489584620706203 4.179767519149902 3.7569900162457217 3.3468436835939674 2.87569911752341 2.5018780785598578 2.213764670743096 1.9086708567021484 1.60464397936871 1.2273909339773796 0.808122067807594 0.466341091220519 0.18732769140143848 0.02004820724439127 -0.1254625303716631 -0.3165802794204222 -0.40591370296652657 -0.4419030761964077 -0.45733919749272467 -0.4636384503394114
-1.1200687051837661 -1.105186857206943 -1.0791664836485202 -1.0366403809557274 -0.9736337164358908 -0.8910760251876246 -0.7962759161870072 -0.699326626668013 -0.6081586004882054 -0.526015563257338 -0.45242966698333253 -0.38530002574142125 -0.3221203485874742 -0.26079911984878146 -0.19986683292700042 -0.13872546102725594 -0.07794164298120979 -0.019348451513972388 0.03470957204972778 0.08305355932357567 0.13703003238855482 0.19108312066418548 0.2603316746385032 0.2660528653796105 0.15254294885331202 0.15019341453379645 0.15028629861822979 -0.2000174057208912 -0.13802278540495064 -0.2013116819711714 -0.18940542721549225 -0.2227918396033777 -0.2179820306604256 -0.7683144469073799 -0.39397417245197336 -0.018072752396240253 0.8115594503937154 1.486541219983496 2.16152298957332 2.985841216370273 3.48659370412003 3.9615427258517637 4.402818381123259 4.878040404382223 5.206667095014204 5.4513693961806124 5.546415248458208 5.409951597055406 5.132327295008417 4.816199325444994 4.544644946177485 4.238035996371622 3.815764721887401 3.401691794458815 2.92557782251266 2.5465589655609415 2.257302154602977 1.9564950223173145 1.6603366869883214 1.3010592962946748 0.8954337670368258 0.5498975892817002 0.2552640816069493 0.06805111233111795 -0.08115928157853822 -0.2882536115358143 -0.39427269938788573 -0.43721104085715645 -0.45544518011777335 -0.4627782326926787
-1.0230570927436244 -1.0111138538692286 -0.9900403709640179 -0.9550960422050715 -0.902247376692859 -0.8312380432924756 -0.7475406004421021 -0.6599140617743885 -0.575939541162504 -0.49918111742022875 -0.42967012211977906 -0.3657277859239505 -0.30514692800253856 -0.24602323139896642 -0.1869968104669045 -0.12752396448398187 -0.06818684034980135 -0.010812793491556016 0.04225485789854885 0.08981014275009333 0.14565807140506493 0.2022916832718996 0.27430564596677687 0.2774546945586028 0.15888553249204795 0.15696191052531894 0.15504224942426323 -0.19042487681426248 -0.12845203815381234 -0.18656850551351464 -0.16761630591248258 -0.20409001245352307 -0.2044971399632627 -0.7018833205256529 -0.33458287486065696 0.1717997686949042 0.8669261813542101 1.5159368047488115 2.1649474281434506 3.036448784205537 3.532823674941074 4.003116646715368 4.443947132541149 4.912632741373752 5.242284165261614 5.492418019160017 5.587365192857093 5.456855611438544 5.187603337075635 4.86861167927669 4.589821348089297 4.291177516376479 3.877976486157469 3.457360488223544 2.973777515769043 2.593304513735821 2.2996142898911676 2.0015160661762805 1.7166837567637758 1.3666931041440884 0.9809511649911942 0.6350312873917977 0.3285991782333645 0.12022470884450123 -0.03403747696101873 -0.2534294380295358 -0.38031190898799266 -0.43156200765650565 -0.45317127709896643 -0.4617439793591477
-0.9251323897142107 -0.9155737817408307 -0.8985814980135387 -0.8700602531036302 -0.8261514942293227 -0.7658006858328749 -0.6928839706385055 -0.6147440249821602 -0.5383782360984879 -0.467488677731761 -0.4025218367731128 -0.34219752876384824 -0.28460909219306313 -0.2280460836881052 -0.17126337801008837 -0.11377255382495018 -0.056167505135033914 -0.00026299051860953596 0.05160416099190481 0.09819905753873527 0.15632459432859888 0.21572003881751592 0.29057257683576443 0.2911694893154284 0.16703868151809811 0.16448687326244185 0.160356183235467 -0.1800562669957642 -0.11814156648080591 -0.1672719660756453 -0.1425312054953608 -0.1831970390886598 -0.1893313600283189 -0.6351580001150187 -0.25345041397901397 0.22849287111135627 0.9224705867461752 1.551232453764447 2.1799943207827517 3.0774406818111912 3.5777804201581263 4.051967668018144 4.492446197844037 4.953904520696982 5.2813685352562025 5.5268308679975515 5.61636813442386 5.488424273947699 5.228244353802203 4.921132392747344 4.6373844838369385 4.337300361257284 3.9310438824885856 3.5161825873376444 3.0231261645909093 2.637645652220266 2.343044794445507 2.0437122905492218 1.7682950503072816 1.4354891998397614 1.0635680088006378 0.7218170598116371 0.4074452936283351 0.18061071469750947 0.017976433588991987 -0.21366847315504858 -0.3623696863625712 -0.42449059514771464 -0.450350744317014 -0.4605135928310128
-0.7763736156448882 -0.7695656786034826 -0.7573575490985864 -0.7365679119893412 -0.7038535611435813 -0.6575562604889513 -0.5997060586899868 -0.5355993828806429 -0.47105966847048614 -0.4096648751547674 -0.35228613150035876 -0.29815803342864866 -0.24580195050143758 -0.19379619130665615 -0.14106878190174554 -0.08720974069503228 -0.0328172997149349 0.02033263998579027 0.0699294812284854 0.11469501279717827 0.16946451417528335 0.23176834671022006 0.3098920076361257 0.30739348950539347 0.17683856849996554 0.17296193261488865 0.16631174413399938 -0.16887579313513748 -0.10406946633480715 -0.14297056214716355 -0.11534884556054172 -0.16046161466782563 -0.17219610094722493 -0.5307898641137982 -0.19941989822189754 0.28538803966184506 0.9784116274793695 1.5894933904569366 2.2005751534345324 3.1127063564278705 3.620090782629065 4.101169869095771 4.541376463917476 4.996149651652162 5.320297677815915 5.557137630546829 5.639166478794572 5.512248501127232 5.261132264112852 4.970781011842746 4.683505368663498 4.378384590889321 3.9776688192969933 3.5725108449039746 3.0703528300988134 2.678939931806474 2.3849397814068976 2.0828720005117276 1.815273680793238 1.5003775827474497 1.1380767386202155 0.8011699920823008 0.48151462493221997 0.24014897489841128 0.0690197760743347 -0.17350922003427205 -0.34283568834864525 -0.4167299309295601 -0.4472452098184895 -0.45917840433313006
-0.6735439427514758 -0.6681624747701537 -0.6584683587460046 -0.6418323384916119 -0.6153382965366767 -0.5772147348836103 -0.5286097976270141 -0.47359770189550915 -0.41711110699052206 -0.36245634393508785 -0.31064953711881993 -0.2611989556366179 -0.21288546658061008 -0.16447205022500994 -0.11499871062162605 -0.06410092046113099 -0.012365802849580814 0.03847682066166874 0.08615161143532495 0.12935481611458646 0.18555982135301868 0.25114830149546535 0.33362636920735833 0.3265443655277693 0.18824119995777108 0.18262631962179543 0.1729681069911955 -0.15440610259584794 -0.08652851003365743 -0.11693962398234758 -0.08606044522575369 -0.13548381635320306 -0.1552970085219479 -0.4769235688722272 -0.14479656495694698 0.3426826730654383 1.0345665263733275 1.6309421579996153 2.227317789625928 3.1144562347545857 3.6552642959025756 4.147527953809736 4.59248714223995 5.049077482082938 5.362536658009146 5.588499767524221 5.6675015364595245 5.54181406216407 5.293966257641061 5.003263199575383 4.724471188247147 4.4258276656439595 4.02308785711718 3.620216086943083 3.126484725391127 2.724046098537167 2.4256075191633966 2.126455457792219 1.8596437374376777 1.5594986911526378 1.2222785385237451 0.8895644454692246 0.5673105917184142 0.3099868393234594 0.12895495752944772 -0.12198345118362854 -0.31741564609649126 -0.4060622627173368 -0.443042504968464 -0.4573859926257209
-0.5700578239482416 -0.5658117905304187 -0.5581351776058378 -0.5448790733718387 -0.5235581866670453 -0.4924435749038051 -0.4520701812521538 -0.40548842126294293 -0.35675881594411263 -0.30881869523913885 -0.2627232019468286 -0.21818374599997548 -0.1742034496955394 -0.12971169900408794 -0.08385004165328441 -0.03628912577672483 0.012409970776509151 0.06058387921599492 0.1060120362197924 0.14737308651418884 0.20519380094678308 0.2752683089980311 0.3586775201981367 0.3491639454698081 0.20156609960479413 0.19358196685560589 0.18141756721815858 -0.13623465721583924 -0.06742419481396841 -0.0892277448506391 -0.05441985683468241 -0.16521944317817258 -0.13653234523650712 -0.42223828043601985 -0.08934561517891221 0.4002626365612664 1.091296145039579 1.6731151202320256 2.254934095424493 3.1135300392928236 3.685576951177594 4.188989589792548 4.639618759099985 5.097769010174767 5.402746005960517 5.619843174136655 5.6962445321823125 5.572089953979801 5.327123868324207 5.034684327392079 4.760606035052396 4.467155560459601 4.067110597734538 3.6660814203033243 3.177413614894954 2.767996511098632 2.4649256316019272 2.1665251176742726 1.9021093509181748 1.613009938622078 1.294971685524432 0.9695805225125851 0.6462975571780403 0.3769189772161313 0.1863992893082448 -0.0708684357840981 -0.29033789991194336 -0.3945246991061747 -0.43844032343750394 -0.45542501502760424
-0.465738643174123 -0.46239579634076955 -0.4563345288486138 -0.44581515549099693 -0.4287586816756784 -0.40357256844686973 -0.37039291259812357 -0.33145066146820007 -0.2900067260327547 -0.2485819147313057 -0.2081876594303552 -0.16867264906307036 -0.12922252304119064 -0.0889115778887666 -0.04697019188131063 -0.0030924516428091618 0.042203212566046325 0.08734333071367482 0.13018635520220057 0.16940607244129505 0.22906349175368682 0.3045425986767935 0.3872232095841432 0.3759578345847846 0.21652161074589704 0.20627381724435376 0.19160839264629292 -0.11601444208066775 -0.04681681992592099 -0.05968533670994919 -0.08148372674372706 -0.14233464939986604 -0.11582785527596887 -0.3663945637241499 -0.03325781091416651 0.4584858103642972 1.1483084325820592 1.7179302467652189 2.2875520609483972 3.1117102828239425 3.706933282986297 4.224886008359431 4.685227030552246 5.143395296565809 5.4438416733608905 5.655539307618688 5.7289833119028835 5.607626436453115 5.366375382200167 5.071092537971148 4.789647176654283 4.497614626592921 4.116031138018003 3.717649723256916 3.2240780777802165 2.8165458733455786 2.507622186240455 2.202992192545199 1.9477645563527948 1.664951595747408 1.3600921314851246 1.0534681759496423 0.7315636693020081 0.4527725003676719 0.24958487097754234 -0.011815515638316624 -0.2559208483965525 -0.38004216915868816 -0.4325821331892433 -0.4529518910177034
-0.3607242580330284 -0.3580972559011666 -0.35332295561025007 -0.3450037405393804 -0.33142600239339765 -0.3111808756118163 -0.28416628938204747 -0.2519837429981841 -0.21720026518030947 -0.1819169005304449 -0.14704654120588317 -0.11252018535217291 -0.07766818048473045 -0.04168781093249582 -0.003885344849865105 0.036032859868394426 0.07760698346233318 0.1193776804266983 0.1593099735415398 0.19609052251319278 0.2579028297375201 0.33907832306998864 0.41994648413757196 0.4072248816046462 0.23527018871397382 0.2206903805982667 0.20340222970732247 -0.09380093128780777 0.21008347533526592 0.16647493547152029 -0.04785307592235678 -0.11723391185305317 -0.09279553557778515 -0.30973827479242444 0.023958999875799337 0.5170715305150688 1.2062016955581454 1.762552348283926 2.318903001009723 3.1086176746911485 3.714001864904557 4.255378151055448 4.734631662649302 5.191729895097102 5.486545094015836 5.690879472339462 5.757536425871895 5.634738609447226 5.3970701360882405 5.105779390469436 4.820584101190491 4.52637188517288 4.154483473435064 3.7649730429401456 3.2740273930511425 2.8624830942805892 2.5499350989617193 2.2408211806252365 1.9889604562570824 1.7178885364859013 1.4235455227685685 1.1293698223679416 0.8145088795602746 0.5294100297933471 0.31480788854068886 0.04949366449337803 -0.21721251716395837 -0.36282433078054804 -0.4256672709876402 -0.4500445151221467
-0.25448637605034136 -0.25242808325657334 -0.24868047021244544 -0.24212918729423274 -0.23138004589957514 -0.21522406256985654 -0.19343303333762493 -0.16713857531178422 -0.13832807736946434 -0.10870941600310664 -0.07906820954362002 -0.04937753651667968 -0.019081111907301208 0.012519593489662112 0.04605291070872713 0.08180852614722812 0.11939831290858811 0.15749989945537352 0.19421415374712395 0.22826270130997692 0.2847585603998302 0.38004071661283606 0.45682703927900264 0.4507888699553409 0.25819467877511815 0.23732003347114894 0.21681947986018096 0.24889349116353507 0.25794396918339446 0.2157621337649532 -0.011745630059937713 -0.08929879442545959 -0.06752910099973516 -0.2514524000007119 0.08183385727689131 0.5767802221995764 1.2644363727160408 1.806771058070612 2.3491057434251967 3.1041992120457635 3.7071980594387974 4.281310479722835 4.786344796917839 5.2416251386289865 5.530183241280931 5.72577675994195 5.782507492989207 5.654668633615094 5.420614665135062 5.138935429219766 4.852980784725324 4.553625368003166 4.184559324294686 3.808780023416059 3.3258889661885447 2.9061197473664633 2.5916761699223034 2.2795240796479606 2.0264791623544745 1.7709756381665323 1.4849471985713163 1.1988433102486789 0.8940443891688648 0.6048695901616222 0.3803262332738765 0.1114529504264818 -0.17536018854522045 -0.34314133411272807 -0.4177243888387292 -0.4467027414970509
-0.14738113339634681 -0.14577187203243236 -0.1428375639858548 -0.1376948859984003 -0.1292210254826925 -0.11640208375929635 -0.09895810093108467 -0.07768059768655589 -0.05409052691678202 -0.0295494811127002 -0.004708922560581821 0.02044203348267435 0.046370645821268854 0.07368630966523995 0.10295920512355644 0.13447898797635482 0.16793650435871793 0.20216352032931292 0.2354234584221866 0.26649731902937196 0.32368936694216865 0.42766551333710334 0.44001653436392874 0.439556018831849 0.2861215012515225 0.2559004259873852 0.4464319972509418 0.30465231620597283 0.31011500673881337 0.2670438081326372 0.02798849048446936 -0.05889384670974655 -0.039235389210793385 -0.19239167676995855 0.14150738706652932 0.6369063621633997 1.324115566485622 1.8559149851865453 2.3877144038874802 3.097443785588161 3.696792179056075 4.310526296548294 4.844558897366253 5.2953600899269935 5.576790499594764 5.76253975011269 5.807961518781809 5.675369231030784 5.4412737869483365 5.160505244533181 4.877222131426744 4.58289611495597 4.217381275652531 3.8478736065481285 3.376851828490386 2.957173982260605 2.6360892703171683 2.3203837068375077 2.0676587628400425 1.8151680553896343 1.5491100223559409 1.2737557746567183 0.9751880371596594 0.6858852141433086 0.450927375594884 0.17778285283900655 -0.12559019182619427 -0.31837263187737447 -0.4074329373363393 -0.44240183720114523
-0.038087650420397676 -0.036835916666132715 -0.034550871935466965 -0.030537878272425385 -0.023902795310085836 -0.01381249111844375 1.9129802879701714e-05 0.01704406030661189 0.03611115758774349 0.05615401854849345 0.07664909295650638 0.09760528735234304 0.11941717430673085 0.1426148348294561 0.1677132428258418 0.19500107464710337 0.224249434100962 0.25445531668239874 0.2840678354728634 0.31195237864893 0.3691351704629519 0.4224039758023759 0.4697939426713719 0.4105294877169213 0.3225004352861335 0.482630254851912 0.49321322743534085 0.36604770244135987 0.3652706034517049 0.3226501389906024 0.07047753304280273 -0.024642093779887374 -0.008378865301810022 -0.13070308377213974 0.2017874070364116 0.6989979785123976 1.3841291864796552 1.9054454407154677 2.4267616949512907 3.0907927946278595 3.685094161955886 4.337581647464476 4.897390800186978 5.345519567248703 5.6212060830112796 5.7979410663200905 5.832728329927723 5.695930297628406 5.4609640326720665 5.178894661239787 4.898478256589688 4.610728334000667 4.249291977184981 3.8843179886226435 3.423843911163586 3.006126938159043 2.6788854638112163 2.359511916490276 2.107406697686447 1.8552694989283947 1.6074654206575865 1.341865979864637 1.0482744919382703 0.7594865072536662 0.5161910899842767 0.2394342376211896 -0.07686914588123045 -0.2927202834468979 -0.39643048926602215 -0.4377599479055319
0.07230179660828702 0.07327289423884412 0.07504725300694898 0.07816841904921491 0.08334296186816353 0.0912453117770018 0.10214188054964275 0.11565417823417064 0.13091542186512906 0.14709987625180798 0.16379603835156537 0.18101658676983423 0.19909510822843784 0.21848981732735415 0.23966133868755443 0.2628923963301557 0.28802792719094145 0.31423005614656313 0.34014609030638704 0.3647465849249177 0.4231806155468088 0.47591332192122016 0.5264242925070212 0.5605218556437646 0.53369333581001 0.539422681464267 0.546978970160724 0.43157931203619704 0.4257120590178241 0.38099078574449957 0.1176121286806023 0.012735207268177185 0.02657255716193246 -0.06795050328363512 0.26509175410684227 0.7616325092844306 1.4466119821228993 1.9609437557728382 2.475275529422785 3.097650613317115 3.67293982046316 4.339217374446111 4.9232049279512555 5.391554767166783 5.669102116172761 5.8354955632475285 5.859467701354012 5.720781941512813 5.4861032216132015 5.2023193172892945 4.9174221460929255 4.628660302470248 4.281243998829762 3.9287692318099383 3.4690629832374773 3.0555301966545216 2.730022711805102 2.4010620714150974 2.1496600288323306 1.9033140262935575 1.6574508143215425 1.4088931922441565 1.1292758127545544 0.8402053502929251 0.5891564125314563 0.30876695323134107 -0.017493453007409378 -0.2594113458680415 -0.38183982457655186 -0.4315590106550252
0.18716411868560945 0.18790973148038714 0.1892730904612693 0.1916744176414443 0.19566429330190496 0.2017783781562495 0.210250137461439 0.22082071231222863 0.23284475381518793 0.24569306641150315 0.25904987697044357 0.27293251672850166 0.2876201919769191 0.3035029546136501 0.32098520146164716 0.34033609627691547 0.3614644536529631 0.3836927128145922 0.40587418666617814 0.42710255583709733 0.4849545964122526 0.5413110410139242 0.5937009805203282 0.6250003298761568 0.6022954512892066 0.604567052522645 0.6080651888581734 0.5030696301765886 0.4910922996621566 0.44387398088833896 0.16882817313633003 0.0547421657124908 0.06506901652518453 -0.0017704450478628565 0.32966586983378116 0.8273127098790072 1.5098677755159164 2.017216190405184 2.5245646052944593 3.1214903058657897 3.6631039459605192 4.3391445698431275 4.947937178576141 5.43607164049814 5.713496159657112 5.8695448417377785 5.884745565991397 5.742450193729219 5.50746115904453 5.224167463075527 4.937293097601936 4.6468595483371935 4.30775966250922 3.965956290948674 3.5158996017324085 3.1025382634523875 2.7769880900013217 2.4436959368196147 2.1897480293282903 1.9481111330872642 1.7077457834318481 1.4699025085460031 1.2015765325420071 0.9148286085528562 0.6565985495298655 0.37375953159419323 0.0411836841394045 -0.22419826006016097 -0.3657890248543666 -0.4246430741445373
0.3034702088298982 0.30404076028140825 0.3050846125074396 0.3069250475291859 0.30998822885680943 0.31469488748715807 0.3212415869252972 0.3294506233071226 0.33884227888339247 0.34894015049816884 0.3595048739633628 0.3705568305543179 0.38232732597001395 0.39514356552203467 0.40935384339292447 0.42520618787603986 0.4426582754863286 0.4611757404891602 0.47980927466810297 0.4977823110308389 0.5598222889784468 0.6183485349811912 0.6744990133769103 0.7040705846944533 0.681141104461153 0.6812526791615394 0.6768370046732236 0.5827471912118289 0.5614585476306448 0.5123984120153657 0.22477703745698538 0.10181720135899446 0.10817901247747844 0.06716203319227339 0.3975102610587025 0.8946951000331651 1.576096002499601 2.0772573061128305 2.5784186097260666 3.173485164428441 3.6582147573187545 4.335797585948835 4.972000255697725 5.481448341845068 5.755956159733595 5.900201046826591 5.9087951389441065 5.759717374875573 5.523394820616471 5.244280174767222 4.9594229087224315 4.666117963493534 4.326828140217909 3.9946153115430425 3.5681960351797626 3.149517441693613 2.821474385484109 2.490637666365847 2.229214779730783 1.991388780821751 1.7620905338802986 1.5283408175104392 1.270186590302445 0.9891443271451266 0.7231773570603536 0.43890352588913517 0.10360455578505254 -0.18414138654875087 -0.3467637346905066 -0.4163294553565685
0.42974625925574705 0.430172927891606 0.4309539050600434 0.4323320106800298 0.43462894860553747 0.4381661325335399 0.4431019418949216 0.44931680648962663 0.4564618168189377 0.46418509474891845 0.4723103552796808 0.48085885935506445 0.4900169338024789 0.5000507997586181 0.5112505398466215 0.5238351448766689 0.5377979787425496 0.5527343084117013 0.5678869515380438 0.5826160419037989 0.647147892400421 0.7099532332236556 0.780034783337155 0.8001340936870096 0.7776799469444489 0.7700743621898443 0.7588743606021566 0.6702284445018021 0.6417479791165249 0.5861694658821099 0.2883489369161662 0.15397805313811075 0.15739475718528806 0.13909070682971758 0.46905254083901277 0.9649829614928183 1.644844829028964 2.142054893856684 2.63926495868441 3.2320478686514535 3.704362633372172 4.358029895372563 5.015777820909058 5.530605206225265 5.802389422734382 5.938705886639087 5.933222877004675 5.7760166005963285 5.537529351285447 5.2597419098029885 4.975501593146244 4.684213334134216 4.349362691158512 4.022400796444366 3.6088150465682878 3.200823830222239 2.8697639237538115 2.5345039498961537 2.2724730342376045 2.0338558758267573 1.81146745445099 1.5889546338915437 1.3359826981206029 1.0592394595240109 0.7902008125022062 0.4998833750011963 0.16553796652622468 -0.1387332022289427 -0.32418828074759876 -0.4062362553637778
0.5631223272354602 0.5634362125888488 0.5640109615485471 0.5650258239248325 0.5667192157133016 0.5693315595704654 0.5729861156696854 0.5776029910531324 0.5829317609859428 0.5887167610805697 0.5948306013318791 0.6012933277221852 0.6082511483767739 0.6159145806204364 0.624517532446115 0.6342451659219738 0.6451123926371959 0.6568222328714405 0.6687896756097939 0.6805058893248328 0.7498601604338437 0.8282258846855592 0.913351656619362 0.9200798076917923 0.8939727036209992 0.8752137938105214 0.8549712948828128 0.7681895933477922 0.7308648591059209 0.6679172750357857 0.35889272046352594 0.21444407254175396 0.21257009723210876 0.21766139915665625 0.5437585826148038 1.0400053965205884 1.7160585325111692 2.2076803351357963 2.6993021377604283 3.2899387885953026 3.7714517162204584 4.393088782670797 5.0665561312890235 5.579051988390701 5.8484805267189675 5.97940927782287 5.957274976769716 5.7915490158159475 5.550502411554349 5.272488588641613 4.988113341134616 4.701386742515329 4.37319162386514 4.049020624209502 3.6426061347235303 3.251418022165095 2.917445162427342 2.575161553829015 2.315622283604985 2.0742284764943344 1.85638143041468 1.646872170085762 1.3965035689396297 1.122995801176458 0.8530321215142722 0.5556210775239996 0.2235628891124582 -0.09295617639861024 -0.300277545532635 -0.39524693378225717
0.7069908332701486 0.7072162295761006 0.7076290670841742 0.7083584101431806 0.7095764532836873 0.7114581029430314 0.7140957528803681 0.7174367601712813 0.7213051007578674 0.7255193180898009 0.7299896006755657 0.7347333106282183 0.7398613371891872 0.7455343126933257 0.7519336168788557 0.7592084247509074 0.7673837741989612 0.7762493578318514 0.7853695423029153 0.7943557784964388 0.880896621588565 0.9757184005412634 1.0835970931588481 1.0724804357101712 1.0355444104936047 1.0025401943728791 0.9688520332831485 0.8812764453716635 0.8316084530750064 0.760778222782215 0.43836204263026296 0.2837226103294221 0.2752828084497595 0.30141389108813177 0.6250053174599887 1.1187347011364304 1.7932926547441386 2.281458736516279 2.769624818288425 3.3948618828494124 3.8962109615730336 4.520307176098205 5.1744718778124845 5.655462161227347 5.907747565351294 6.021226068775009 5.97967366022474 5.806247465747377 5.564961578933274 5.288796721519909 5.003060532668552 4.714701046602955 4.39036403550332 4.077376742864884 3.681087688606251 3.29351642410057 2.966229624226569 2.622920474980798 2.356979653330964 2.12156368672221 1.9033869922356208 1.6983216945582 1.460698116133841 1.1870934101819584 0.9133375766899383 0.6172421139270641 0.2837611283394544 -0.04179678412286059 -0.2697718124126349 -0.38097291358857455
0.8769635660135731 0.877115974993945 0.8773951947994545 0.8778886908458328 0.8787134537265686 0.8799890257577971 0.8817800847434292 0.8840537542400546 0.8866932617021716 0.8895772585680428 0.8926461304365885 0.8959135198086638 0.8994580861114838 0.9033943491905863 0.9078534249745671 0.9129466760669693 0.9187008356807839 0.9249769201619292 0.9314721195217862 0.937910151435138 1.0422656106845187 1.161597428877255 1.3029390851230143 1.2651733751391656 1.2092142261359857 1.1584058104050685 1.1055916470479379 1.012625131351372 0.9474997148319579 0.8655121782339674 0.5295116558811522 0.36340092578980676 0.34915851408637133 0.3919725879669758 0.7129837045797147 1.2026589379538057 1.8748078894116955 2.3579272016228083 2.841046513833925 3.5227893283653926 4.049760594481653 4.6788002641667745 5.294560530330683 5.733062842530762 5.963874834766711 6.058252031762424 5.998592882251537 5.818505110873771 5.577687077208373 5.303907302727743 5.017724026173985 4.7279396422201385 4.406521971353748 4.103622620599708 3.7178332071574904 3.333945726775899 3.011494527155021 2.668354875477187 2.3969981455736784 2.164798578576646 1.9483327852179495 1.7462454657532647 1.5178719923738748 1.245936463583318 0.9683059688621174 0.6724868954498084 0.34042805706173146 0.0074549780770928826 -0.23884482208570756 -0.3657931630701578
1.0728462138530608 1.0729432996215649 1.0731211970053567 1.073435716216535 1.073961650564064 1.0747757690394057 1.075920350129687 1.07737579739301 1.079068865637155 1.080922971783868 1.08290075694693 1.085011935510952 1.087308556664548 1.0898666923056617 1.0927743902920295 1.0961083105618894 1.0998910617649298 1.1040364578163868 1.10834794469038 1.112642825170161 1.2431796697761377 1.3981129937181191 1.4396537137184695 1.4356927166336872 1.3863491826101566 1.336205916060818 1.2679108132956287 1.1656008297827736 1.0808844418991113 0.9841302058977498 0.634791951291682 0.4556950466512685 0.43415767462113 0.4913085302364414 0.8083238308326224 1.2952827184461273 1.9619564170922499 2.448556016864894 2.9351556166375428 3.73222813801192 4.298090261137832 4.932523978093692 5.474500114240677 5.833020009736359 6.022680919204118 6.086341656813729 6.00712850086957 5.822426616413807 5.58407569814728 5.314481088725018 5.031722025870701 4.74336354866492 4.422764972061833 4.125663854112326 3.7546054204121213 3.3798934756215995 3.055871211211595 2.7150488217654796 2.4415429546528644 2.202672373102427 1.9965202914608526 1.7965584120975975 1.5694964842104335 1.3060907706104659 1.0228677874363967 0.7223424436817496 0.40167979359063416 0.06151360656022206 -0.203353607552889 -0.3470105858925386
1.3040728076149248 1.3041298173493079 1.304234294123719 1.3044190503012305 1.3047281201573855 1.3052068482107695 1.30588052412775 1.3067382239226488 1.307737439378497 1.3088335269259228 1.3100048374366158 1.3112575470165866 1.3126231033119746 1.3141475991626363 1.3158848164833254 1.3178824398771338 1.320156431733964 1.3226574903873087 1.3252687933223815 1.3278801914630827 1.4960717699645212 1.5190033304573425 1.5196139538619715 1.5066340078334972 1.4541136095379443 1.4091284357880072 1.3665382172491403 1.2916913633531437 1.2152888363922514 1.1174437042787981 0.7551227796917511 0.5622664371314631 0.532161476643013 0.6012460910917031 0.9127186788237088 1.3956445217235416 2.056585117501921 2.5786131508537324 3.100641184205551 4.159673540390024 4.727014115359032 5.25598953645701 5.661749215677539 5.932698878016743 6.080679087030677 6.108870954900629 6.009914212800884 5.822770231794771 5.589137254433993 5.325417066210545 5.045252227736936 4.75771561951984 4.4398352504813365 4.148623486581004 3.787064929654613 3.422362910673265 3.10199580684571 2.758978859525226 2.4847322166320205 2.2426939051643178 2.038460673287596 1.8431514316025344 1.6196241089600873 1.3573281079891353 1.07475663854331 0.7708361764734746 0.4542998590703313 0.11595881374418895 -0.16540587129784257 -0.32634649881373406
1.5836869034000718 1.5837168500643255 1.5837717355510053 1.5838688100974616 1.5840312453223988 1.5842829546316946 1.5846373879726816 1.585089016668897 1.5856156940756612 1.5861940909236922 1.5868129443501102 1.5874756755083403 1.588199132400913 1.5890080572252352 1.5899314804591969 1.5909954618853248 1.5922094271242027 1.5935480324118514 1.594949464689735 1.5963548515527086 1.6245036488701248 1.6080537067241463 1.6002943591605778 1.578203307216892 1.522384231150586 1.4826895632920842 1.431631004397913 1.3461998934383217 1.2772898899458798 1.1949660237417834 0.8575035670695217 0.6731957597923292 0.6442553189217637 0.7227355279525651 1.0274372783319765 1.5051933791059555 2.160913290044757 2.7217079689637087 3.2825026478826667 4.494270039626678 5.05786200527726 5.528668300119143 5.836048137149768 6.030007587161563 6.137858659561547 6.126195470690433 6.006460841380177 5.819164964101048 5.592786996435131 5.336745448723717 5.058340695959897 4.771026429817894 4.457759342626766 4.1725060320714205 3.8157749496823277 3.4619765832585028 3.1495019824768207 2.8006515707191504 2.526813992116307 2.284546044098687 2.0752518007149217 1.886735288487809 1.6685052593223215 1.4015658076754853 1.1244780109055332 0.8181995763368826 0.5001820548075908 0.17055022442758705 -0.12532681157661335 -0.3038275028824813
1.7227642207409672 1.7227859615268666 1.7228258085541739 1.7228962883431287 1.7230142321069462 1.7231970214003498 1.7234544572387638 1.723782572345141 1.7241653293131092 1.7245858189056562 1.7250358893359752 1.7255180643949517 1.7260446496923565 1.7266337274147763 1.727306549852373 1.728082266586588 1.728967960475742 1.7299453657609436 1.7309695156248588 1.731997448258806 1.7188453189252357 1.6977623295655984 1.6815778171532525 1.6503095936102827 1.6004642165130638 1.5551532962031103 1.4899830126153912 1.4131880134201154 1.3415386756809653 1.2509685538826545 0.9088205746529148 0.7304336343253948 0.7133442726497223 0.8328553024080236 1.150847685066628 1.6241994723042603 2.2742236256244577 3.3738560426285376 4.473488459632617 5.307055933208691 5.65471542916285 5.877261899051724 6.040980706811898 6.127731170373086 6.161443468761957 6.109560925958356 5.982170486380349 5.801886222858476 5.587607508992529 5.340967356377192 5.068728425080485 4.785719301676772 4.475888099037633 4.196099452032444 3.848927826890894 3.498826637300362 3.190558362942519 2.848823131128488 2.5676613438258555 2.3253002115345716 2.117134251361734 1.9261860387181928 1.7121706756549484 1.4473491731822201 1.1660765098418882 0.8648997706478352 0.549216573011285 0.21984824674507195 -0.08052770443328515 -0.276811638842419
1.8240913989881098 1.8241086157044033 1.82414017137537 1.8241959872281241 1.8242893959763182 1.8244341713179162 1.8246380907518378 1.8248980328873712 1.8252013154126236 1.8255345598386146 1.8258913216836468 1.8262736172470158 1.8266912241562454 1.8271585146332157 1.8276923964937049 1.8283081364315443 1.829011450000661 1.8297879325301747 1.8306019356235628 1.8314193410843675 1.8136996290225729 1.788009991411064 1.7633648493707206 1.7229518823648258 1.6795767884376895 1.6195242691976246 1.5603982115752884 1.4823268170201265 1.399325190880769 1.304594640974338 0.9604518172725436 0.7819447480000193 0.762860030224556 0.8857700751921809 1.21038030982745 1.7241311601211815 2.3915969311105227 3.662289529413293 4.93298212771606 5.6534754477783355 5.9444832965216 6.093078287263137 6.189840240807034 6.206302320420885 6.171407961474707 6.078754799505889 5.948041589196237 5.778307242817569 5.578618345494124 5.3423746714938956 5.077918978928185 4.80041211791679 4.493770588647977 4.21897232307912 3.8815736096897524 3.533367451775193 3.227935851658783 2.8950166529940935 2.6061994733670075 2.3634613187721887 2.157624494024213 1.9625942902484195 1.7516572042570533 1.4902955362384438 1.2034694254250988 0.9080959327862542 0.5955673251468354 0.264909543091732 -0.03739278521212744 -0.2493901083647059
1.9254196604927418 1.9254332945104218 1.9254582839216186 1.925502486261394 1.9255764622486211 1.925691125060839 1.9258526437811012 1.9260585593315729 1.9262988397421887 1.9265628981294998 1.9268456380154562 1.9271486672857172 1.9274797495326126 1.927850299503235 1.928273755807911 1.928762272704178 1.9293204439355993 1.9299369008512306 1.9305833894462439 1.9312328310202078 1.908968047460684 1.8786979682258564 1.8455714056337502 1.8046443976544002 1.7507659009806114 1.7002962518063465 1.632105197730049 1.5443571007332657 1.4570141948491315 1.3583431103417418 1.0123636920372274 0.8320174696457103 0.818688653531757 0.938708146521066 1.2669322263694334 1.7710971594437597 2.458819209282287 4.1194831628000825 5.780147116317868 6.1216612343177355 6.137363102610216 6.14711174310201 6.155533361430262 6.131146625821242 6.079804783754413 5.995882516780124 5.881544994877393 5.729142319921374 5.548083548425532 5.329569166418225 5.08159818456314 4.813049115213769 4.515469082336061 4.245310415303884 3.91208882660631 3.5743505401218973 3.2707738509637116 2.9354637245978483 2.651913272208856 2.4018012251516376 2.194367270461575 2.0025188818926676 1.7854606849471906 1.5273269808240229 1.2448523479822273 0.9447581961312703 0.6404329584408153 0.31765535376218107 0.006005320785048802 -0.21671898138742282
2.026748779840104 2.026759576667339 2.0267793660543214 2.0268143709489963 2.0268729559687406 2.0269637668775036 2.0270916952925364 2.027254801879338 2.0274451493417387 2.027654358688771 2.0278783983827995 2.0281185487540436 2.028380970817704 2.028674724936526 2.029010484222595 2.029397914370766 2.0298406959175903 2.03032985051727 2.0308429890262354 2.0313586299790134 2.0045703364110152 1.969744881358978 1.9281267844033723 1.8882726921916833 1.8379106343823925 1.771470413661649 1.6973541587482426 1.6065133593894463 1.5148449409204099 1.412199949222601 1.0645258647715303 0.8824913317467052 0.8682973913760107 0.992099240973841 1.3215365151371135 1.8180634472911297 2.517044375290344 4.257291284631631 5.997538193972906 6.216298476430938 6.169924435072526 6.123534265537419 6.0795646617028964 6.026866310790779 5.96572643630905 5.894186777302674 5.799286324820737 5.667488372052634 5.507948231544897 5.3096308228114735 5.080214948583099 4.824143538901974 4.537166357336614 4.271467115142315 3.9435809442103875 3.6127720607793656 3.311861962017899 2.9762858203946907 2.694075902404208 2.4405037160579863 2.229622658696914 2.0382637272433315 1.8186319148826335 1.5612210529373438 1.281366764803209 0.9817016923287911 0.6811339135494257 0.36486534741444315 0.04977660759870728 -0.18431450700554639
2.1280785785192124 2.1280871285460283 2.128102799911842 2.128130520917621 2.1281769164887767 2.128248835466819 2.1283501554841555 2.1284793458114772 2.1286301253232662 2.1287958617022236 2.1289733651274014 2.129163653927869 2.1293716152041555 2.129604437082948 2.1298705911624394 2.1301777573751717 2.1305288773267024 2.130916856627869 2.1313239561856747 2.1317331411551645 2.1004413867284564 2.0610839043453693 2.0258131361245337 1.97585536295971 1.912035211482409 1.8413415411083534 1.7628652489180299 1.6687790025537679 1.5728000448609107 1.466152701264637 1.1169110222394625 0.9333250361107753 0.9183122077521535 1.048528413824591 1.3761584642816223 1.8749580268273107 2.562655224342838 4.306561325556963 6.050467426771073 5.9108640653973366 5.891653797869382 5.878507148381517 5.867468269689371 5.8485776015500965 5.816966200867179 5.763449057053146 5.687757967768861 5.579892336385112 5.446337694340957 5.273539845000843 5.068065860921571 4.832531127104994 4.559882931678061 4.298746489159197 3.9787174946655055 3.6499439898939188 3.353398538548108 3.020850330820731 2.734044839750573 2.482662684311082 2.264897723752248 2.069700341125323 1.852956465671198 1.5922191623426827 1.3125845409193815 1.0217556810219373 0.7184207715969704 0.4077882125830893 0.09767031982903401 -0.15024216652449293

-2.605538224098697 -2.3732659682348776 -2.1620754516927865 -1.969980207718174 -1.7934092208473165 -1.6284888702300555 -1.4723707458007267 -1.3239159678345456 -1.1835474835266175 -1.0518206301248987 -0.9284069456144775 -0.8121080537065357 -0.701189893788686 -0.5941456043829261 -0.4903025532259071 -0.3901982760381937 -0.2957005819927083 -0.2096150854613217 -0.13447625115811393 -0.041523005408243926 0.11288938434586056 0.39254306182333454 0.7842332977949843 0.6597340869785643 0.5967601071605395 0.37318062190953905 0.40387718236028813 0.5434522175608602 0.1409088835617882 0.08985377641911299 0.06781389458711722 -0.06632294854588117 -0.17618216297440592 -0.522510112484599 -1.0730335994376552 -1.4549828716435997 -3.4571730826625005 -0.6390210310802467 2.1791310217425908 1.7267994880286524 1.4523774939531673 2.063383492047466 2.6490825697954623 3.16420858042424 3.176623737778418 2.298079468978092 2.379604362075037 1.775007023373082 1.7540941877423295 1.4188624498019573 1.4558113358373435 1.5289689641864068 1.186309825980393 0.7045312866944254 -0.14646038752205287 -0.5728430905825801 -0.6899506948211025 -0.48134508463964776 -0.34875187126450563 -1.211503033500547 -3.3354213552142657 -4.608108368987007 -6.376475219040516 -6.999297977734143 -7.76940587293111 -6.59762472146225 -6.814576493071555 -7.666066660465255 -8.64442969956093 -9.67799084764521
-2.605538224098697 -2.3732659682348776 -2.1620754516927865 -1.969980207718174 -1.7934092208473165 -1.6284888702300555 -1.4723707458007267 -1.3239159678345456 -1.1835474835266173 -1.0518206301248987 -0.9284069456144777 -0.8121080537065357 -0.701189893788686 -0.5941456043829261 -0.4903025532259073 -0.3901982760381939 -0.2957005819927083 -0.20961508546132193 -0.1344762511581141 -0.041523005408243926 0.11288938434586056 0.4027080789280708 0.7842332977949843 0.6597340869785643 0.5967601071605395 0.373180621909539 0.403877182360288 0.5434522175608602 0.14090888356178813 0.08985377641911299 0.06781389458711722 -0.06632294854588117 -0.17618216297440592 -0.522510112484599 -1.0730335994376552 -1.4549828716435997 -3.4571730826625005 -0.6331529921143267 2.190867099674481 1.7858904110602054 1.4750969178146986 2.078671114230552 2.653831958720847 3.1653978716582998 3.177366779636529 2.301911035789611 2.362226556907632 1.7847744978101208 1.7532074534681557 1.4108537583980527 1.4572191759700586 1.5301261745510488 1.186309825980393 0.7045312866944254 -0.14646038752205287 -0.5728430905825801 -0.6899506948211025 -0.48134508463964776 -0.34875187126450574 -1.211503033500547 -3.3354213552142657 -4.608108368987007 -6.376475219040516 -6.999297977734143 -7.76940587293111 -6.59762472146225 -6.814576493071555 -7.666066660465255 -8.64442969956093 -9.67799084764521
-2.605538224098697 -2.3732659682348776 -2.1620754516927865 -1.969980207718174 -1.7934092208473165 -1.6284888702300555 -1.4723707458007267 -1.3239159678345456 -1.1835474835266175 -1.0518206301248987 -0.9284069456144777 -0.8121080537065359 -0.7011898937886858 -0.5941456043829261 -0.49030255322590693 -0.3901982760381939 -0.2957005819927083 -0.2096150854613217 -0.1344762511581141 -0.041523005408243926 0.11288938434586078 0.4027806049335556 0.7842332977949843 0.6597340869785643 0.5967601071605397 0.37318062190953916 0.4038771823602881 0.5434522175608602 0.1409088835617882 0.08985377641911299 0.06781389458711722 -0.06632294854588117 -0.17618216297440592 -0.522510112484599 -1.0730335994376552 -1.4549828716435997 -3.4571730826625005 -0.6279387432164005 2.2012955974703785 1.837182198150972 1.4971949661070754 2.0938567363152725 2.6589255995396783 3.1664098552175455 3.17773146917872 2.3054678622144964 2.3420785164927165 1.7938062236523886 1.751538636033752 1.4016874254447211 1.4591977290807525 1.5317814671141914 1.186309825980393 0.7045312866944254 -0.1464603875220528 -0.5728430905825801 -0.6899506948211025 -0.48134508463964776 -0.3487518712645057 -1.211503033500547 -3.3354213552142657 -4.608108368987007 -6.376475219040516 -6.999297977734143 -7.76940587293111 -6.59762472146225 -6.814576493071555 -7.666066660465255 -8.64442969956093 -9.67799084764521
-2.605538224098697 -2.3732659682348776 -2.1620754516927865 -1.969980207718174 -1.7934092208473165 -1.6284888702300555 -1.4723707458007267 -1.3239159678345456 -1.1835474835266175 -1.0518206301248987 -0.9284069456144777 -0.8121080537065359 -0.701189893788686 -0.5941456043829263 -0.4903025532259073 -0.3901982760381939 -0.29570058199270854 -0.20961508546132193 -0.1344762511581143 -0.041523005408244565 0.11288938434586056 0.4028893064248792 0.7842332977949843 0.6597340869785642 0.5967601071605395 0.373180621909539 0.4038771823602881 0.5434522175608602 0.14090888356178813 0.08985377641911292 0.06781389458711722 -0.06632294854588117 -0.17618216297440592 -0.522510112484599 -1.0730335994376552 -1.4549828716435997 -3.4571730826625 -0.6234620247313357 2.210249034440546 1.888755963838411 1.528414219979415 2.1145988313295128 2.6630514363281605 3.1668844517726003 3.17818451314954 2.307091105570153 2.3248530477631175 1.8058150613284565 1.7493679528690005 1.3933655611739968 1.4621483609314483 1.5350026101899614 1.1842954976607887 0.7047163782197783 -0.1464603875220528 -0.5728430905825801 -0.6899506948211024 -0.48134508463964776 -0.3487518712645057 -1.211503033500547 -3.3354213552142657 -4.608108368987007 -6.376475219040516 -6.999297977734143 -7.76940587293111 -6.59762472146225 -6.814576493071555 -7.666066660465254 -8.64442969956093 -9.67799084764521
-2.605538224098697 -2.3732659682348776 -2.1620754516927865 -1.969980207718174 -1.7934092208473165 -1.6284888702300555 -1.4723707458007267 -1.3239159678345456 -1.1835474835266175 -1.0518206301248987 -0.9284069456144777 -0.8121080537065359 -0.7011898937886862 -0.5941456043829261 -0.4903025532259071 -0.3901982760381939 -0.2957005819927083 -0.2096150854613217 -0.1344762511581141 -0.041523005408244135 0.11288938434586056 0.40305431951945647 0.7842332977949843 0.6597340869785643 0.5967601071605395 0.373180621909539 0.403877182360288 0.5434522175608602 0.14090888356178813 0.08985377641911299 0.06781389458711722 -0.06632294854588117 -0.17618216297440592 -0.522510112484599 -1.0730335994376552 -1.4549828716435997 -3.4571730826625 -0.6180011824193742 2.2211707190645154 1.9402886816540628 1.5563165655320093 2.1341575378648785 2.6675177588362047 3.1672568828992373 3.178492945610912 2.3087406523545617 2.3098007369221785 1.816760200185451 1.7468599374921727 1.3858616594949027 1.4663646626586724 1.5385328178986302 1.1821983799412057 0.7064840224845332 -0.1464603875220528 -0.57284309058258 -0.6899506948211025 -0.48134508463964776 -0.3487518712645057 -1.211503033500547 -3.3354213552142657 -4.608108368987007 -6.376475219040516 -6.999297977734143 -7.76940587293111 -6.59762472146225 -6.814576493071555 -7.666066660465255 -8.64442969956093 -9.67799084764521
-2.605538224098697 -2.3732659682348776 -2.1620754516927865 -1.969980207718174 -1.7934092208473165 -1.6284888702300555 -1.4723707458007267 -1.3239159678345456 -1.1835474835266175 -1.0518206301248987 -0.9284069456144777 -0.8121080537065359 -0.701189893788686 -0.5941456043829263 -0.4903025532259071 -0.3901982760381941 -0.2957005819927087 -0.20961508546132193 -0.1344762511581141 -0.041523005408244135 0.11288938434586078 0.40324732750207226 0.7842332977949843 0.6597340869785643 0.5967601071605397 0.373180621909539 0.4038771823602881 0.54345221756086 0.1409088835617882 0.08985377641911292 0.06781389458711722 -0.06632294854588117 -0.17618216297440592 -0.522510112484599 -1.0730335994376552 -1.4549828716435997 -3.4571730826625 -0.609723493300824 2.2377260973016835 1.9995340842679015 1.578765566548865 2.1519123322346125 2.6730427895156983 3.16737472433055 3.17839130867695 2.310584339185973 2.302259294097611 1.8252260524483328 1.7434432495728127 1.3809537081351506 1.4740405508063361 1.542870724879265 1.180002253657035 0.71262959217253 -0.1464603875220528 -0.5728430905825801 -0.6899506948211025 -0.48134508463964776 -0.3487518712645057 -1.211503033500547 -3.3354213552142657 -4.608108368987007 -6.376475219040516 -6.999297977734143 -7.76940587293111 -6.59762472146225 -6.814576493071555 -7.666066660465255 -8.64442969956093 -9.67799084764521
-2.605538224098697 -2.3732659682348776 -2.1620754516927865 -1.969980207718174 -1.7934092208473165 -1.6284888702300555 -1.4723707458007267 -1.3239159678345456 -1.1835474835266175 -1.0518206301248987 -0.9284069456144777 -0.8121080537065359 -0.701189893788686 -0.5941456043829265 -0.4903025532259071 -0.3901982760381939 -0.29570058199270854 -0.20961508546132193 -0.1344762511581141 -0.041523005408244135 0.11288938434586056 0.4034896085267222 0.7842332977949843 0.6597340869785642 0.5967601071605395 0.373180621909539 0.403877182360288 0.54345221756086 0.14090888356178813 0.08985377641911292 0.06781389458711722 -0.06632294854588117 -0.17618216297440592 -0.522510112484599 -1.0730335994376552 -1.4549828716435997 -3.4571730826625 -0.602964367805161 2.251244348293064 2.0382032606568727 1.6065478450495605 2.16990672834219 2.678165385589655 3.1674243422391704 3.178168548551943 2.3113167996748274 2.2923616760311214 1.835273003187902 1.7391623461537884 1.3752572583248222 1.4848837846866678 1.547049285101216 1.1785030857772878 0.7206999601659103 -0.1421704062382432 -0.5725412639286434 -0.6899506948211023 -0.48134508463964776 -0.3487518712645056 -1.211503033500547 -3.3354213552142657 -4.608108368987007 -6.376475219040516 -6.999297977734143 -7.76940587293111 -6.59762472146225 -6.814576493071555 -7.666066660465255 -8.64442969956093 -9.67799084764521
-2.605538224098697 -2.3732659682348776 -2.1620754516927865 -1.969980207718174 -1.7934092208473165 -1.6284888702300555 -1.4723707458007267 -1.3239159678345456 -1.1835474835266175 -1.0518206301248987 -0.9284069456144777 -0.8121080537065357 -0.7011898937886858 -0.5941456043829261 -0.4903025532259071 -0.3901982760381939 -0.2957005819927083 -0.2096150854613217 -0.1344762511581141 -0.041523005408244135 0.11288938434586056 0.40371523282166943 0.7842332977949843 0.6597340869785643 0.5967601071605395 0.373180621909539 0.40387718236028813 0.5434522175608602 0.14090888356178813 0.08985377641911292 0.0678138945871173 -0.06632294854588117 -0.17618216297440592 -0.522510112484599 -1.0730335994376552 -1.4549828716435997 -3.4571730826625 -0.5973963738348971 2.2623803362336363 2.0630851744227527 1.6376445080089377 2.1879340995037273 2.682953753144382 3.167417124151507 3.177844676155228 2.3111278675599904 2.28032797952976 1.846507685734927 1.734132961424174 1.3688656088412055 1.4981289651031169 1.551091878582012 1.1775900118545748 0.730261431289414 -0.13441369508006962 -0.5719884489232365 -0.6899506948211025 -0.48134508463964776 -0.3487518712645057 -1.211503033500547 -3.3354213552142657 -4.608108368987007 -6.376475219040516 -6.999297977734143 -7.76940587293111 -6.59762472146225 -6.814576493071555 -7.666066660465255 -8.64442969956093 -9.67799084764521
-2.605538224098697 -2.3732659682348776 -2.1620754516927865 -1.969980207718174 -1.7934092208473165 -1.6284888702300555 -1.4723707458007267 -1.3239159678345456 -1.1835474835266173 -1.0518206301248987 -0.9284069456144777 -0.8121080537065359 -0.701189893788686 -0.5941456043829261 -0.4903025532259071 -0.3901982760381939 -0.2957005819927083 -0.2096150854613217 -0.1344762511581141 -0.041523005408244135 0.11288938434586056 0.40390731491955845 0.7842332977949843 0.6597340869785643 0.5967601071605395 0.373180621909539 0.4038771823602881 0.5434522175608602 0.1409088835617882 0.08985377641911299 0.06781389458711722 -0.06632294854588117 -0.17618216297440592 -0.522510112484599 -1.0730335994376552 -1.4549828716435997 -3.4571730826625 -0.5898272840445324 2.2775185158144247 2.099596202740493 1.6857597714278043 2.2082086352295502 2.6889730377911087 3.167022493882299 3.177169713671204 2.3100335515575585 2.2757791795157467 1.8575611000806513 1.7288265721202496 1.3652444761467721 1.5152807069091008 1.5595592935880083 1.185643612486842 0.7425241777763721 -0.12218247808090009 -0.5642428412975292 -0.6868732433548873 -0.48134508463964776 -0.3487518712645057 -1.211503033500547 -3.3354213552142657 -4.608108368987007 -6.376475219040516 -6.999297977734143 -7.76940587293111 -6.59762472146225 -6.814576493071555 -7.666066660465254 -8.64442969956093 -9.67799084764521
-2.605538224098697 -2.3732659682348776 -2.1620754516927865 -1.969980207718174 -1.7934092208473165 -1.6284888702300555 -1.4723707458007265 -1.3239159678345456 -1.1835474835266173 -1.0518206301248985 -0.9284069456144775 -0.8121080537065359 -0.701189893788686 -0.5941456043829261 -0.4903025532259071 -0.3901982760381934 -0.2957005819927083 -0.2096150854613217 -0.1344762511581141 -0.041523005408244135 0.11288938434586078 0.404042280300303 0.7842332977949843 0.6597340869785643 0.5967601071605395 0.373180621909539 0.4038771823602883 0.5434522175608602 0.14090888356178813 0.08985377641911299 0.0678138945871173 -0.06632294854588117 -0.17618216297440592 -0.522510112484599 -1.0730335994376552 -1.4549828716435997 -3.4571730826625 -0.5819332537323727 2.2933065764388054 2.1367171817555497 1.7337318067555287 2.227657794501026 2.695112641865748 3.1664855612301803 3.1763247098562655 2.308591854654878 2.2727170514488892 1.8681549714870205 1.723144867953294 1.3621264022520008 1.5324144522099394 1.5688853386580581 1.1958280605223712 0.7555560641070925 -0.10880960695433224 -0.5542313032026419 -0.6827138208057659 -0.48173019755756885 -0.3487518712645057 -1.211503033500547 -3.3354213552142657 -4.608108368987007 -6.376475219040516 -6.999297977734143 -7.76940587293111 -6.59762472146225 -6.814576493071555 -7.666066660465255 -8.64442969956093 -9.67799084764521
-2.605538224098697 -2.3732659682348776 -2.1620754516927865 -1.969980207718174 -1.7934092208473165 -1.6284888702300555 -1.4723707458007267 -1.3239159678345456 -1.1835474835266175 -1.0518206301248987 -0.9284069456144777 -0.8121080537065359 -0.701189893788686 -0.5941456043829261 -0.4903025532259071 -0.3901982760381939 -0.2957005819927083 -0.20961508546132193 -0.1344762511581141 -0.04152300540824436 0.11288938434586056 0.4040464706346893 0.7842332977949843 0.6597340869785643 0.5967601071605395 0.373180621909539 0.403877182360288 0.5434522175608602 0.1409088835617882 0.08985377641911299 0.06781389458711722 -0.06632294854588117 -0.17618216297440592 -0.522510112484599 -1.0730335994376552 -1.4549828716435997 -3.4571730826624996 -0.5731348730495804 2.3109033378044566 2.178213267023001 1.7852949181202211 2.2423718639932746 2.7006984953713893 3.165455032157465 3.1747070821404755 2.3058895741373893 2.268927763247429 1.8768857263518763 1.7152430593966586 1.3584757305924073 1.547206853520783 1.5789434305153214 1.20946861054122 0.7722414086549206 -0.09156998181826392 -0.5370809884793775 -0.6748658921662669 -0.4852110184934305 -0.3487518712645057 -1.211503033500547 -3.3354213552142657 -4.608108368987007 -6.376475219040516 -6.999297977734143 -7.76940587293111 -6.59762472146225 -6.814576493071555 -7.666066660465254 -8.64442969956093 -9.67799084764521
-2.6055382240986966 -2.3732659682348776 -2.1620754516927865 -1.969980207718174 -1.7934092208473165 -1.6284888702300555 -1.4723707458007267 -1.3239159678345456 -1.1835474835266175 -1.0518206301248987 -0.9284069456144777 -0.8121080537065359 -0.701189893788686 -0.5941456043829265 -0.4903025532259073 -0.3901982760381939 -0.29570058199270854 -0.20961508546132193 -0.1344762511581141 -0.04152300540824436 0.11288938434586046 0.40404950714299426 0.7842332977949843 0.6597340869785643 0.5967601071605395 0.37318062190953905 0.4038771823602881 0.54345221756086 0.14090888356178813 0.08985377641911292 0.06781389458711722 -0.06632294854588117 -0.17618216297440592 -0.522510112484599 -1.0730335994376552 -1.4549828716435997 -3.4571730826624996 -0.5669246268189176 2.3233238302658283 2.2100225384860925 1.8350939215511852 2.2572385198735074 2.7060551639502535 3.164152330185351 3.1727552528910916 2.302278791053648 2.2652802015201243 1.8870947647667253 1.7081584209123715 1.3562357073437934 1.5638495004434843 1.58869361308045 1.2235453657889022 0.7912476894354201 -0.07325457750479655 -0.5201781785015255 -0.6695632197856662 -0.4920482781869566 -0.3476602283553741 -1.211503033500547 -3.3354213552142657 -4.608108368987007 -6.376475219040516 -6.999297977734143 -7.76940587293111 -6.59762472146225 -6.814576493071555 -7.666066660465254 -8.64442969956093 -9.67799084764521
-2.605538224098697 -2.3732659682348776 -2.1620754516927865 -1.969980207718174 -1.7934092208473165 -1.6284888702300555 -1.4723707458007267 -1.3239159678345456 -1.1835474835266175 -1.0518206301248987 -0.9284069456144777 -0.8121080537065359 -0.701189893788686 -0.5941456043829261 -0.4903025532259073 -0.3901982760381941 -0.2957005819927083 -0.2096150854613221 -0.1344762511581141 -0.041523005408244135 0.11288938434586056 0.40404950714299426 0.7842332977949843 0.6597340869785643 0.5967601071605395 0.373180621909539 0.403877182360288 0.5434522175608602 0.1409088835617882 0.08985377641911292 0.06781389458711722 -0.06632294854588117 -0.17618216297440592 -0.522510112484599 -1.0730335994376552 -1.4549828716435997 -3.4571730826624996 -0.5642932239486557 2.3285866360063716 2.230787113791333 1.884871333533888 2.272556826925033 2.7111057766270004 3.162428889412113 3.170286641801479 2.2972499429709847 2.261873434722384 1.8995405979754072 1.7024603027081935 1.3562055667756765 1.583323093042406 1.5981088344276357 1.238447599168595 0.8137587691826287 -0.05312930448016583 -0.5033100914953073 -0.6680098352170049 -0.5042531976622838 -0.3449002614259947 -1.211503033500547 -3.3354213552142657 -4.608108368987007 -6.376475219040516 -6.999297977734143 -7.76940587293111 -6.59762472146225 -6.814576493071555 -7.666066660465254 -8.64442969956093 -9.67799084764521
-2.605538224098697 -2.3732659682348776 -2.1620754516927865 -1.969980207718174 -1.7934092208473165 -1.6284888702300555 -1.4723707458007267 -1.3239159678345456 -1.1835474835266173 -1.0518206301248987 -0.9284069456144777 -0.8121080537065362 -0.701189893788686 -0.5941456043829261 -0.4903025532259071 -0.3901982760381939 -0.29570058199270854 -0.20961508546132193 -0.1344762511581143 -0.041523005408244135 0.11288938434586046 0.4040495071429945 0.7842332977949843 0.6597340869785643 0.5967601071605395 0.373180621909539 0.4038771823602881 0.5434522175608602 0.14090888356178813 0.08985377641911299 0.06781389458711722 -0.06632294854588117 -0.17618216297440592 -0.522510112484599 -1.0730335994376552 -1.4549828716435997 -3.4571730826624996 -0.5599712359576633 2.337230611988388 2.255062610000995 1.933629209862742 2.2880354748231024 2.7173371753167013 3.160264501530178 3.167179468083936 2.2904485219273973 2.259976879103825 1.9070121679725867 1.69539577577426 1.3581753162777108 1.6013555284121332 1.6098145417150194 1.2530743950324505 0.8339370960565549 -0.02868100017224178 -0.49235093671251046 -0.6773303374410691 -0.5186097232521796 -0.33825221850665826 -1.209304279109492 -3.3354213552142657 -4.608108368987007 -6.376475219040516 -6.999297977734143 -7.76940587293111 -6.59762472146225 -6.814576493071555 -7.666066660465254 -8.64442969956093 -9.67799084764521
-2.605538224098697 -2.3732659682348776 -2.1620754516927865 -1.969980207718174 -1.7934092208473165 -1.6284888702300555 -1.4723707458007267 -1.3239159678345456 -1.1835474835266175 -1.0518206301248987 -0.9284069456144777 -0.8121080537065359 -0.701189893788686 -0.5941456043829265 -0.4903025532259073 -0.3901982760381939 -0.2957005819927087 -0.20961508546132193 -0.1344762511581141 -0.04152300540824436 0.11288938434586056 0.40404950714299426 0.7842332977949843 0.6597340869785643 0.5967601071605395 0.373180621909539 0.403877182360288 0.5434522175608602 0.14090888356178813 0.08985377641911284 0.06781389458711722 -0.06632294854588117 -0.17618216297440592 -0.522510112484599 -1.0730335994376552 -1.4549828716435997 -3.4571730826624996 -0.5549312302832339 2.347310623337283 2.2800585374836237 1.9792222636261259 2.303296038895881 2.7240629034662542 3.157880640805785 3.163749016000002 2.282704394903349 2.2588078698384586 1.9121659392520007 1.6875859886530262 1.361084342396888 1.618390746296825 1.6223673651773123 1.2673258365866333 0.8526590702613159 -0.003193862382442104 -0.48414462912959 -0.6922646788510143 -0.5343493001006475 -0.3298780808021973 -1.206075042407233 -3.3354213552142657 -4.608108368987007 -6.376475219040516 -6.999297977734143 -7.76940587293111 -6.59762472146225 -6.814576493071555 -7.666066660465255 -8.64442969956093 -9.67799084764521
-2.605538224098697 -2.3732659682348776 -2.1620754516927865 -1.969980207718174 -1.7934092208473165 -1.6284888702300555 -1.4723707458007267 -1.3239159678345456 -1.1835474835266173 -1.0518206301248987 -0.9284069456144777 -0.8121080537065357 -0.7011898937886862 -0.5941456043829261 -0.4903025532259071 -0.3901982760381937 -0.29570058199270804 -0.20961508546132193 -0.1344762511581141 -0.041523005408243926 0.11288938434586078 0.40404950714299426 0.7842332977949843 0.6597340869785643 0.5967601071605395 0.3731806219095389 0.4038771823602881 0.5434522175608602 0.14090888356178813 0.08985377641911299 0.06781389458711722 -0.06632294854588117 -0.17618216297440592 -0.522510112484599 -1.0730335994376552 -1.4549828716435997 -3.4571730826624996 -0.5475192581768705 2.3621345675500622 2.313532979927532 2.0380274736341857 2.3125077417164066 2.7273326425026343 3.154367509198196 3.15870455602108 2.273216293112851 2.2577810307647446 1.9198757911854567 1.6824287300949083 1.3671655470637947 1.631408940050413 1.6312074653832822 1.286138736816933 0.8767579264367559 0.014924657538816033 -0.4739950576975682 -0.6959987851287173 -0.5370048973585719 -0.31765512192731993 -1.1941732742523614 -3.3093868454651973 -4.608108368987007 -6.376475219040516 -6.999297977734143 -7.76940587293111 -6.59762472146225 -6.814576493071555 -7.666066660465254 -8.64442969956093 -9.67799084764521
-2.605538224098697 -2.3732659682348776 -2.1620754516927865 -1.969980207718174 -1.7934092208473165 -1.6284888702300555 -1.4723707458007267 -1.3239159678345453 -1.1835474835266175 -1.0518206301248987 -0.9284069456144777 -0.8121080537065359 -0.7011898937886856 -0.5941456043829261 -0.4903025532259071 -0.3901982760381939 -0.2957005819927083 -0.2096150854613217 -0.1344762511581141 -0.041523005408243926 0.11288938434586092 0.4040495071429945 0.7842332977949843 0.6597340869785643 0.5967601071605395 0.37318062190953905 0.40387718236028813 0.5434522175608602 0.1409088835617882 0.08985377641911299 0.06781389458711722 -0.06632294854588117 -0.17618216297440592 -0.522510112484599 -1.0730335994376552 -1.4549828716435997 -3.4571730826624996 -0.5410197390469698 2.3751336058099093 2.3451837058367633 2.0977838451708015 2.3220416871555782 2.7307559224831226 3.150416445334734 3.153030239364741 2.2630714640643 2.257173849048778 1.9274822539638705 1.6780864422017565 1.3759744501879367 1.6450407563598846 1.639994710424601 1.3036229576284637 0.9004070241023001 0.03323608400107003 -0.46442120817049276 -0.6993177067701243 -0.5398203169988266 -0.3058135596576526 -1.1799397361190223 -3.266456849720137 -4.584906357252557 -6.376475219040516 -6.999297977734143 -7.76940587293111 -6.59762472146225 -6.814576493071555 -7.666066660465254 -8.64442969956093 -9.67799084764521
-2.605538224098697 -2.3732659682348776 -2.1620754516927865 -1.969980207718174 -1.7934092208473165 -1.6284888702300555 -1.4723707458007267 -1.3239159678345453 -1.1835474835266175 -1.0518206301248987 -0.9284069456144777 -0.8121080537065359 -0.701189893788686 -0.5941456043829261 -0.4903025532259073 -0.3901982760381941 -0.2957005819927083 -0.20961508546132193 -0.1344762511581141 -0.041523005408243926 0.11288938434586078 0.4040495071429945 0.7842332977949843 0.6597340869785642 0.5967601071605395 0.373180621909539 0.4038771823602881 0.5434522175608602 0.14090888356178813 0.08985377641911299 0.06781389458711722 -0.06632294854588117 -0.17618216297440592 -0.522510112484599 -1.0730335994376552 -1.4549828716435997 -3.4571730826624996 -0.5370585598757551 2.383055964152366 2.3752408080373515 2.1699714796535177 2.3336366461822804 2.7351395390430224 3.145286443588415 3.145685307259876 2.25148014491027 2.2578646190122997 1.9347212381098502 1.6760840169745688 1.3927134356009214 1.6616683120512838 1.64941213179399 1.3181710432792177 0.9245307568950852 0.05427345668904175 -0.45637156168733994 -0.7028024494195965 -0.5449082746030426 -0.2949271584277631 -1.1592820598861566 -3.181322582685783 -4.5004885887323764 -6.376475219040515 -6.999297977734143 -7.76940587293111 -6.59762472146225 -6.814576493071555 -7.666066660465255 -8.64442969956093 -9.67799084764521
-2.605538224098697 -2.3732659682348776 -2.1620754516927865 -1.969980207718174 -1.7934092208473165 -1.6284888702300555 -1.4723707458007267 -1.3239159678345456 -1.1835474835266175 -1.0518206301248987 -0.9284069456144777 -0.8121080537065359 -0.701189893788686 -0.5941456043829261 -0.4903025532259071 -0.3901982760381939 -0.2957005819927083 -0.20961508546132193 -0.1344762511581141 -0.041523005408243926 0.11288938434586078 0.4040495071429945 0.7842332977949843 0.6597340869785643 0.5967601071605395 0.373180621909539 0.40387718236028813 0.5434522175608602 0.1409088835617882 0.08985377641911299 0.06781389458711722 -0.06632294854588117 -0.17618216297440592 -0.522510112484599 -1.0730335994376552 -1.4549828716435997 -3.4571730826624996 -0.5321895772355798 2.39279392943275 2.410228440973664 2.245311674725926 2.3436113032799275 2.739065369266963 3.1392357562242013 3.136943247653235 2.2365477843527994 2.258820956067854 1.9408005629426321 1.6760909149782415 1.413464073335168 1.67430392007677 1.657974797385711 1.3335626436973085 0.946846649867938 0.07526233335607907 -0.4498819462763174 -0.7115765369822487 -0.5491291447721411 -0.27909143950013404 -1.1304789926291439 -3.093715947681287 -4.4059470453823 -6.330953950491366 -6.996348362098995 -7.76940587293111 -6.59762472146225 -6.814576493071555 -7.666066660465255 -8.64442969956093 -9.67799084764521
-2.605538224098697 -2.3732659682348776 -2.1620754516927865 -1.969980207718174 -1.7934092208473165 -1.6284888702300555 -1.4723707458007267 -1.3239159678345456 -1.1835474835266175 -1.0518206301248987 -0.9284069456144777 -0.8121080537065362 -0.701189893788686 -0.5941456043829263 -0.4903025532259073 -0.3901982760381941 -0.2957005819927087 -0.20961508546132193 -0.1344762511581143 -0.041523005408244135 0.11288938434586056 0.40404950714299426 0.7842332977949843 0.6597340869785642 0.5967601071605395 0.373180621909539 0.403877182360288 0.54345221756086 0.14090888356178813 0.08985377641911292 0.0678138945871173 -0.06632294854588117 -0.17618216297440592 -0.522510112484599 -1.0730335994376552 -1.4549828716435997 -3.4571730826624996 -0.5265655988503724 2.4040418862032036 2.448292356484771 2.319705047768022 2.3521931957899866 2.7425848674011446 3.1323103202921274 3.126845907873142 2.2182330169365794 2.2600155381715776 1.945865903367442 1.6779141916399007 1.4372295895092593 1.6835917789541055 1.6657905214662383 1.3495727402424602 0.9676080329125902 0.09607906157187703 -0.44475067560616255 -0.7254429309508369 -0.5525466959195908 -0.25931255030680594 -1.0958996024270347 -3.0086802345367682 -4.311124710930976 -6.255607934823135 -6.990787611433086 -7.76940587293111 -6.59762472146225 -6.814576493071555 -7.666066660465255 -8.64442969956093 -9.67799084764521
-2.605538224098697 -2.3732659682348776 -2.1620754516927865 -1.969980207718174 -1.7934092208473165 -1.6284888702300555 -1.4723707458007267 -1.3239159678345456 -1.1835474835266175 -1.0518206301248987 -0.9284069456144777 -0.8121080537065359 -0.701189893788686 -0.5941456043829263 -0.4903025532259073 -0.3901982760381939 -0.29570058199270854 -0.20961508546132193 -0.1344762511581141 -0.041523005408244135 0.11288938434586056 0.4040495071429945 0.7842332977949843 0.6597340869785643 0.5967601071605395 0.373180621909539 0.403877182360288 0.5434522175608602 0.14090888356178813 0.08985377641911299 0.06781389458711722 -0.06632294854588117 -0.17618216297440592 -0.522510112484599 -1.0730335994376552 -1.4549828716435997 -3.457173082662499 -0.5189713883885745 2.41923030712685 2.4897328862856827 2.393961265419258 2.3600569826248567 2.74487447111714 3.1223314284267825 3.112402829702383 2.205653866077907 2.2640880822505833 1.954086890313822 1.6852919786417517 1.4694068783070582 1.6945237595196567 1.6689693204261489 1.36790592755462 0.9937545721371972 0.11106603841845364 -0.4381850362688404 -0.7305382281684025 -0.5475078842208401 -0.23615934841819292 -1.0536082966419191 -2.927026001683192 -4.207407574411759 -6.160793541495191 -6.949308342745652 -7.76100379508766 -6.59762472146225 -6.814576493071555 -7.666066660465255 -8.64442969956093 -9.67799084764521
-2.605538224098697 -2.3732659682348776 -2.1620754516927865 -1.969980207718174 -1.7934092208473165 -1.6284888702300555 -1.4723707458007267 -1.3239159678345456 -1.1835474835266173 -1.0518206301248985 -0.9284069456144777 -0.8121080537065357 -0.7011898937886862 -0.5941456043829261 -0.4903025532259073 -0.3901982760381941 -0.29570058199270854 -0.20961508546132193 -0.1344762511581143 -0.04152300540824436 0.11288938434586078 0.40404950714299426 0.7842332977949843 0.6597340869785642 0.5967601071605395 0.373180621909539 0.40387718236028813 0.5434522175608602 0.1409088835617882 0.08985377641911299 0.06781389458711722 -0.06632294854588117 -0.17618216297440592 -0.522510112484599 -1.0730335994376552 -1.4549828716435997 -3.457173082662499 -0.5115158771647321 2.4341413295745835 2.529630071535542 2.460781248086616 2.3678849499896306 2.746944347158198 3.111410596958059 3.096439150855451 2.19386166490883 2.268814305385866 1.962722808135962 1.6942548344056125 1.503023462715121 1.7053975065446703 1.6710565396795969 1.3859055964380573 1.0189667534614337 0.12499323659481178 -0.4313741738352882 -0.7341895089411385 -0.5409895434323702 -0.21325470053333764 -1.0122418149787575 -2.854020221056446 -4.115595246941798 -6.074138405592339 -6.901087653008958 -7.7429069973479265 -6.597600443175119 -6.814576493071555 -7.666066660465254 -8.64442969956093 -9.67799084764521
-2.605538224098697 -2.3732659682348776 -2.1620754516927865 -1.969980207718174 -1.7934092208473165 -1.6284888702300555 -1.4723707458007267 -1.3239159678345456 -1.1835474835266175 -1.0518206301248987 -0.9284069456144777 -0.8121080537065359 -0.701189893788686 -0.5941456043829263 -0.4903025532259071 -0.3901982760381941 -0.2957005819927087 -0.20961508546132193 -0.1344762511581143 -0.04152300540824436 0.11288938434586056 0.40404950714299426 0.7842332977949843 0.6597340869785642 0.5967601071605395 0.3731806219095389 0.403877182360288 0.5434522175608602 0.14090888356178813 0.08985377641911292 0.06781389458711722 -0.06632294854588117 -0.17618216297440592 -0.522510112484599 -1.0730335994376552 -1.4549828716435997 -3.457173082662499 -0.5078556990512362 2.441461685801599 2.5723410244634577 2.5294390299192857 2.3778512662441895 2.7497652950312794 3.100320632358532 3.079778099840231 2.1773666080445695 2.2736501714512944 1.9694416047704062 1.7071159614201994 1.548364796306988 1.7139080470061685 1.673125316646215 1.4008042152515836 1.0346078187679848 0.14394925409228423 -0.4247267484361643 -0.7448239504329232 -0.5388277649484889 -0.1917561772608611 -0.9687400628034025 -2.7730720780443714 -4.013536298199024 -5.977026239094845 -6.832292927672196 -7.656138885083858 -6.597333954064398 -6.814576493071555 -7.666066660465254 -8.64442969956093 -9.67799084764521
-2.605538224098697 -2.3732659682348776 -2.1620754516927865 -1.969980207718174 -1.7934092208473165 -1.6284888702300555 -1.4723707458007267 -1.3239159678345456 -1.1835474835266173 -1.0518206301248985 -0.9284069456144775 -0.8121080537065359 -0.701189893788686 -0.5941456043829263 -0.4903025532259071 -0.3901982760381939 -0.2957005819927083 -0.2096150854613217 -0.13447625115811393 -0.041523005408244135 0.11288938434586078 0.4040495071429945 0.7842332977949843 0.6597340869785643 0.5967601071605395 0.37318062190953905 0.4038771823602881 0.54345221756086 0.1409088835617882 0.08985377641911292 0.06781389458711722 -0.06632294854588117 -0.17618216297440592 -0.522510112484599 -1.0730335994376552 -1.4549828716435997 -3.457173082662499 -0.5047540705796563 2.447664942744779 2.6166705288141765 2.5985893555079436 2.387962632604494 2.752237364721873 3.087538560123846 3.060335584857107 2.1608883305378495 2.2800313002326367 1.978218861847406 1.7241910999957002 1.595815349482796 1.720133469507503 1.674593887185584 1.4171565893934217 1.0513173063803283 0.16227193534608075 -0.4172552467367214 -0.7546206971085576 -0.5331345041263009 -0.16846203407107094 -0.9276111215069818 -2.6962277323976163 -3.9175357525930012 -5.886590978805268 -6.764332379387888 -7.568512990150108 -6.58899516043394 -6.809151247119055 -7.666066660465255 -8.64442969956093 -9.67799084764521
-2.605538224098697 -2.3732659682348776 -2.1620754516927865 -1.969980207718174 -1.7934092208473165 -1.6284888702300555 -1.4723707458007267 -1.3239159678345456 -1.1835474835266175 -1.0518206301248987 -0.9284069456144777 -0.8121080537065359 -0.701189893788686 -0.5941456043829261 -0.4903025532259071 -0.3901982760381939 -0.2957005819927083 -0.2096150854613217 -0.1344762511581141 -0.041523005408243926 0.11288938434586056 0.4040495071429945 0.7842332977949843 0.6597340869785643 0.5967601071605395 0.37318062190953905 0.40387718236028813 0.5434522175608602 0.1409088835617882 0.08985377641911299 0.06781389458711722 -0.06632294854588117 -0.17618216297440592 -0.522510112484599 -1.0730335994376552 -1.4549828716435997 -3.457173082662499 -0.5025209221790818 2.4521312395459427 2.6650762802428187 2.672259798918522 2.3984468435000155 2.754144123467189 3.071938359127705 3.0362409235275076 2.1449217371020133 2.2889462844085773 1.9903475141609877 1.7479129565684353 1.6481243514335606 1.7227442875983057 1.6750701112747814 1.436043781616231 1.0699973493756516 0.18010933252558076 -0.4083921390910998 -0.7627565466883828 -0.5217205801942999 -0.14191818248291202 -0.8876102313179924 -2.618800140570854 -3.8208718228271694 -5.796571037664586 -6.693315244778472 -7.474795233704359 -6.567861842649606 -6.794963147536032 -7.666066660465255 -8.64442969956093 -9.67799084764521
-2.605538224098697 -2.3732659682348776 -2.1620754516927865 -1.969980207718174 -1.7934092208473165 -1.6284888702300555 -1.4723707458007267 -1.3239159678345456 -1.1835474835266173 -1.0518206301248985 -0.9284069456144775 -0.8121080537065357 -0.7011898937886856 -0.5941456043829259 -0.49030255322590693 -0.3901982760381939 -0.2957005819927083 -0.20961508546132193 -0.1344762511581141 -0.041523005408244135 0.11288938434586092 0.4040495071429945 0.7842332977949843 0.6597340869785643 0.5967601071605395 0.373180621909539 0.4038771823602881 0.5434522175608602 0.1409088835617882 0.08985377641911299 0.0678138945871173 -0.06632294854588117 -0.17618216297440592 -0.522510112484599 -1.0730335994376552 -1.4549828716435997 -3.457173082662499 -0.4996116538151335 2.457949776273858 2.7239413353686297 2.756472611517061 2.411192557220666 2.7562689117312407 3.0533079803327903 3.006892448418074 2.1336540601300142 2.2967872331450256 2.004665150271589 1.7716226433676356 1.698471661293419 1.7252295110739717 1.672721779505841 1.4511997534474026 1.0885019517422883 0.2012994369530369 -0.3968941599526911 -0.7697851941895755 -0.5122623655679028 -0.11627414634211841 -0.8439089985030894 -2.551985309991777 -3.7255041637317 -5.701061445380722 -6.615378124343512 -7.383924762366936 -6.541477857444942 -6.731434168738391 -7.636057060139194 -8.64442969956093 -9.67799084764521
-2.605538224098697 -2.3732659682348776 -2.1620754516927865 -1.969980207718174 -1.7934092208473165 -1.6284888702300555 -1.4723707458007267 -1.3239159678345456 -1.1835474835266175 -1.0518206301248987 -0.9284069456144777 -0.8121080537065359 -0.701189893788686 -0.5941456043829263 -0.4903025532259071 -0.3901982760381939 -0.29570058199270854 -0.20961508546132193 -0.1344762511581141 -0.041523005408244135 0.11288938434586056 0.4040495071429945 0.7842332977949843 0.6597340869785643 0.5967601071605395 0.373180621909539 0.4038771823602881 0.5434522175608602 0.14090888356178813 0.08985377641911292 0.06781389458711722 -0.06632294854588117 -0.17618216297440592 -0.522510112484599 -1.0730335994376552 -1.4549828716436002 -3.5023023212381923 -0.5189455633877809 2.464411195840399 2.782703658480579 2.836102640780684 2.4248447500934205 2.7585011491542444 3.0324967940785443 2.9732422935785716 2.1249115642338348 2.3040285937774336 2.0197963471430493 1.7947077834311527 1.745302172884134 1.727643369703208 1.6688679146696674 1.464347993311619 1.1065487084092087 0.2235150453383058 -0.38426610311479165 -0.7762595500118481 -0.5038600335816668 -0.09174915952559393 -0.8008680394476728 -2.4935782650966973 -3.640398329098337 -5.613958185319706 -6.541930497946834 -7.3028678668841644 -6.513559658018169 -6.654885433977655 -7.593996405420329 -8.64442969956093 -9.67799084764521
-2.6055382240986966 -2.3732659682348776 -2.1620754516927865 -1.969980207718174 -1.7934092208473165 -1.6284888702300555 -1.4723707458007267 -1.3239159678345456 -1.1835474835266175 -1.0518206301248987 -0.9284069456144777 -0.8121080537065362 -0.7011898937886865 -0.5941456043829263 -0.4903025532259073 -0.3901982760381941 -0.2957005819927087 -0.20961508546132232 -0.1344762511581141 -0.041523005408244135 0.11288938434586056 0.40404950714299426 0.7842332977949843 0.6597340869785642 0.5967601071605395 0.3731806219095389 0.403877182360288 0.54345221756086 0.14090888356178813 0.08985377641911299 0.06781389458711722 -0.06632294854588117 -0.17618216297440592 -0.522510112484599 -1.0730335994376552 -1.4549828716435997 -3.4452956379747155 -0.48582397616066253 2.473647686861532 2.856282612819522 2.930117120462232 2.4390623399719997 2.762132813756315 3.0179102924973553 2.947680994617135 2.1127037159273927 2.3126735312411575 2.0378539099925868 1.8276926405124427 1.8018614515009206 1.7250239504403087 1.6653360124908076 1.477865944635695 1.119291910051961 0.2524873467809532 -0.36517400243867143 -0.7810375465051238 -0.4929082195842328 -0.07447034123409975 -0.775351849898246 -2.420885144726116 -3.5422852369761753 -5.517888788786847 -6.454021780507916 -7.216958886593314 -6.4892768658334 -6.564345238895444 -7.490122069122957 -8.59868176247398 -9.67799084764521
-2.605538224098697 -2.3732659682348776 -2.1620754516927865 -1.969980207718174 -1.7934092208473165 -1.6284888702300555 -1.4723707458007267 -1.3239159678345456 -1.1835474835266175 -1.0518206301248987 -0.9284069456144777 -0.8121080537065359 -0.701189893788686 -0.5941456043829261 -0.4903025532259073 -0.3901982760381939 -0.29570058199270854 -0.2096150854613221 -0.1344762511581143 -0.041523005408244135 0.11288938434586056 0.40404950714299426 0.7842332977949843 0.6597340869785643 0.5967601071605395 0.373180621909539 0.4038771823602881 0.5434522175608602 0.14090888356178813 0.08985377641911292 0.06781389458711722 -0.06632294854588117 -0.17618216297440592 -0.522510112484599 -1.0730335994376556 -1.4945251378716349 -3.394910743205377 -0.45553722059360024 2.4838363030938657 2.9235459283398373 3.012659157050299 2.4545261777762537 2.7659522494235795 3.001452301628929 2.9183397441384185 2.1026056679267486 2.3219020960499797 2.057412021210192 1.8582172859951631 1.85484242480843 1.721656827949715 1.6617364322477974 1.4911462430392943 1.1325694322098099 0.2819419481501637 -0.3453187074144787 -0.7853263266736817 -0.48138943586737176 -0.057183367882540706 -0.7508644257809116 -2.3569932865158885 -3.454542623770336 -5.430589387656362 -6.373515526602836 -7.137243812093715 -6.467991920549414 -6.483567544780118 -7.394769373937966 -8.537821926150716 -9.644988039620792
-2.605538224098697 -2.3732659682348776 -2.1620754516927865 -1.969980207718174 -1.7934092208473165 -1.6284888702300555 -1.4723707458007267 -1.3239159678345456 -1.1835474835266175 -1.0518206301248987 -0.9284069456144775 -0.8121080537065359 -0.7011898937886862 -0.5941456043829261 -0.4903025532259071 -0.3901982760381937 -0.2957005819927083 -0.20961508546132193 -0.1344762511581141 -0.041523005408244135 0.11288938434586056 0.40404950714299426 0.7842332977949843 0.6597340869785643 0.5967601071605395 0.373180621909539 0.4038771823602881 0.5434522175608602 0.14090888356178813 0.08985377641911292 0.06781389458711722 -0.06632294854588117 -0.17618216297440592 -0.522510112484599 -1.0730335994376556 -1.494030717248417 -3.3445258484215104 -0.42372707347346394 2.4970717024323443 2.9913545428208086 3.093431506540199 2.47494363308536 2.770181444971769 2.9775602582149325 2.875704581288518 2.1017445938565094 2.3331803172880945 2.082795417920485 1.8841477021863906 1.908702886118027 1.7168353262630007 1.6578883078001272 1.5044506143956953 1.1494597200568923 0.31546330865881966 -0.32250481609460296 -0.7881569373136293 -0.4679032346028379 -0.03707218502030261 -0.7236158124976422 -2.299820712353008 -3.363295835311123 -5.336608678118337 -6.2878531047307575 -7.049358318803074 -6.453061804902893 -6.40213819444506 -7.293056992504443 -8.435868686177102 -9.521382304876973
-2.605538224098697 -2.3732659682348776 -2.1620754516927865 -1.969980207718174 -1.7934092208473165 -1.6284888702300555 -1.4723707458007267 -1.3239159678345456 -1.1835474835266175 -1.0518206301248987 -0.9284069456144777 -0.8121080537065359 -0.701189893788686 -0.5941456043829261 -0.4903025532259071 -0.3901982760381939 -0.2957005819927083 -0.2096150854613217 -0.1344762511581141 -0.041523005408243926 0.11288938434586078 0.4040495071429945 0.7842332977949843 0.6597340869785643 0.5967601071605395 0.373180621909539 0.40387718236028813 0.5434522175608602 0.14090888356178813 0.08985377641911299 0.06781389458711722 -0.06632294854588117 -0.17618216297440592 -0.522510112484599 -1.0740098707375765 -1.4726428811165253 -3.294140953624707 -0.3958720933191242 2.5023967678391976 3.051517585349678 3.164298980215934 2.5020088740205684 2.7751433509063728 2.957711700568878 2.837845264992957 2.1018489464190213 2.3419997276197853 2.1092142042875586 1.9118204941644081 1.9547154521886223 1.7102614429773482 1.651662202159575 1.5155288339127806 1.164101856030478 0.35351517621336576 -0.2971500772235578 -0.7883119731905017 -0.4570160998641266 -0.022047299952284497 -0.7008606197981152 -2.2433983519092324 -3.2796078503327353 -5.243405745153928 -6.201097351115415 -6.959261105492976 -6.435196511502195 -6.320167036397719 -7.193947970986909 -8.335316268965407 -9.366789950346613
-2.605538224098697 -2.3732659682348776 -2.1620754516927865 -1.969980207718174 -1.7934092208473165 -1.6284888702300555 -1.4723707458007267 -1.3239159678345456 -1.1835474835266175 -1.0518206301248987 -0.9284069456144775 -0.8121080537065359 -0.701189893788686 -0.5941456043829261 -0.4903025532259071 -0.3901982760381937 -0.2957005819927083 -0.20961508546132193 -0.1344762511581141 -0.041523005408243926 0.11288938434586056 0.4040495071429945 0.7842332977949843 0.6597340869785642 0.5967601071605397 0.37318062190953905 0.4038771823602881 0.5434522175608602 0.14090888356178813 0.08985377641911299 0.0678138945871173 -0.06632294854588117 -0.17618216297440592 -0.522510112484599 -1.073501538580335 -1.4454627505895765 -3.2377272590035275 -0.36873830049453143 2.500250658763194 3.1056711090296214 3.2275690628541396 2.5343623495800798 2.780797478786386 2.942430263742362 2.8063031767969444 2.102898847152608 2.348545216528237 2.136361278874099 1.940771719308944 1.994618354048867 1.7018896740966554 1.643002348756288 1.524574089393403 1.1767280150893749 0.39467560216791464 -0.2698090216091942 -0.7858417333284158 -0.4485029252661202 -0.011539955395216156 -0.6819454876061832 -2.188373802279855 -3.2026489372221696 -5.154008775539103 -6.116568623779561 -6.871104490963157 -6.414828967589457 -6.240321209898573 -7.100129576841806 -8.23960237309889 -9.213589978881497
-2.605538224098697 -2.3732659682348776 -2.1620754516927865 -1.969980207718174 -1.7934092208473165 -1.6284888702300555 -1.4723707458007267 -1.3239159678345456 -1.1835474835266175 -1.0518206301248987 -0.9284069456144777 -0.8121080537065359 -0.7011898937886862 -0.5941456043829261 -0.4903025532259071 -0.3901982760381939 -0.2957005819927083 -0.20961508546132193 -0.1344762511581141 -0.041523005408243926 0.11288938434586078 0.4040495071429945 0.7842332977949843 0.6597340869785643 0.5967601071605395 0.373180621909539 0.40387718236028813 0.5434522175608602 0.1409088835617882 0.08985377641911292 0.06781389458711722 -0.06632294854588117 -0.17618216297440584 -0.5118990931335645 -1.0729542358326398 -1.41828262006258 -3.1633674816978234 -0.33360567766709737 2.496156126994371 3.170884689623252 3.302431930522127 2.57877378716209 2.7881183273103662 2.9292065421178526 2.777225902448287 2.107922716756275 2.3577696177200225 2.1684401320918867 1.9692469204214302 2.043111748791887 1.6952587131075338 1.6378321585091018 1.5359541954754208 1.1910530597611806 0.4384676914170673 -0.2341628046622403 -0.780691639917559 -0.4371218765038347 -0.002642313513322519 -0.6713575913373641 -2.128536424565609 -3.114738522836753 -5.05695806130421 -6.023434031920128 -6.772084108372932 -6.40145147239832 -6.153039611442133 -6.996846064757041 -8.13448533234738 -9.064158057439347
-2.605538224098697 -2.3732659682348776 -2.1620754516927865 -1.969980207718174 -1.7934092208473165 -1.6284888702300555 -1.4723707458007267 -1.3239159678345456 -1.1835474835266173 -1.0518206301248987 -0.9284069456144775 -0.8121080537065359 -0.701189893788686 -0.5941456043829261 -0.4903025532259071 -0.3901982760381939 -0.29570058199270854 -0.20961508546132193 -0.1344762511581141 -0.041523005408243926 0.11288938434586078 0.4040495071429945 0.7842332977949843 0.6597340869785643 0.5967601071605395 0.37318062190953905 0.40387718236028813 0.5434522175608602 0.14090888356178813 0.08985377641911299 0.0678138945871173 -0.06632294854588117 -0.17688816999838028 -0.484151960949925 -1.069707827155117 -1.3981145154993 -3.089007704373527 -0.2988369376237899 2.4913338296572816 3.231751420605095 3.3710793468000713 2.6239017819421155 2.795813193355809 2.9159543953793423 2.7470235212219496 2.114579203932533 2.3673716617433804 2.2005970487290574 1.9959459240428705 2.089155187449052 1.688801505384879 1.6331753141169711 1.547354677746582 1.2057218192306947 0.4807217055563418 -0.19878653504839652 -0.7746748291085945 -0.425899888978498 0.005320003009261445 -0.6628376145966728 -2.0727365438932 -3.036283091424016 -4.970100309294723 -5.939755888237941 -6.683587528319532 -6.38976478514308 -6.075142103266179 -6.905318181047727 -8.041423267827165 -8.944561054656512
-2.605538224098697 -2.3732659682348776 -2.1620754516927865 -1.969980207718174 -1.7934092208473165 -1.6284888702300555 -1.4723707458007265 -1.3239159678345456 -1.1835474835266173 -1.0518206301248985 -0.9284069456144777 -0.8121080537065357 -0.701189893788686 -0.5941456043829261 -0.49030255322590693 -0.3901982760381937 -0.2957005819927083 -0.2096150854613217 -0.1344762511581141 -0.041523005408243926 0.11288938434586092 0.4040495071429945 0.7842332977949843 0.6597340869785643 0.5967601071605397 0.373180621909539 0.40387718236028813 0.5434522175608602 0.1409088835617882 0.08985377641911299 0.06781389458711722 -0.06867041884855105 -0.1767933504986899 -0.45640482876627986 -1.0664614184775945 -1.3818436039846889 -3.014647927033565 -0.2651667859940728 2.4843143554929963 3.287961957624231 3.434589062369421 2.6812079658160615 2.803842279782 2.8977048594842203 2.7080895166983368 2.1293077727339447 2.37471872514336 2.2385534312999664 2.0166106411029023 2.1255787383718534 1.6790018862728993 1.6228951085449954 1.553996009268994 1.2232907428623865 0.5306909698747098 -0.16613426971738943 -0.7659836461979428 -0.42349582949689896 0.007988601873635646 -0.6520937949845708 -2.0159305245661328 -2.9652630187943707 -4.869855688622278 -5.8464664637251875 -6.584799244842614 -6.374441952430312 -5.999533960628539 -6.802635697619433 -7.935246971500619 -8.836229339751803
-2.605538224098697 -2.3732659682348776 -2.1620754516927865 -1.969980207718174 -1.7934092208473165 -1.6284888702300555 -1.4723707458007267 -1.3239159678345456 -1.1835474835266173 -1.0518206301248987 -0.9284069456144777 -0.8121080537065359 -0.701189893788686 -0.5941456043829261 -0.4903025532259071 -0.3901982760381939 -0.2957005819927087 -0.2096150854613217 -0.1344762511581141 -0.041523005408243926 0.11288938434586078 0.4040495071429945 0.7842332977949843 0.6597340869785643 0.5967601071605395 0.373180621909539 0.4038771823602881 0.5434522175608602 0.14090888356178813 0.08985377641911299 0.06781381507721514 -0.0740190333308126 -0.1766985309989996 -0.42865769658262964 -1.0634676902380045 -1.3655726924700633 -2.940288149680402 -0.23217070339353216 2.4759467432703457 3.3420779742481095 3.49497040403373 2.738606710207948 2.813061453986696 2.883794342087446 2.676319189529262 2.1455849282492667 2.3822980545167423 2.2737668993989857 2.0381376577459793 2.1610007038326136 1.670039135345411 1.6122131757139062 1.5607025351046182 1.2404963527729722 0.5803396998929902 -0.1311511736176781 -0.7556011628927568 -0.42204664849994755 0.007819866843230458 -0.6444466759086289 -1.9580630594707689 -2.8979381273844202 -4.777131441753269 -5.758010637435464 -6.493626301829465 -6.358426748937377 -5.925131532725612 -6.707614715316883 -7.836815625119267 -8.736892021780005
-2.605538224098697 -2.3732659682348776 -2.1620754516927865 -1.969980207718174 -1.7934092208473165 -1.6284888702300555 -1.4723707458007267 -1.3239159678345456 -1.1835474835266175 -1.0518206301248987 -0.9284069456144777 -0.8121080537065359 -0.701189893788686 -0.5941456043829263 -0.4903025532259071 -0.3901982760381939 -0.2957005819927087 -0.20961508546132193 -0.1344762511581143 -0.04152300540824436 0.11288938434586078 0.40404950714299426 0.7842332977949843 0.6597340869785643 0.5967601071605395 0.373180621909539 0.4038771823602881 0.5434522175608602 0.14090888356178813 0.0887896632655132 0.06781381507721505 -0.07639548318779305 -0.1766037114993092 -0.40091056439897466 -1.0612485205312736 -1.3525455769914474 -2.8708807224277146 -0.2028875501594147 2.465105622430086 3.3972278833543736 3.5559238310034487 2.800111674328912 2.8244719124557283 2.878977722399417 2.6630259089963837 2.1648354576728095 2.390384034931614 2.3068626454338585 2.0617724912360735 2.1968170905414905 1.6628665377937848 1.6009757123035953 1.5676045719700114 1.2576088543932462 0.6327643740969479 -0.09105261375928696 -0.7421539238968764 -0.42232423006934056 0.0024410873953007567 -0.642079766681245 -1.894863484715162 -2.8297681175452696 -4.6839301897780565 -5.667077539947008 -6.402290885630354 -6.340845367853363 -5.846243772552409 -6.611922677204021 -7.737315648344123 -8.637489626451206
-2.605538224098697 -2.3732659682348776 -2.1620754516927865 -1.969980207718174 -1.7934092208473165 -1.6284888702300555 -1.4723707458007267 -1.3239159678345456 -1.1835474835266175 -1.0518206301248987 -0.9284069456144777 -0.8121080537065359 -0.7011898937886862 -0.5941456043829263 -0.4903025532259071 -0.3901982760381939 -0.29570058199270854 -0.20961508546132193 -0.1344762511581143 -0.041523005408244135 0.11288938434586078 0.40404950714299426 0.7842332977949843 0.6597340869785643 0.5967601071605395 0.373180621909539 0.403877182360288 0.5434522175608602 0.1406128934829001 0.08877606979240563 0.06781381507721505 -0.07623965871173338 -0.17654963561148718 -0.39000400916640204 -1.05873983500789 -1.3523788827501977 -2.797561176978776 -0.1736454091853278 2.4502703588792993 3.4601810656490266 3.624612271207148 2.869327130194574 2.8375222271234253 2.8711603127084597 2.6447265350261144 2.1882899687605093 2.399991126599662 2.345365651785255 2.07967425578192 2.235084116463169 1.6561163365575209 1.5918869566096279 1.574365986522744 1.2766582173293415 0.679559190723218 -0.05059975421346439 -0.7260723094890726 -0.4246855576250518 -0.005515646370249658 -0.6408532608707158 -1.8359467838375327 -2.760056826935621 -4.586804152010354 -5.574792359861198 -6.306309510478796 -6.322432786589722 -5.7731464823193015 -6.511978303565699 -7.633891616581914 -8.534192658156082
-2.605538224098697 -2.3732659682348776 -2.1620754516927865 -1.969980207718174 -1.7934092208473165 -1.6284888702300555 -1.4723707458007267 -1.3239159678345456 -1.1835474835266173 -1.0518206301248987 -0.9284069456144775 -0.8121080537065357 -0.7011898937886858 -0.5941456043829263 -0.4903025532259071 -0.3901982760381939 -0.2957005819927083 -0.20961508546132193 -0.1344762511581141 -0.04152300540824436 0.11288938434586056 0.4040495071429945 0.7864135674289963 0.6597340869785643 0.5967601071605395 0.37318062190953916 0.40387718236028813 0.5425309722685269 0.14070637006699457 0.0887624764264891 0.06781381507721514 -0.07607084091593748 -0.1766217031381571 -0.37950914063793256 -1.0508360682050966 -1.352182840218278 -2.7145568528230926 -0.14093108459852866 2.432694683849904 3.522047840419794 3.691312164930045 2.936461494533429 2.8512605354134934 2.8614750450491186 2.622859700196897 2.213244704959778 2.4103209045693244 2.384760231912393 2.094367974466265 2.2729565918459373 1.6495744356579718 1.584026435685668 1.5810053713119674 1.2963174720468233 0.7218103115950593 -0.011642882919298362 -0.7088984941027694 -0.4282616708705118 -0.015089436683419968 -0.6402741448931363 -1.782183464234732 -2.6947241333625387 -4.498077433495272 -5.490736394913601 -6.2182764029112105 -6.303939895851163 -5.707484810825752 -6.42091972025895 -7.540191137450347 -8.440600304540025
-2.605538224098697 -2.3732659682348776 -2.1620754516927865 -1.969980207718174 -1.7934092208473165 -1.6284888702300555 -1.4723707458007267 -1.3239159678345456 -1.1835474835266173 -1.0518206301248987 -0.9284069456144777 -0.8121080537065359 -0.701189893788686 -0.5941456043829261 -0.4903025532259071 -0.3901982760381939 -0.2957005819927083 -0.20961508546132193 -0.1344762511581141 -0.041523005408244135 0.11288938434586078 0.4040495071429945 0.7889212656528386 0.6597340869785643 0.5967601071605395 0.373180621909539 0.403877795847724 0.5470043091518032 0.14079985268571105 0.08874888316776636 0.06781381507721505 -0.05870830533464882 -0.17690070274408484 -0.36901427210946264 -1.0429323014023018 -1.3519452519416424 -2.631552528659161 -0.09841082021549748 2.4347308884129903 3.565377772961689 3.7404717831927257 3.0169285437257023 2.8696020371592685 2.8550856940935 2.610731678804794 2.2471577585832563 2.420733120017378 2.4160067626150634 2.110649214558154 2.2997858994208316 1.641164461423676 1.5697002855239934 1.583888167439902 1.3175116636459347 0.7745396344619814 0.022913489065072092 -0.6887551822775599 -0.43922376128544893 -0.03187066137640525 -0.6382852046863497 -1.712473221390581 -2.6458838693165974 -4.396444352901703 -5.394167220604069 -6.124280997023173 -6.278612495481861 -5.640529541955191 -6.321276861965779 -7.43277055966204 -8.333019456908994
-2.605538224098697 -2.3732659682348776 -2.1620754516927865 -1.969980207718174 -1.7934092208473165 -1.6284888702300555 -1.4723707458007267 -1.3239159678345456 -1.1835474835266173 -1.0518206301248987 -0.9284069456144777 -0.8121080537065359 -0.701189893788686 -0.5941456043829261 -0.4903025532259071 -0.3901982760381937 -0.2957005819927083 -0.2096150854613215 -0.13447625115811393 -0.041523005408244135 0.11288938434586056 0.4040495071429945 0.7934351856792936 0.6597340869785643 0.5967601071605397 0.37370024201449115 0.40390658340599117 0.5514825294860959 0.14089334133813985 0.0887356620024544 0.06781381507721514 -0.019167683067629383 -0.17719626625380905 -0.35851940358099194 -1.0348990971781162 -1.3452827665951754 -2.548548204488417 -0.05472768595973937 2.4390928327215224 3.6052802293135007 3.785816780051661 3.092253317590293 2.889004835449785 2.849563291002989 2.600692921150773 2.2809190762021307 2.431825312214769 2.4452839643841022 2.1258923521815003 2.3266352113877673 1.6336173135593004 1.555500121463864 1.5864897609268747 1.3383935508095197 0.8221403256127445 0.05776765352554211 -0.668028987222759 -0.45259881930078083 -0.051607022309731625 -0.637166140496926 -1.6483481486075688 -2.5986138463786244 -4.305384114115361 -5.3067173112781685 -6.039157666422189 -6.252771580644603 -5.576593818260119 -6.231283853783059 -7.336750382619694 -8.236962107717746
-2.605538224098697 -2.3732659682348776 -2.1620754516927865 -1.969980207718174 -1.7934092208473165 -1.6284888702300555 -1.4723707458007267 -1.3239159678345456 -1.1835474835266175 -1.0518206301248987 -0.9284069456144777 -0.8121080537065359 -0.7011898937886862 -0.5941456043829261 -0.4903025532259071 -0.3901982760381939 -0.29570058199270854 -0.2096150854613217 -0.1344762511581141 -0.041523005408244135 0.11288938434586056 0.40404950714299426 0.79853105272152 0.6597340869785643 0.5978365511671608 0.3748376546520771 0.40393537216093545 0.5559655884240791 0.1506249814202599 0.08874648995185394 0.06781381507721505 0.0009256159363398735 -0.17749182976353323 -0.34802453505252057 -1.0194667202061651 -1.3368391030937654 -2.4755454933253906 -0.0149007630828849 2.4457439672885295 3.646820069016391 3.833571380579094 3.17571479649411 2.9127725788309182 2.846560299639557 2.5962914521920197 2.3176146333456438 2.446076704583398 2.4746770985487254 2.1382248486532127 2.360212589768151 1.6306800007972326 1.545666429518564 1.5893062836392178 1.360102340681872 0.8631793795331398 0.10065814448973405 -0.643849948943898 -0.47239992161576416 -0.07912246779689977 -0.6399490494941702 -1.584109711830327 -2.5419301258210236 -4.208322703684707 -5.212491547537049 -5.947213973077811 -6.223621082692269 -5.503332441340278 -6.133423201879398 -7.233222163048061 -8.133656718556926
-2.605538224098697 -2.3732659682348776 -2.1620754516927865 -1.969980207718174 -1.7934092208473165 -1.6284888702300555 -1.4723707458007267 -1.3239159678345456 -1.1835474835266175 -1.0518206301248987 -0.9284069456144777 -0.8121080537065359 -0.701189893788686 -0.5941456043829261 -0.4903025532259071 -0.3901982760381939 -0.2957005819927083 -0.20961508546132193 -0.1344762511581141 -0.041523005408244135 0.11288938434586078 0.4040495071429945 0.7995815872461889 0.6366728711573438 0.6011303182323584 0.3756947570232828 0.4039641621125275 0.5604534414234559 0.17028346303173925 0.08874855738695377 0.06781381507721505 0.00409047947521182 -0.17778739327325752 -0.34273850140085776 -1.0040343432342091 -1.328395439592352 -2.40386246463995 0.024979193676149862 2.4538208521014844 3.6931912303375367 3.886122407396239 3.2605552865219725 2.940482353180363 2.8435098972213435 2.59141046740653 2.3554558674348347 2.461155832514969 2.5051807486627338 2.1482800847442194 2.388126928874858 1.6269210437658295 1.5354625247096878 1.5921565947567096 1.3825701104551644 0.9025554365019905 0.13374157972603093 -0.6172668015975836 -0.4914574547213406 -0.11037231058883352 -0.6427696076692682 -1.520467002851054 -2.4930382203259587 -4.112493347029034 -5.121840965849884 -5.857452399703804 -6.190423729715847 -5.445472152326867 -6.038734088167126 -7.13212575381813 -8.032352626100517
-2.605538224098697 -2.3732659682348776 -2.1620754516927865 -1.969980207718174 -1.7934092208473165 -1.6284888702300555 -1.4723707458007267 -1.3239159678345456 -1.1835474835266173 -1.0518206301248987 -0.9284069456144775 -0.8121080537065359 -0.701189893788686 -0.5941456043829261 -0.4903025532259071 -0.3901982760381937 -0.2957005819927083 -0.20961508546132193 -0.13447625115811393 -0.041523005408244135 0.11288938434586078 0.4040495071429934 0.6862527790393536 0.6367735569049209 0.6045410493753232 0.37641484898960476 0.4039929532607376 0.5653578215360455 0.18454895816255437 0.08875062482453336 0.06781381507721505 0.0029010311458825453 -0.17810595945999325 -0.3390383650091818 -0.9907172944898193 -1.3249499216358065 -2.3278211895004404 0.06775800062606727 2.463337190844209 3.743096763685536 3.9418981901710928 3.3444917672844325 2.9716491886168264 2.840409548908137 2.5860064875573987 2.394156887216769 2.4770411258365983 2.536622171891314 2.156086231685772 2.4110762838255555 1.6222681338581504 1.5248580295024023 1.5950431557153888 1.405738836687069 0.9404895418853804 0.15850970351098312 -0.5885568555123271 -0.5095172916305426 -0.14620690716807416 -0.6456296818367637 -1.457895285246179 -2.450292539121003 -4.019863696497626 -5.035350915917223 -5.7710013765803065 -6.1538400684360886 -5.399014965132529 -5.948234117139073 -7.0352895027555835 -7.93509709391661
-2.605538224098697 -2.3732659682348776 -2.1620754516927865 -1.969980207718174 -1.7934092208473165 -1.6284888702300555 -1.4723707458007267 -1.3239159678345456 -1.1835474835266175 -1.0518206301248987 -0.9284069456144777 -0.8121080537065359 -0.701189893788686 -0.5941456043829263 -0.4903025532259073 -0.3901982760381939 -0.29570058199270854 -0.2096150854613221 -0.1344762511581141 -0.041523005408244135 0.11288938434586046 0.3919128239042897 0.6281010938452656 0.6368742488332269 0.6079602244068117 0.3771357858239539 0.40406031014714344 0.565906694470616 0.18559948803285622 0.08875269226459262 0.06781381507721505 -0.00033060122465691436 -0.17845208241902563 -0.3353382286175056 -0.9837822559507089 -1.3242823081214976 -2.251779914358091 0.11214376605680287 2.4760674465485644 3.7841305900628353 3.9900244734396058 3.432310310654497 3.010999251326378 2.8406016650740424 2.5888905160740388 2.4410636235284873 2.4971049124110976 2.5578037638174047 2.164924044462149 2.431175077922963 1.6188021041878686 1.5127166040511613 1.593901077715205 1.426399915079746 0.9828249120969211 0.18526306552204538 -0.5602833957554965 -0.5314026650140538 -0.18132577787395757 -0.6405679823311684 -1.3844981585362417 -2.407311590051708 -3.9207068307917115 -4.939662212603149 -5.6766529750447985 -6.1102620164782175 -5.343089107445814 -5.851916120559819 -6.9300319682035205 -7.829452377781694
-2.605538224098697 -2.3732659682348776 -2.1620754516927865 -1.969980207718174 -1.7934092208473165 -1.6284888702300555 -1.4723707458007267 -1.3239159678345456 -1.1835474835266175 -1.0518206301248987 -0.9284069456144777 -0.8121080537065359 -0.701189893788686 -0.5941456043829261 -0.4903025532259071 -0.3901982760381939 -0.29570058199270854 -0.20961508546132193 -0.1344762511581141 -0.041523005408243926 0.11225607868930308 0.39279042060622993 0.5726543108929716 0.6369749469412079 0.6113877977689487 0.37872920978551017 0.40414561495962703 0.5664556374101389 0.18665068595388504 0.08875475970713154 0.06781134191541151 -0.006261040759746547 -0.1787982053780581 -0.3316380922258295 -0.9744954084438693 -1.320743776996013 -2.1757386392133578 0.1569925564405461 2.4897237521589286 3.8197994531959956 4.0325288633155445 3.5114034690554106 3.050942875486438 2.842089106931331 2.594260394372494 2.486683293948206 2.517936944227528 2.5759956567627866 2.173822291671463 2.450177634568361 1.615771033394293 1.5002650963928639 1.5916617190237585 1.4457975202526543 1.0228916692172405 0.2115555807639792 -0.5329383094391322 -0.555851166798119 -0.2188202591879001 -0.6334795875437124 -1.316740185949229 -2.366255055304164 -3.8326741091752976 -4.85398954147709 -5.591896942050225 -6.0672373933345085 -5.289564825905891 -5.766008108158276 -6.837092634885583 -7.736250491283403
-2.605538224098697 -2.3732659682348776 -2.1620754516927865 -1.969980207718174 -1.7934092208473165 -1.6284888702300555 -1.4723707458007267 -1.3239159678345456 -1.1835474835266175 -1.0518206301248987 -0.9284069456144777 -0.8121080537065357 -0.701189893788686 -0.5941456043829263 -0.4903025532259071 -0.3901982760381939 -0.2957005819927083 -0.20961508546132193 -0.1344762511581141 -0.07063788327299957 0.11086929519744942 0.3956143855135361 0.520424246430593 0.6370756512278106 0.6155534834918468 0.38073365876824683 0.4042309302714258 0.5670046502750964 0.187702550733884 0.08881734300246721 0.06780589118397101 -0.011730615818790277 -0.17914432833709043 -0.3279379558341532 -0.9579994009462182 -1.3167195832583574 -2.100691600951002 0.20374779052419464 2.5081871820536024 3.8389237813391417 4.063230412326073 3.6049967000591514 3.105217565209416 2.84910952394721 2.6000084180944025 2.531672180990528 2.5430201595341027 2.6001614712820924 2.180518009278007 2.4735035826246214 1.614344805305267 1.4957975881380818 1.5918526160305935 1.4654716249798874 1.050026865243911 0.23896645869128474 -0.4998696835363785 -0.5903499817701381 -0.2719789678258998 -0.6313884565505474 -1.254556255186769 -2.3146764313873542 -3.731875572637673 -4.758577848600307 -5.492854841307472 -6.0155059275737965 -5.237036411826543 -5.6655946931231815 -6.730044008667195 -7.629162211845137
-2.605538224098697 -2.3732659682348776 -2.1620754516927865 -1.969980207718174 -1.7934092208473165 -1.6284888702300555 -1.4723707458007267 -1.3239159678345456 -1.1835474835266175 -1.0518206301248987 -0.9284069456144775 -0.8121080537065359 -0.701189893788686 -0.5941456043829261 -0.4903025532259073 -0.3901982760381939 -0.2957005819927083 -0.20961508546132193 -0.1344762511581141 -0.07064796369115459 0.10949543121053713 0.40012317936646147 0.48681280150303224 0.6373010478765802 0.6163476346775141 0.3827445575175201 0.4043162560817695 0.5675537329860385 0.19504804885491853 0.08883924224176885 0.06780044047014114 -0.013298508867115099 -0.17930637074487 -0.32662768700445427 -0.9410639294267483 -1.3126953895207012 -2.0502701734339484 0.23506964986671816 2.5204094732156315 3.860125467009803 4.0958239371991665 3.6905859538147117 3.161230707900614 2.8585517138868894 2.6076295825792295 2.576910770768542 2.5688267564482024 2.62226206226564 2.1877521627800127 2.4902386634002203 1.6126253710342078 1.4922885014044533 1.5915360324329781 1.4838257697807455 1.0788745986406278 0.2615644854229816 -0.46818088205947306 -0.6190403204879894 -0.3247799817910183 -0.6250762014603043 -1.193988476779714 -2.265795782786123 -3.638705469606487 -4.669537040185148 -5.404981564007747 -5.96233262821933 -5.190206067999972 -5.576481389756142 -6.631834849654598 -7.530942363377866
-2.605538224098697 -2.3732659682348776 -2.1620754516927865 -1.969980207718174 -1.7934092208473165 -1.6284888702300555 -1.4723707458007267 -1.3239159678345456 -1.1835474835266175 -1.0518206301248985 -0.9284069456144777 -0.8121080537065359 -0.701189893788686 -0.5941456043829261 -0.4903025532259071 -0.3901982760381939 -0.2957005819927083 -0.2096150854613217 -0.1344762511581141 -0.0706640594292971 0.10813440673184072 0.40466747186335295 0.463272546169604 0.6376207291749869 0.6171422267886237 0.38520696038740465 0.4044015923898871 0.5692461726417934 0.20774510069051746 0.08886114175922508 0.06779498977392216 -0.011873402954257914 -0.1795432838123903 -0.32512200312446693 -0.9159391156306373 -1.3092113238077072 -1.9909531825942974 0.26523033871532536 2.5214138600670046 3.885793620219279 4.133359296855217 3.7763186507938413 3.224371738388569 2.8727110510247655 2.6189240276127492 2.625908042157846 2.597116627436775 2.6417807029434894 2.196124496787101 2.495749063460612 1.610319183363955 1.4907700315054666 1.590201851933882 1.5005368789459361 1.1120756789037014 0.2769163234600243 -0.43685792996960904 -0.631477190427541 -0.36753165753122685 -0.6106309225973982 -1.1301127789381504 -2.2168792078559383 -3.5435466113401026 -4.577950073907298 -5.319901246734607 -5.902767412063201 -5.147982439908737 -5.490029272569134 -6.531919597069976 -7.431043105484697
-2.605538224098697 -2.3732659682348776 -2.1620754516927865 -1.969980207718174 -1.7934092208473165 -1.6284888702300555 -1.4723707458007267 -1.3239159678345456 -1.1835474835266175 -1.0518206301248987 -0.9284069456144777 -0.8121080537065359 -0.701189893788686 -0.5941456043829261 -0.4903025532259071 -0.3901982760381937 -0.2957005819927083 -0.2096150854613217 -0.1344762511581141 -0.07067696277907261 0.1067861415055186 0.4072472711853109 0.43388124998029054 0.6379404726353606 0.617937259263327 0.3883312717664847 0.404609298699393 0.569275427581849 0.21500410602660522 0.08888304155482539 0.06778953909531428 -0.0099584682579664 -0.17961890098341154 -0.3236163192444796 -0.8908143018345149 -1.3064918689294447 -1.9316361917538512 0.2955402354595846 2.522716662709678 3.917024981254815 4.175669829113814 3.858935261076905 3.294061597982084 2.89163506126842 2.63363310039576 2.6785982039113225 2.6305808513688183 2.6612011057588245 2.2039055731402764 2.502865976907772 1.6112709858817709 1.4914603979511798 1.5865418198434553 1.5148650753384767 1.1388286493804574 0.29537056347121665 -0.40523802833183387 -0.6529982604323226 -0.41597035403504395 -0.6018437527365184 -1.0618972305306176 -2.1606640636086225 -3.4469148934013667 -4.48366592969083 -5.231834070727037 -5.838179489143671 -5.098711715742582 -5.39946338350779 -6.429462553052659 -7.328284275981637
-2.605538224098697 -2.3732659682348776 -2.1620754516927865 -1.969980207718174 -1.7934092208473165 -1.6284888702300555 -1.4723707458007267 -1.3239159678345456 -1.1835474835266173 -1.0518206301248987 -0.9284069456144777 -0.8121080537065359 -0.701189893788686 -0.5941456043829261 -0.4903025532259071 -0.3901982760381939 -0.2957005819927083 -0.20961508546132193 -0.1344762511581141 -0.0706873068422923 0.1064659978345745 0.40890628737097146 0.40673529988383117 0.638260278224026 0.6187327315395995 0.3919988824305231 0.4048747664528327 0.5693046827190666 0.22229251667059557 0.08890494162855932 0.06760558945230494 -0.007407467497176902 -0.1796637520217962 -0.3221106353644921 -0.8656203123721393 -1.3037724140511826 -1.8723192009127114 0.3259415198438604 2.5242022406323836 3.9501841910563087 4.218585397436209 3.934074065503239 3.361806142665459 2.91285300883452 2.6500762478049182 2.7303516167042483 2.6656046094280694 2.6802320123071364 2.211284512346464 2.51089201587974 1.6142410875155249 1.4935210802720982 1.5813856783759446 1.5276680464629435 1.1616070180197962 0.31522699997706677 -0.3743711933900678 -0.6814592959717979 -0.4712157106121446 -0.5964330650903619 -0.9962843258674603 -2.104237677754113 -3.3585544799615823 -4.396813278387819 -5.149984645514845 -5.775422185970927 -5.048510485301451 -5.315171363353807 -6.336059965807069 -7.2345403014604495
-2.5923737181159634 -2.365506257040728 -2.1572875576884463 -1.9668977064252657 -1.7913540569807525 -1.6270820115547633 -1.471388218534167 -1.3232176839791494 -1.183041938423032 -1.0514472947258038 -0.9281259292235878 -0.8118930401888281 -0.701023333358871 -0.5940154239431019 -0.49020005495832253 -0.390116876339463 -0.29563509831509865 -0.20956137567157826 -0.13443107400245868 -0.07069010219933211 0.10662035177687583 0.4105699200601048 0.381669455750155 0.6385801459073082 0.6197900142549402 0.3963271218500677 0.40514033563583673 0.5693339380534347 0.22960995942210868 0.0889480896657069 0.06733864376576783 -0.007695983029630965 -0.17970860306018088 -0.32060495148450474 -0.8364719587160583 -1.3010547862478732 -1.8171941934510412 0.3545668438079852 2.526327881095131 3.972750345672665 4.257645781328048 4.023197861292876 3.4451355188270347 2.948541377826437 2.6721549347629 2.7714420987185755 2.6993028287480545 2.7045342860352006 2.224333234470069 2.514729111252744 1.6184101054293876 1.507656203968823 1.5838848082916226 1.5401803438564445 1.1805893185416498 0.33337719006778765 -0.33759564667405756 -0.6939121091378688 -0.5221787502808876 -0.5896027605205469 -0.9483554361434079 -2.039829439019795 -3.2571348231346917 -4.301320195236202 -5.057306600849284 -5.699158683677949 -5.015603649216379 -5.2239956106760665 -6.229647401871079 -7.127615852047113
-2.5938973188518872 -2.366409269126414 -2.1578464174428893 -1.967258130493161 -1.7915946096640845 -1.6272467899527148 -1.4715033467195109 -1.323299529418441 -1.1831012046731066 -1.0514910675994917 -0.9281588809583328 -0.8119182541758589 -0.7010428663601189 -0.594030691126953 -0.4902120759955876 -0.39012642313294044 -0.29564277855553917 -0.20956767508923455 -0.1344363727057513 -0.07069467759090411 0.1067748739131512 0.40940261472506945 0.36346987512062323 0.6388721332351589 0.6203134830848978 0.40068377423318025 0.4054060062251188 0.5693631935849413 0.246394503915389 0.08900112281372101 0.06707174036871517 -0.009806250879569642 -0.17975345409856563 -0.3195555515837716 -0.8073005542538721 -1.2983420046024075 -1.7745475701805415 0.3770793452845553 2.5287062607751247 3.9910868997406888 4.292157456617116 4.101236040534569 3.5229780294486184 2.986034491167766 2.6956978730304626 2.811514590114464 2.7328057126221994 2.728356336281455 2.238230576544904 2.516918260613549 1.6231037482832742 1.5239551489431826 1.5865275034936765 1.5517367633112968 1.1994176149553273 0.3511541620523756 -0.3028609640842033 -0.7018248917358052 -0.5723678427313887 -0.5822774315785353 -0.9025920451781022 -1.9784308351961908 -3.1664805898068313 -4.214596316457765 -4.974130658868961 -5.627066426881205 -4.984438138619975 -5.143227176543796 -6.134732334802568 -7.032239027237216
-2.595947698851564 -2.3676224567554183 -2.1585965425078344 -1.967741647905189 -1.7919172124789293 -1.6274677274882974 -1.471657691791748 -1.3234092445775418 -1.1831806472232425 -1.0515497398375546 -0.9282030474817958 -0.8119520487830447 -0.7010690462736404 -0.5940511533669257 -0.49022818736230944 -0.39013921827382203 -0.2956530719869893 -0.20957611784347951 -0.1344434742398198 -0.0707008097017267 0.10692956436674396 0.4059416507593215 0.36504165831029795 0.639863703728894 0.6207176599846629 0.405946539562475 0.4056810573623407 0.5693846249611519 0.2677665515798072 0.08905415759226316 0.06680487928043911 -0.011624521957714703 -0.17992900291664457 -0.3188078824668197 -0.7765326492849132 -1.2946031067428618 -1.7319009469097921 0.4000124540509389 2.5319258550347445 3.9989321534807085 4.318547604028912 4.174346325190833 3.610193816569851 3.0325527087740043 2.725937378742402 2.8606640513899015 2.772585454441654 2.7516517332919057 2.254315733424846 2.5138548088966655 1.6296516122939848 1.5453279215384215 1.586034350657839 1.560292703422674 1.2214473104253352 0.3701533688167765 -0.27064088288493243 -0.6969485682820333 -0.5995903441174228 -0.5731455195605306 -0.8470359494026592 -1.9094110727802376 -3.0696033933895213 -4.118851006650712 -4.886941435058945 -5.545447724207295 -4.9476156526706685 -5.06173257232611 -6.031930997174778 -6.928758008331554
-2.5976402125972924 -2.3686221361123425 -2.1592140522083705 -1.9681394609891627 -1.7921825437239898 -1.6276494032902036 -1.471784591219469 -1.3234994417380952 -1.1832459530336723 -1.0515979692951736 -0.9282393519202131 -0.8119798270061322 -0.7010905650875178 -0.5940679722862121 -0.4902414299644774 -0.3901497350589372 -0.29566153248301563 -0.20958305718259085 -0.1344493111756163 -0.07070584983306158 0.10708442326095831 0.4035733956476554 0.35752345697799554 0.640855868624299 0.6211219495767113 0.41227063181322343 0.4065135951026183 0.5694024168094247 0.2893596865992959 0.08910719400118404 0.06653806052023217 -0.011703237401807362 -0.1802611252045379 -0.3180602133498678 -0.7457647443159406 -1.2902939068055244 -1.689254323638817 0.42301742893124084 2.5352891815222005 4.008362573280795 4.345498692605577 4.241169890460135 3.6949318752836975 3.085071372276873 2.7599515576640816 2.903607862364574 2.812751243375257 2.77792197712615 2.272010993775382 2.510415405154256 1.6380073955996461 1.5692657188467953 1.5870223450390588 1.5666414211617081 1.2356388977806947 0.39179016893507623 -0.23581003158919478 -0.6952522996489608 -0.6320997283340497 -0.5712301392993507 -0.8005090736085883 -1.8385402291672397 -2.975283739558245 -4.026967578746369 -4.799558083264463 -5.463265882578216 -4.912720964683649 -4.979114892677465 -5.932415460807664 -6.828442171877719
-2.599036268629258 -2.3694455127783822 -2.159722250174038 -1.9684667021066733 -1.792400744572655 -1.6277987820626985 -1.4718889193799778 -1.3235735900573509 -1.1832996361340846 -1.0516376137625234 -0.928269193311574 -0.8120026596413925 -0.7011082524959515 -0.5940817964757674 -0.4902523145442852 -0.39015837914043616 -0.29566848640485865 -0.20958876080418778 -0.134454108692433 -0.0707099924303533 0.09690814298204592 0.4025033852660274 0.3469054471353307 0.6418486269200856 0.6215263517875619 0.41872196294947983 0.4074807513678154 0.5694202087305975 0.3111653099094546 0.08916023204033484 0.066395867458297 -0.00925842443717262 -0.18059324749243136 -0.31731254423291594 -0.7163929331035881 -1.2859847068681864 -1.6466077003676365 0.4461051392062816 2.5388179787991327 4.01952908625241 4.373116056258362 4.303328158746065 3.777366327917469 3.142521675255758 2.7975643626466837 2.941412951469869 2.8534241013197366 2.8071762975110053 2.291420718609543 2.5065368870147764 1.648349147087028 1.5958202618526736 1.5897049305949893 1.57056833166166 1.2416934528287125 0.4161415874480499 -0.19845192310934695 -0.6971776342513614 -0.6716091730585592 -0.5775270555542027 -0.7613524027448428 -1.7665722507517658 -2.8837102931023084 -3.938514174950564 -4.712889177406182 -5.381317832319295 -4.879407182952487 -4.89638509201539 -5.836338112508835 -6.731537974173351
-2.5999717828588227 -2.3699966598612265 -2.160062218674174 -1.9686855400237089 -1.7925466327648063 -1.6278986428917852 -1.471958657501326 -1.3236231516012287 -1.183335517092289 -1.051664110799886 -0.9282891379249276 -0.8120179197191151 -0.7011200736701986 -0.5940910356439335 -0.4902595890318814 -0.39016415621168266 -0.2956731338820394 -0.2095925726657756 -0.1344573149777614 -0.07071276101516871 0.07690387289289433 0.40143533597699893 0.3358679862857551 0.6428419776150334 0.6223587463513012 0.4252643209886551 0.40844924220211937 0.5694380007246671 0.3196564740024756 0.09003002969753221 0.0664036790888886 -0.010054456349683457 -0.18092536978032472 -0.31656487511596404 -0.6913006630409659 -1.280633673635553 -1.6115248227198025 0.4632893369760026 2.5381034966892595 4.03428012667657 4.408117606687934 4.3758339496875145 3.8696001755613905 3.2118102398687407 2.8429923093734404 2.975075682723832 2.887960084035362 2.8396085481430617 2.3187480099414435 2.4998862934437645 1.6618696107007398 1.6328563347231606 1.5965575247351573 1.5738171853223715 1.2495466782263087 0.4430289432741261 -0.1599658804134691 -0.6784622026114036 -0.6918646341201957 -0.5851397849274459 -0.7283735140240549 -1.7001742588785151 -2.7849880258508404 -3.8430333777275925 -4.62322334771855 -5.290190444697921 -4.854521828419623 -4.820254376820432 -5.732415058908757 -6.626776169896536
-2.600541534887081 -2.370332083459106 -2.160269039790203 -1.9688186410306403 -1.7926353525014638 -1.6279593665960572 -1.4720010617245065 -1.3236532863427757 -1.1833573331200322 -1.0516802210179161 -0.9283012641172856 -0.812027197664482 -0.7011272607574854 -0.5940966528854426 -0.49026401176824963 -0.3901676685404809 -0.2956759594372572 -0.2095948901830692 -0.13445926431752508 -0.07071444424281176 0.06013474907378624 0.40158883936448864 0.32473448547581535 0.6452302622615497 0.6233779596446177 0.43113360846967086 0.40941906646812365 0.569455792791631 0.3215771327160507 0.09059789234197019 0.06641149075579784 -0.01318412075646027 -0.1811603125168373 -0.315938351818598 -0.6662083929783374 -1.2711521664496181 -1.5772246126371778 0.47934796245215683 2.535920537557606 4.049947821453812 4.443407735733675 4.443343865012257 3.9528870576213326 3.277741482293435 2.887963043752373 3.0063844433040923 2.9195515738694566 2.8716070728145544 2.347220638039839 2.492077380239824 1.676170145704942 1.670788492148367 1.604766316086517 1.5767657885650115 1.257837748656735 0.46988375338264854 -0.12311700857529902 -0.6538569657107522 -0.7051249466181498 -0.5934360415579119 -0.6984157004261917 -1.6404209988553875 -2.6973585720407303 -3.757708529125309 -4.543110923288313 -5.207937612670533 -4.832632586094957 -4.7528569835986465 -5.640672694146373 -6.534372336270564
-2.601053270786965 -2.370633197591674 -2.1604546536281903 -1.968938074724373 -1.7927149544429568 -1.6280138463470166 -1.4720391041842984 -1.3236803206541066 -1.1833769042376114 -1.0516946732841905 -0.9283121422714832 -0.8120355206639449 -0.7011337080740083 -0.594101691923981 -0.4902679792460276 -0.39017081931809605 -0.2956784941324099 -0.20959696913494932 -0.1344610129906924 -0.07071595419677613 0.046175162356367365 0.40256977577537223 0.31804086021582784 0.6482718597790662 0.6243978841669695 0.4367757600751897 0.41039022302121 0.5697440985441837 0.32765693952295033 0.09116594113132644 0.06641930245902423 -0.01633597189874988 -0.18117711177890455 -0.31536119045572997 -0.6389355087012119 -1.261154539063517 -1.5429244025544504 0.4948905256680186 2.5327054539053666 4.069534768735078 4.479158341829685 4.507962099136913 4.047855839076363 3.3588125145363668 2.945204434075111 3.047937982492302 2.961839458547354 2.9087857151826726 2.3743805859872347 2.4804711400223556 1.692281111569704 1.7092999055253675 1.615295863024708 1.5777735940106776 1.264544759030562 0.5047829273315273 -0.08234533348285147 -0.6253067834356777 -0.7174551945650652 -0.6060302997005298 -0.663365637884877 -1.5658573809456708 -2.5991767678590727 -3.6580932029857847 -4.449343295220058 -5.115957855138657 -4.802503325777032 -4.674825051487976 -5.535020472676576 -6.426995409585375
-2.601512839863064 -2.370903491401793 -2.160621227047373 -1.9690452413162993 -1.792786374209555 -1.62806272351648 -1.4720732332132132 -1.3237045733605286 -1.1833944613644045 -1.0517076381766408 -0.9283219008100817 -0.8120429869911154 -0.7011394917554249 -0.5941062122703622 -0.4902715383241547 -0.39017364575955804 -0.2956807679069207 -0.20959883407838595 -0.13446258165335673 -0.07071730871357067 0.03462406217312699 0.40880114062716333 0.31330665748313935 0.6513189220366573 0.6254185187445878 0.44245951429325214 0.4124695740925101 0.5695928580391174 0.3476790262243734 0.0917341758831848 0.06642711419856724 -0.01819865162731593 -0.18119490641908406 -0.31478402909286196 -0.603569101641981 -1.250426286568084 -1.5086241924716286 0.5101744385253089 2.528973069535984 4.083416152355009 4.507811902063151 4.563429365866932 4.1359265217229515 3.4403054449358903 3.002954286008092 3.0812317721635125 2.9989242101813267 2.9473714367569603 2.403713979144312 2.4687961070619115 1.7101244560202606 1.7474833747295284 1.6262514370420165 1.5783644748612489 1.2703933555362965 0.5386691339456599 -0.04045572895878227 -0.5949774176620786 -0.7287871801413601 -0.6210932520430137 -0.6350790560599946 -1.499131157346427 -2.5083010418363627 -3.568144631394693 -4.36210206318445 -5.030012639117661 -4.776568678482803 -4.601806975902649 -5.4385942405483 -6.329222623386393
-2.6021685458616584 -2.3712889384337084 -2.1608586968884964 -1.9691979944472913 -1.7928881643640247 -1.6281323807234698 -1.4721218701322876 -1.3237391346835456 -1.1834194806829217 -1.0517261132163618 -0.9283358066542682 -0.8120536263831493 -0.7011477333665292 -0.5941126536357912 -0.49027660989596533 -0.3901776733394571 -0.2956840079508095 -0.20960149155020644 -0.13446481693475748 -0.07071923884453929 0.025602941832447424 0.41758120969528384 0.30864310364644754 0.6543714205429322 0.6264398622033227 0.44791285832540273 0.41481401719035593 0.5694416227990031 0.3678566860940497 0.09254171818808572 0.06659518818904687 -0.01945390384326872 -0.18121549280689783 -0.31420686772999395 -0.5685745562475206 -1.2396980340726462 -1.4743239823887189 0.5248954357119113 2.524114853825225 4.08634786594503 4.525526151245353 4.611095907405712 4.227385449548275 3.5325912345828714 3.067594446510269 3.102542731869378 3.0301383865690608 2.9914509235497415 2.43885645464469 2.457361517100499 1.7320917248239687 1.7882106667710003 1.6383790960575388 1.5780450308649039 1.274522492614875 0.5733157671982347 0.0068793523070475775 -0.5594421845289496 -0.7373774009569258 -0.6414930399456592 -0.6172017573054305 -1.4353989629725201 -2.4138579546963657 -3.477559604387778 -4.271228791617774 -4.9401503319888596 -4.756775595214226 -4.526515474063692 -5.33943463773462 -6.228803289070726
-2.602795047070213 -2.371656993760355 -2.161085376357164 -1.9693437788423005 -1.7929852996191948 -1.6281988476761509 -1.472168277317538 -1.323772110516679 -1.1834433517355603 -1.0517437400814655 -0.9283490739556453 -0.8120637771500775 -0.7011555964306858 -0.5941187991167964 -0.4902814484899759 -0.3901815158914178 -0.295687099140867 -0.20960402692935046 -0.1344669495182222 -0.07072108029616198 0.018313060259406096 0.4185721753708131 0.3040498900492404 0.6574293268196603 0.628314723672135 0.4530742245170083 0.4171661062756155 0.5692903928254915 0.38818398478426386 0.10509355892145603 0.06683784013255584 -0.020707935461666268 -0.18123607919471163 -0.3136297063671261 -0.5548371455092629 -1.2248237424396209 -1.446751378960564 0.5355101195051755 2.5177716179828087 4.090098480729508 4.54734302340812 4.665704594497363 4.322519073131361 3.6288747562658115 3.140050436963303 3.1285947987242313 3.0602201872917423 3.032707663656222 2.4778497491546005 2.4462029275845607 1.7560276656394125 1.8328720552936237 1.652547651990369 1.5768286208006854 1.2796563847217637 0.6094108203910553 0.04949586017141732 -0.5159606273160074 -0.7394773356668874 -0.6615824679678736 -0.5958054736175646 -1.3734193400295365 -2.3205889283286276 -3.383348751858411 -4.180527940788786 -4.849572444337047 -4.734689767428443 -4.458724878852849 -5.238751452032893 -6.1263275341383
-2.6028826475067532 -2.3717084395858503 -2.1611170551511423 -1.9693641502663153 -1.7929988721085495 -1.628208134579269 -1.4721747612568772 -1.3237767177673079 -1.183446686863074 -1.0517462027864835 -0.9283509275616371 -0.8120651953318856 -0.7011566949901492 -0.5941196577084302 -0.4902821244938895 -0.3901820527367834 -0.2956875310125596 -0.20960438114816715 -0.13446724746213895 -0.07072133756585762 0.012256284544406366 0.41400566477028133 0.30026609000026605 0.6599762732296469 0.6312206524138905 0.4582684080098349 0.41952582478483014 0.5691391681202329 0.39447246335558883 0.10883708614969959 0.06708052707989466 -0.02128005137916312 -0.18125666558252548 -0.3130632798242215 -0.5410997347710037 -1.1989524416000472 -1.4120054798860664 0.5491710539869242 2.5103475878708825 4.0943797524888605 4.571188518661724 4.721127899566122 4.41124880411584 3.7186655355998983 3.21137592136958 3.15680895363025 3.088962487381161 3.071153079404794 2.517627767438476 2.43515696277587 1.7806494073382488 1.8778909608989487 1.6678186155391628 1.5749980595148225 1.2854282467153708 0.6452334933019975 0.08826277488011278 -0.46998383676848454 -0.7371055182092431 -0.6817122972302965 -0.5727020974450394 -1.3153969266857235 -2.2351566803278033 -3.295397332743613 -4.096886314083782 -4.76570683493094 -4.711646692128556 -4.397957075632808 -5.1462247160542045 -6.0321546781121045
-2.6027119260227276 -2.3716081746224895 -2.1610553136652224 -1.9693244461813668 -1.7929724190106744 -1.6281900341040327 -1.4721621238102087 -1.3237677380405626 -1.183440186549162 -1.0517414028587795 -0.9283473147941279 -0.8120624312258033 -0.7011545538429864 -0.5941179842700921 -0.4902808069279509 -0.3901810063977591 -0.2956866892724862 -0.20960369075747207 -0.13446666675408336 -0.07072083613393318 0.007237175304472684 0.4094730832545953 0.3001869903139515 0.6684479926942198 0.6341322363303775 0.4632020408886425 0.4218931559229514 0.568803321188851 0.39667769679310005 0.11258830442686889 0.06732324901655376 -0.02129729026456301 -0.18141109099041636 -0.31222235861894165 -0.5246463245475614 -1.1724847450159757 -1.375982981448192 0.5647416958370236 2.505466373132323 4.100416357020269 4.603087487547636 4.782233832794359 4.492755170050905 3.8209541862381013 3.296499311428893 3.187706928449562 3.1247564329922914 3.1188448264724102 2.5586680091510394 2.419070683978964 1.8103359322466694 1.9138690066226962 1.684445084870417 1.5737800506165316 1.2965181743579166 0.6878848068042941 0.13436718015937754 -0.431314031506523 -0.7337083081649317 -0.6914218688762656 -0.555436560468316 -1.2450291453442248 -2.1393841551381056 -3.1990508713916723 -4.000020815700811 -4.677673582854221 -4.684190158120097 -4.32464466720672 -5.043000637404874 -5.925586090999386
-2.6025302671694783 -2.3715014682649818 -2.160989599661031 -1.9692821852766218 -1.79294426152868 -1.6281707670251524 -1.472148671685878 -1.3237581793493207 -1.1834332670891843 -1.0517362934067862 -0.9283434690457387 -0.8120594888615553 -0.7011522746091209 -0.594116202906514 -0.490279404386903 -0.390179892575419 -0.2956857932442075 -0.20960295583961835 -0.13446604859275513 -0.07072030236161903 0.0030870794636406553 0.4085730503968314 0.2986575690126285 0.6769598356022225 0.6370494485306171 0.4678248717883208 0.4272463999700405 0.5683632489677841 0.4024115981224016 0.11634716320580603 0.06756600592802367 -0.021613123094619935 -0.18176872202343147 -0.31138143741366175 -0.4999986604934146 -1.1456855794154148 -1.3399604830102463 0.5809630224451425 2.5018865279098024 4.1070941582722265 4.631876964484161 4.835712304269815 4.566575164780791 3.9126637641442317 3.3753148268043156 3.2178035774017886 3.1576190331287743 3.1640809939080747 2.5996555524299465 2.404727340493992 1.8406701529194047 1.9481344051587879 1.7002817968951813 1.5729907084787367 1.3084579660336486 0.7276945248568771 0.17874228381936194 -0.3938141386297757 -0.7291431789479177 -0.7000536285368129 -0.5390766994028955 -1.183306524719241 -2.0530460358024287 -3.112540552215735 -3.912877708026742 -4.597132043241151 -4.657036162522955 -4.25835827465432 -4.950597348807285 -5.830653918783669
-2.602336975261018 -2.3713879084324074 -2.1609196582024617 -1.9692372031741603 -1.7929142899697958 -1.6281502582100826 -1.4721343523931156 -1.323748004379066 -1.183425901463565 -1.05173085447477 -0.9283393752942185 -0.8120563567445371 -0.7011498483838724 -0.5941143066577479 -0.4902779113906618 -0.39017870691763656 -0.2956848394265176 -0.20960217352288216 -0.13446539056263057 -0.07071973416312996 -0.000135369115954021 0.4120292444036918 0.29623671609363045 0.6855112077706712 0.639872525582983 0.47449874190007074 0.4340371660362451 0.5679232214593085 0.4081564633818052 0.12011361200449379 0.06756300932435415 -0.022288191897954383 -0.18214036699337857 -0.31054051620838197 -0.4788711830432145 -1.1188864138148304 -1.3039379845722352 0.5997265016674893 2.503390987915738 4.116112854661909 4.648442922227516 4.876193674098616 4.648435801550083 4.013163562639849 3.463391932371409 3.249265844908253 3.1817192477654084 3.2085396790088607 2.650704200932915 2.4058934246708303 1.877317861402844 1.9878075649765012 1.713424843179772 1.5739943080016305 1.3221149233447527 0.7631216855307524 0.22554422270901683 -0.34814830260245033 -0.7192654924982402 -0.7103817104970533 -0.5214196109609733 -1.1341937108686186 -1.9589703803154235 -3.0186902266399818 -3.8189875304866883 -4.506238924658443 -4.628508617662888 -4.195233255488508 -4.848895399184715 -5.7267574683308915
-2.6024739451511136 -2.3714683809878876 -2.160969221944586 -1.9692690798326964 -1.7929355294829894 -1.6281647919429638 -1.4721444998934665 -1.3237552149766472 -1.1834311211950226 -1.0517347088361448 -0.92834227637936 -0.8120585763567995 -0.7011515677578795 -0.594115650457719 -0.49027896942092286 -0.39017954714878245 -0.29568551536134857 -0.20960272792144963 -0.1344658568839514 -0.07072013682414512 -0.002618208465088009 0.41550528621335153 0.29383634411353793 0.6941015167270274 0.6449765019826174 0.4821747986689927 0.4408880790915205 0.5674832387042007 0.41391216904892614 0.12921204054560564 0.0672641418371777 -0.022962904420388872 -0.18251201196332567 -0.30969959500310223 -0.46853437302120116 -1.0881618747085038 -1.2677214841906 0.6187459573689134 2.5052133989362617 4.125069248843105 4.662996627652249 4.916522854421754 4.73080243815978 4.110284040118435 3.5499210520712654 3.284442218165373 3.2086514220408664 3.249800017833426 2.701571194448718 2.4074868970565815 1.9131613014059294 2.023761278457934 1.7294391947446242 1.575936134184277 1.3378507688389547 0.8015171154132235 0.27112263292216715 -0.30383692902975395 -0.7022666625458802 -0.7126559187338254 -0.5025148444990339 -1.0818056169248584 -1.8727136489983358 -2.927122032720806 -3.7276029725937763 -4.417364457087175 -4.596312745353982 -4.136092830114931 -4.7528047724947005 -5.6268560882106415
-2.6024583550828266 -2.3714592220382937 -2.160963581046299 -1.9692654519842734 -1.7929331122629375 -1.6281631379036328 -1.4721433450429051 -1.3237543943668983 -1.1834305271591232 -1.0517342701879395 -0.9283419462197227 -0.8120583237527448 -0.701151372083783 -0.5941154975260453 -0.49027884901141633 -0.3901794515260022 -0.29568543843637723 -0.209602664827958 -0.13446580381412124 -0.07072009099919684 -0.004719824153772786 0.41684100144630026 0.29145639187113836 0.7099348672696658 0.6521394065594277 0.48991662068827524 0.44779871807123584 0.5670433007432641 0.4174656060001747 0.14481319787132982 0.06696532736873964 -0.023384919822968236 -0.1828836569332728 -0.30820146090502715 -0.4581975629991871 -1.0418747181511625 -1.223143490444096 0.6421432940614219 2.507430078574001 4.133993050536287 4.675374016622628 4.957182949228628 4.813967087040446 4.205238410753011 3.635729051312271 3.323657598067826 3.2387945230199584 3.288545301687418 2.7528711937808388 2.409610087143752 1.9486317906069226 2.056504955689043 1.7487809573639075 1.5790368551557772 1.3560290951569192 0.8432037740974496 0.3161265093940933 -0.26024498172411814 -0.6772334501699601 -0.7047263984914662 -0.48208722804694626 -1.025964709762125 -1.791474505303438 -2.8368740626093656 -3.6376827891935237 -4.329577021200388 -4.56009310910508 -4.079616474202587 -4.660285785212515 -5.529582644712395
-2.601849112756211 -2.3711011943902305 -2.1607430398756793 -1.9691236014765954 -1.792838592587598 -1.6280984583271711 -1.4720981847100396 -1.3237223039973247 -1.1834072968343459 -1.051717116319977 -0.9283290348635962 -0.8120484452811777 -0.701143719926012 -0.5941095168693042 -0.4902741401830148 -0.390175712022439 -0.2956824301421943 -0.20960019743795527 -0.1344637284173547 -0.07071829892674213 -0.0064973063457451794 0.41671822667734293 0.2964436085723236 0.7292793923451325 0.6593346981265675 0.4972766144068651 0.45476864854912 0.5662804846668057 0.4183577958408101 0.16053573441154761 0.06666656594611647 -0.023635978092765055 -0.18485703578283885 -0.3061532715507059 -0.44644026631981226 -0.9931190007162438 -1.178566302126009 0.6659215285190723 2.5104093591705174 4.138878662860566 4.6887290321468305 4.9908147596972245 4.87577817669247 4.301976544053631 3.7299707385510175 3.366953382791525 3.270104638502166 3.3355519271274 2.8108554425940873 2.4197873899274756 1.9924173325154024 2.085807378528968 1.7629839769057414 1.583443145753943 1.3766060306826027 0.8829120409442396 0.36831506315260265 -0.21980614935688278 -0.6500779782214489 -0.6912343696918576 -0.46652849880088887 -0.9720026096248087 -1.7015823560446686 -2.742821797359181 -3.540613702290997 -4.2336270961444145 -4.518957713302408 -4.015494162675978 -4.5608076663479755 -5.425385663390306
-2.6011199652567196 -2.3706724309984097 -2.160478834388406 -1.968953632555751 -1.7927253231199454 -1.6280209424612948 -1.4720440591971837 -1.32368384181028 -1.1833794533054016 -1.0516965556274405 -0.92831355909598 -0.8120366046888727 -0.7011345477994944 -0.5941023482282461 -0.4902684959852702 -0.3901712296867987 -0.2956788242600332 -0.20959723990480342 -0.13446124074381166 -0.07071615085823611 -0.007999609311154078 0.42543775592401 0.2922155885650483 0.7488010097949427 0.6665619873800789 0.5040372919074835 0.4649920910479172 0.5651291190597612 0.41925023981659953 0.1763762293775516 0.06636785759638597 -0.02369827573284733 -0.18470985272730286 -0.30410508219638477 -0.42941072063526187 -0.9408687628954112 -1.134214664712027 0.6897240071772057 2.5136626790721763 4.1422867654609155 4.70223014133926 5.02092504334116 4.927439943808264 4.387118434237744 3.8145490235830315 3.4089948077109073 3.30041516558189 3.3816613639120097 2.866187977952434 2.4328638052774343 2.0359513227925237 2.112939611863481 1.7752128469082769 1.588391708844507 1.3974492278036958 0.9199052094207307 0.41869656328784144 -0.18236622279895204 -0.6230755332344675 -0.6760060267976055 -0.4528920153321351 -0.9224932105493435 -1.6203993328677844 -2.659284215130115 -3.454168916229695 -4.14780154652309 -4.478588518294296 -3.955128150865408 -4.4725764878077925 -5.333629623453604
-2.600247578358278 -2.3701590483922548 -2.1601623545699615 -1.9687499859194182 -1.7925895909190723 -1.6279280458377556 -1.4719791902185173 -1.3236377433703388 -1.183346080846809 -1.0516719117142943 -0.9282950097022241 -0.8120224123182341 -0.7011235538310344 -0.5940937556501542 -0.4902617306309114 -0.39016585696962697 -0.2956745020875006 -0.20959369486673482 -0.1344582588979796 -0.07071357607721475 -0.009183105961011512 0.4384903926206072 0.28688829982139613 0.7684934521613881 0.6738208850375914 0.5136799287426079 0.47874357410943014 0.5639780619818416 0.4201429374780159 0.19235458986300588 0.06649926245665899 -0.023672783134798855 -0.18429741494420204 -0.30205689284206355 -0.4122362649741058 -0.8886570057380121 -1.0898630272979832 0.713828012000699 2.517519051304555 4.147270974059364 4.721438750623092 5.061813862793903 4.9933186783305725 4.485814074419233 3.911318922181484 3.464093505322698 3.33027116150956 3.4121127301336402 2.9343648502881585 2.465385657654877 2.0810409570616257 2.1463576765492545 1.7921840101058426 1.6023505571092453 1.4248634088484966 0.9573432636524823 0.46549135798954366 -0.13334963226422727 -0.5778800632479233 -0.653277228761739 -0.4343766694952932 -0.8762912310899673 -1.537839171327031 -2.55980221947495 -3.35574701330891 -4.048635526500242 -4.426084920139001 -3.9076027905653237 -4.37080584138924 -5.2259080014685715
-2.6004905983789746 -2.3703021035579854 -2.160250556771586 -1.9688067470891772 -1.7926274248510392 -1.6279539407214072 -1.4719972728321242 -1.3236505937849268 -1.1833553838614224 -1.0516787815811077 -0.9283001806549337 -0.8120263686924358 -0.7011266186022282 -0.5940961509943306 -0.49026361660466433 -0.3901673547204836 -0.2956757069793744 -0.20959468311750085 -0.1344590901479548 -0.07071429384986423 -0.010160451065105611 0.44582294110472465 0.28166467900279135 0.7883505442029952 0.6830977023101622 0.5268721673141125 0.49270738222968874 0.562827314168854 0.41972630884946394 0.21342929214046474 0.06683077996781145 -0.023842200277856707 -0.18388497716110122 -0.3000087034877422 -0.38677816198534143 -0.8364727296608567 -1.0420939823545912 0.7393440858494901 2.5207821540581983 4.152891629449057 4.738652304995779 5.101147644135856 5.057897153586736 4.575948944024617 4.000376886851064 3.519030732367722 3.3619536545035342 3.4430343152120066 2.9972278282474907 2.4994164499712244 2.126094729766106 2.1745098044385056 1.8098489732525505 1.6157472468592937 1.4499371639353886 0.9954487285305598 0.5125705348222509 -0.08816865972161866 -0.5312876011839014 -0.6311060261400007 -0.4163406036264775 -0.8293301954121942 -1.4624121238642105 -2.4702012514274783 -3.265322920394145 -3.960408037367205 -4.373455744022127 -3.8603416486539164 -4.280465800459445 -5.128712588685704
-2.6000512915268534 -2.370043478955791 -2.160091090855469 -1.9687041222511972 -1.7925590194690333 -1.6279071211340714 -1.4719645780854897 -1.3236273591406802 -1.1833385631630051 -1.0516663602075829 -0.9282908310651458 -0.8120192151716608 -0.7011210771843858 -0.5940918199658833 -0.49026020656867597 -0.39016464663074546 -0.29567352840862376 -0.2095928962562106 -0.13445758716038259 -0.07071299604112016 -0.011000396916016581 0.4489823700412784 0.2765439265629496 0.7657138837389339 0.6948317864635725 0.5406219265029832 0.5068799218422176 0.5616768763579181 0.41971965736103944 0.236637283934414 0.06716236282102078 -0.024149708968617234 -0.18347253937800032 -0.29619292631540445 -0.36132005899657443 -0.7829975576996241 -0.9799735266740849 0.7713523370468733 2.522678200771832 4.160087198451872 4.752452812445169 5.14154683939634 5.1293680520568286 4.669752459455032 4.093859965712754 3.58055879470141 3.399813948235518 3.4774177694117983 3.0604159105972446 2.539328613263193 2.1760148277971463 2.194342528343514 1.829899317260925 1.6284444028621343 1.4720100998819827 1.0384748493812361 0.5654484116861839 -0.04475532377063452 -0.47706657221200655 -0.6086975512686662 -0.3983800077445758 -0.7757749872848114 -1.3857728957648643 -2.37875984618701 -3.1704372817956386 -3.8721197406034396 -4.314229586066557 -3.8081913902850006 -4.190006312730152 -5.0281254569317815
-2.598723334719596 -2.369261042625283 -2.1596084250400693 -1.968393419165046 -1.7923518850580284 -1.6277653352381272 -1.471865560604424 -1.3235569889092789 -1.183287617185968 -1.0516287379931384 -0.9282625123544193 -0.8119975478521757 -0.7011042926425666 -0.5940787015297186 -0.490249877721595 -0.3901564439208747 -0.2956669295771891 -0.2095874838922236 -0.13445303463771935 -0.07070906499774297 -0.011722047193407322 0.4521561725156771 0.2762709598847363 0.7710276078627696 0.7066428435794115 0.5547391302394464 0.5212574630819283 0.5602540905086537 0.42002002138341016 0.26005441652282796 0.06749401097928179 -0.024457143283670033 -0.18814599590273942 -0.2904753566835053 -0.34197205670725506 -0.723108567885282 -0.9201643848086511 0.8023655635815766 2.5248955119752816 4.169122403058865 4.762416488193966 5.168616927597155 5.182812778594285 4.75391148115149 4.187382937897994 3.6478314638278646 3.437110647104601 3.5139431207006413 3.1291897814767475 2.5895026873694618 2.229768090859114 2.2166813894280897 1.8488407931500452 1.644847525846226 1.4959769899909867 1.0752072708119031 0.6176542713318228 0.002374170492069686 -0.42367314942224454 -0.5814440658847314 -0.3812639943499909 -0.7314499669299059 -1.30638992245242 -2.2860476072374487 -3.0754285284195926 -3.7803523492967797 -4.2495468961327525 -3.7577259885463583 -4.096398717709437 -4.926180514878963
-2.5970771009866422 -2.3682897125728077 -2.159008771913112 -1.9680072373204183 -1.7920943628684223 -1.6275890285783199 -1.4717424216310826 -1.323469469421514 -1.1832242524728191 -1.0515819432703197 -0.9282272885355619 -0.8119705968070645 -0.7010834148108632 -0.5940623837118548 -0.490237029737437 -0.39014624056860325 -0.2956587212555801 -0.20958075140316393 -0.13444737170056617 -0.07070417511822377 -0.012341905218308535 0.4513992588772232 0.2818268770667375 0.7764121307697601 0.7185292933772391 0.5690322760645787 0.5377551620928994 0.5586502569071383 0.4203204140786744 0.2836714518563768 0.06782572440559044 -0.02461892707837114 -0.18993318086149452 -0.2847566675539709 -0.32315982210640337 -0.6481331224291188 -0.8603822667563568 0.8334803144018574 2.5273428955630943 4.1793804408137465 4.769682510261691 5.187093970234199 5.225093453641752 4.828743860653703 4.274251142871334 3.7144794834733537 3.4731318873327353 3.55078520523867 3.1970795948675925 2.643293285715892 2.2834227783897765 2.2402772810095457 1.866832309502033 1.6635191936971467 1.520748750578514 1.1074220876356407 0.6675770360301686 0.049931093615275174 -0.37273392333785493 -0.5517196962227275 -0.364890124563353 -0.6934935307483794 -1.2305329557827784 -2.1993822320204153 -2.9872694135525677 -3.6936090937311956 -4.18531497204063 -3.7099419014160646 -4.008238077975125 -4.831741400429584
-2.5950379780373156 -2.3670844734366896 -2.1582640011746363 -1.9675273342422839 -1.7917742371530103 -1.627369815889294 -1.4715892945064135 -1.323360626217268 -1.183145444325182 -1.0515237411088159 -0.9281834766792889 -0.8119370740208706 -0.7010574457226236 -0.5940420864008201 -0.49022104831943447 -0.390133548682489 -0.29564851092301425 -0.2095723768270137 -0.13444032752581317 -0.0706980925441608 -0.012862457024954808 0.44592776317650407 0.2875039729873604 0.7819034728638746 0.7301560501812474 0.5873084843562999 0.5552136197715182 0.5570470318320107 0.4206208354297404 0.3074793840746068 0.06977597857473629 -0.024605422946815322 -0.18878525452654882 -0.2790367457812165 -0.3033253028381271 -0.5689355425204743 -0.8010038909408865 0.8648927595523069 2.5307894100481296 4.1881743404845 4.777778102972292 5.2044733904410165 5.269603091837581 4.915229017742061 4.367362546995976 3.796507863792146 3.517644088298457 3.585096925872538 3.2680610478327194 2.710123610131541 2.337985098726107 2.2642415948242887 1.8915877183410235 1.6859560608140296 1.5469426985671249 1.1454983794128402 0.7175633264157572 0.10503525970671461 -0.3085803980713268 -0.5218514059232188 -0.34311651164071666 -0.6504110808129172 -1.1639321722360054 -2.1020517398804297 -2.8882814858904635 -3.600614122647518 -4.108780580582691 -3.6695823057509958 -3.9173058558144196 -4.725597214526999
-2.592460000587127 -2.3655574296496917 -2.1573192394349565 -1.966918143260385 -1.7913676986210576 -1.627091356836537 -1.4713947482938752 -1.3232223261991827 -1.183045300048579 -1.0514497775973557 -0.9281277983237712 -0.8118944703977128 -0.7010244413329588 -0.5940162899504424 -0.4902007368354334 -0.3901174178698901 -0.29563553396842335 -0.20956173299976102 -0.1344313745664445 -0.07069036173434091 -0.013298783847510067 0.44049933266881514 0.29330326542649804 0.7881659431120895 0.7406051673721005 0.6076534314043472 0.5729383705793005 0.5554444173016648 0.420680262444862 0.318002232280988 0.07368133769906988 -0.024757381335502204 -0.18763752114393906 -0.2733146087134634 -0.2620944438871093 -0.48255483269564803 -0.7416806074873756 0.8964335014553344 2.5345476104003315 4.195639835697005 4.785855787791068 5.222246472628549 5.313028140173218 4.993915646399035 4.451784924671023 3.8735075211966508 3.56201207335457 3.6187235389506047 3.3334359643392393 2.7743146950940023 2.3906126814287147 2.2874329884839137 1.9169365170037658 1.7087043747356707 1.5718593221108912 1.1822369992019848 0.7658871625827586 0.15732926499710512 -0.24775160331313048 -0.492194619209239 -0.32161696403333523 -0.6087617532923865 -1.102397274882965 -2.015137621809883 -2.799280925035053 -3.516777584915841 -4.0372517832374175 -3.6307371517813234 -3.8355989197585845 -4.631356391400488
-2.589178743241527 -2.363608462425498 -2.1561116001456533 -1.9661387613023908 -1.790847308035153 -1.62673479486889 -1.4711455803821365 -1.3230451702671189 -1.1829170070056867 -1.0513550177503532 -0.928056461448308 -0.8118398834098159 -0.7009821525437524 -0.5939832361259345 -0.49017471070046 -0.39009674841433906 -0.2956189056177848 -0.20954809417756767 -0.13441990234312323 -0.0706804555281643 -0.013676368690239442 0.44802500622758834 0.30330435826557295 0.7564842164919647 0.7509726219871735 0.6283093034100989 0.5909225874966306 0.5538424153394674 0.4210924385693047 0.33039282636867984 0.07759560537354014 -0.02505026079766788 -0.1864896269151302 -0.26260351184012803 -0.22068390877540026 -0.3962966875311341 -0.6628225797364043 0.9382470859108073 2.5393167515599187 4.1972330142766285 4.793648834850313 5.245782129647533 5.364313266486916 5.078424562000342 4.547371201877549 3.962776581284086 3.614953639317519 3.6598226436707773 3.4041019553429743 2.8490498277162932 2.4544062949384466 2.310793091884334 1.9453028052609984 1.734382312017072 1.5941880829310624 1.2190047464921596 0.8240746936427876 0.21276808973675204 -0.18215697277783408 -0.4565714261703912 -0.3021051824450521 -0.5639247258497706 -1.0301654497167207 -1.9221802328975435 -2.7005486055443 -3.4240142598039407 -3.9571547107190397 -3.582297951640329 -3.7458996534132605 -4.528097876983944
-2.5850934137465567 -2.3611735516562393 -2.154599960848253 -1.9651621023111834 -1.7901947583197375 -1.6262874898867126 -1.4708329135238243 -1.3228228256573225 -1.1827559687352076 -1.0512360612578133 -0.9279669034673677 -0.8117713506487944 -0.7009290582048772 -0.5939417354569139 -0.49014203303788106 -0.39007079608257195 -0.2955980270319876 -0.20953096911590688 -0.1344054976068251 -0.07066801706144298 -0.014003078656994074 0.4646085027074284 0.31209347730863435 0.7086607866153594 0.7613912940986542 0.649441763505594 0.609159316663136 0.5533849401547097 0.42204133307423913 0.34282969842624095 0.08151872171575152 -0.025343072603641725 -0.18852032849791414 -0.24711057456753124 -0.17921960697304692 -0.310064283038066 -0.5793808611489953 0.9826947583556886 2.544770377861933 4.1991437102073 4.802861889467435 5.272566220550632 5.4112472798086815 5.145701428049338 4.634491314536676 4.050536002206721 3.6689766430362982 3.6998126804205302 3.475291459772731 2.9254009506368166 2.5164897643429742 2.336948388263637 1.9750939762489965 1.761484023854958 1.61870298447011 1.2516845222924848 0.8730108123875979 0.2705142900218802 -0.11944649123692011 -0.41892549297488674 -0.28060495632021926 -0.5227559856485403 -0.9643696274247284 -1.8317427842181528 -2.6073517998766467 -3.334143574313014 -3.877192727905033 -3.542108231525934 -3.659316301921666 -4.429503741355942
-2.5800174765067996 -2.358135348329641 -2.1527092829409757 -1.9639388568681388 -1.789376766484613 -1.6257264803739166 -1.4704406300364055 -1.3225437984354302 -1.1825538446007 -1.0510867389585745 -0.9278544756035738 -0.8116853123922582 -0.7008623991734759 -0.593889630510541 -0.4901010046182078 -0.3900382110789196 -0.29557181213291317 -0.2095094668866257 -0.13438741089059764 -0.07065239913120475 -0.014285737613195607 0.42592015420349744 0.31134504849305117 0.6702608377876126 0.7718602137588033 0.6711296266324914 0.6248576456468503 0.5539985027334027 0.4229905122880481 0.3553117076204471 0.08545062688768303 -0.025454927473687026 -0.18650661936662324 -0.23161424670592615 -0.12903996877040982 -0.20778958995506663 -0.49644107181682007 1.0273501874209499 2.5511414466600026 4.201482599807297 4.813945293314144 5.30343798662834 5.454914519557866 5.199827096932471 4.716938907669343 4.13876346233366 3.725185607255295 3.7394615243145415 3.548421088657493 3.004602402873518 2.578424492588175 2.3666782671699047 2.0069672133980907 1.7906234717947338 1.6460895993863705 1.2805316957318353 0.9140641589986194 0.3316222460838873 -0.05789522708463398 -0.3784348798330561 -0.2564853550007279 -0.4844945776564814 -0.9026682820044719 -1.7415639373480147 -2.516541938554507 -3.244804909487186 -3.795754056530937 -3.509583077754359 -3.5734622442062656 -4.332637665629454
-2.5802463946113563 -2.358272674155722 -2.152794848752945 -1.9639942575063314 -1.7894138297354405 -1.6257519069220077 -1.4704584127376443 -1.322556448662884 -1.1825630090555845 -1.0510935097328438 -0.9278595736670125 -0.8116892139269587 -0.7008654219923228 -0.5938919933761577 -0.4901028652059082 -0.3900396887819389 -0.29557300096527134 -0.20951044200685284 -0.1343882311213192 -0.07065310740465704 -0.014548282424229985 0.3665551586933086 0.31005680309719447 0.6336459968496309 0.7822927091485358 0.6896938699767252 0.6375318098682341 0.5546121554773957 0.4239399756743062 0.36740781399507677 0.09808574676936574 -0.025482627608317432 -0.15288473112510306 -0.21611791775664874 -0.07795374143545282 -0.09753008795772315 -0.4136935187357182 1.0725119630124729 2.558717444761719 4.204582131691721 4.819740175217418 5.316263432330702 5.4880088096152635 5.262415015289427 4.80423212949191 4.234401303608648 3.7905123060646537 3.776718308493548 3.60787079392307 3.090470939486045 2.6463465484573363 2.3986083259749753 2.044953034925765 1.8210765931575237 1.6688468022902525 1.3149608697656774 0.960467367494074 0.39176843199857225 0.012458420514891887 -0.33266855739282913 -0.23028358529543325 -0.4402567873926795 -0.8425104412162868 -1.6498243106512493 -2.418668429731023 -3.1526479967754706 -3.7079816725900643 -3.474599134521705 -3.4944396281015466 -4.230023096292888
-2.5838339957784022 -2.360421056718966 -2.154132147762482 -1.964859608022751 -1.7899925495520321 -1.6261488384114644 -1.4707359762556587 -1.3227538819416236 -1.1827060300238226 -1.0511991699587868 -0.9279391281296467 -0.8117500953577776 -0.7009125907244107 -0.5939288635872968 -0.4901318975817598 -0.3900627465047427 -0.2955915511172584 -0.20952565740236367 -0.13440102964353523 -0.07066415897085568 -0.01477988128215567 0.33413048031295084 0.30877394192166546 0.5904761321481611 0.7902681433469387 0.7043130938205926 0.6503143190387123 0.5552258982725985 0.42708273779179606 0.3698114142786512 0.11489422695011592 -0.02551032713681911 -0.14144471339849354 -0.2006215875572066 -0.010134206570405651 0.012868850562933984 -0.32775432690262357 1.1194681396488368 2.5666906062011585 4.207977324848887 4.8233926245953205 5.322111601919038 5.516192205562364 5.322274608396048 4.883026614320167 4.32020044303467 3.852807809243057 3.811384177358506 3.659001388591625 3.168582447501997 2.7099309359015176 2.4299285778359523 2.0830104050455476 1.8507481774224916 1.6892808107816901 1.3496673089622424 1.0056877382145921 0.44697992276770715 0.07876744762833554 -0.2880256779996224 -0.2042685015870497 -0.3967324402739493 -0.7874494700776149 -1.568326918186942 -2.331254029546581 -3.07054368488252 -3.628466506272247 -3.4404209352345174 -3.425017895721644 -4.13933292800113
-2.581897296359318 -2.3592621768359865 -2.1534110925737986 -1.9643931384844222 -1.789680636520437 -1.6259349246062795 -1.4705864015617272 -1.3226474927222414 -1.1826289637373724 -1.0511422364907734 -0.9278962619646828 -0.8117172910687863 -0.7008871753320296 -0.5939089973386642 -0.49011625454693564 -0.39005032273279916 -0.2955815561013504 -0.20951745920263956 -0.13439413368696446 -0.07065820429510733 -0.014976832949315526 0.3181419221243628 0.3074964582911864 0.5504970581158304 0.7969850633944835 0.7190522313563417 0.6632029171622988 0.5558397310050274 0.4314855438120421 0.3748098576306535 0.1318503974106586 -0.025428359266504965 -0.1304594386844062 -0.1761939422513771 0.06626124362174805 0.11977029739694194 -0.21854064650051974 1.1791360150987873 2.576812676698758 4.212941351887681 4.827348615015344 5.329433906185518 5.5545220570899945 5.397998462209689 4.978247837751976 4.4216781022595955 3.930863489680239 3.856727904838929 3.72204053591021 3.2546601347913118 2.786890297462701 2.4699034115229224 2.1238740057377634 1.887243684440926 1.7128562053086926 1.3788640766239564 1.0534479989046304 0.5099007784793017 0.13973388663863034 -0.230910580752155 -0.18064187414107913 -0.3566297040095435 -0.7189139015776764 -1.4751914950600575 -2.23141002125912 -2.9719018048067247 -3.535819156781296 -3.40119880612571 -3.3391264115544703 -4.033955529795582
-2.576009756078008 -2.3557264654048176 -2.1512066838913233 -1.9629653537264817 -1.7887252336573671 -1.625279397264577 -1.4701278999976566 -1.322321304647542 -1.1823926469951944 -1.0509676387476758 -0.9277647957319449 -0.8116166788619662 -0.7008092225015298 -0.5938480629833442 -0.4900682728112152 -0.3900122148378327 -0.2955508976708872 -0.20949231206398045 -0.134372980916919 -0.07063993874475218 -0.015144308281226251 0.30276326936569864 0.3045119260709006 0.5129161454181158 0.8038104143803075 0.734039075770968 0.6761953444796424 0.5583155146426446 0.43628455324415616 0.3798149984196699 0.1489498275321494 -0.025257021030758553 -0.12870256402268368 -0.14139828197630167 0.1378186470634935 0.21755974607500833 -0.10838617611576955 1.2392161115091143 2.586818399134509 4.217570277462482 4.831451616134358 5.337595475213938 5.58623112839436 5.4566609605194945 5.058155257414206 4.512113562274477 4.005296925949877 3.899964868116595 3.7799417431539033 3.3350629926242275 2.857277392134657 2.510527239044171 2.165425893845357 1.9234714281791228 1.736594838738822 1.4075777007825496 1.0966459185514288 0.5696515732067294 0.19849934869580677 -0.17647286085889738 -0.15549603119765648 -0.3181079708988588 -0.6601535468011194 -1.390139494928463 -2.141277579167895 -2.883338983653527 -3.450267550448984 -3.3660588578107964 -3.264228678170761 -3.9388842365000163
-2.5687169920065718 -2.3513203543450185 -2.1484501611108904 -1.9611763779864295 -1.787526673854341 -1.6244563936873233 -1.4695519645717656 -1.3219114307665392 -1.1820956322408878 -1.0507481603467543 -0.9275995173523457 -0.8114901797955919 -0.7007112071489879 -0.593771442719226 -0.4900079374388733 -0.38996429424890533 -0.29551234401975873 -0.2094606885306396 -0.13434638018582687 -0.07061696867330343 -0.01528670984470964 0.28862380013823663 0.2995288152426524 0.47742405420423456 0.8106549267218546 0.7492936640329141 0.6829589823287388 0.5612970131016704 0.4410905871683009 0.38482676872299826 0.16618812795717477 -0.024414473893283908 -0.12931122499022707 -0.1066026206238557 0.20637868842806742 0.3232616554765143 0.001243386917861162 1.2990397218946812 2.5968360568718944 4.221370358378655 4.835989429163738 5.348069976391417 5.606626011377244 5.493795805294005 5.12928771811585 4.604334361926716 4.086896586828647 3.9442612821346774 3.837377002658134 3.4215058638881954 2.928869749175775 2.5571198677251785 2.2133209327935486 1.9629705941513589 1.7624707861883553 1.4379621958120152 1.1362011705176003 0.6330221789560102 0.2625027654527282 -0.11913188660511127 -0.12486798238037257 -0.27832010745922947 -0.6098113752747529 -1.3010424011035902 -2.0475831755438247 -2.7923604791595786 -3.359090280069888 -3.335791870629307 -3.1935437531788575 -3.839270316242185
-2.559715949928966 -2.345841846162541 -2.145008151224027 -1.9589369336679348 -1.7860240190516188 -1.6234235752643509 -1.4688287379649538 -1.32139651280618 -1.1817223880211603 -1.0504722968002356 -0.927391748843477 -0.8113311440484738 -0.7005879722588655 -0.5936751025586817 -0.48993207023167495 -0.38990403575696386 -0.29546386294966215 -0.20942092134114676 -0.1343129288281998 -0.0705880827256713 -0.015380172123685596 0.2757682191337874 0.29463011644284337 0.44413735136602384 0.8175183533432607 0.7546000824792789 0.686801169104233 0.5642806026983351 0.44590357839109845 0.3898451011064342 0.18591714119043046 -0.02276228162541153 -0.1293360790024935 -0.07180695801242638 0.2750562639233262 0.4358895817033972 0.11050982237704776 1.3598695128099123 2.6092292032430797 4.223304720392078 4.840688038576149 5.3610151762674425 5.628505783844193 5.533142901475764 5.204592695615771 4.693458536276437 4.170734663369012 3.990568070186043 3.8878208261610827 3.5043305072860162 3.0052174743442412 2.6069797428312187 2.262473046045728 2.006357410537618 1.7875153495700682 1.4704368168317405 1.179804767620848 0.6921612783421465 0.32595142112326764 -0.056806066915897076 -0.09631591225865294 -0.23701425024567213 -0.5559759398709299 -1.2166265017347 -1.952754906482394 -2.700340905678148 -3.268208064685491 -3.300216999198737 -3.125601010631014 -3.7418122993767176
-2.548642558277162 -2.339041198794527 -2.1407130637970524 -1.9561337744192127 -1.78413952573121 -1.6221267299953468 -1.467919898014176 -1.3207490930714598 -1.181252925630039 -1.0501252309180615 -0.927130307544661 -0.8111309992818959 -0.7004328680479531 -0.5935538397451479 -0.48983657152484145 -0.3898281816187087 -0.2954028325072585 -0.20937085924144538 -0.13427081690811424 -0.07055171776929929 -0.015432121488906445 0.263401341927996 0.28981533295022416 0.41303308394120153 0.821556831242082 0.7552436887798213 0.690651921900422 0.5672662705674784 0.4524159175512499 0.39047561930368235 0.20867651750697339 -0.021107948217587068 -0.12904288995921298 -0.03700472058372749 0.35201928806419636 0.549118821611799 0.21909638023617622 1.421194400035351 2.6232924198347596 4.223764856791343 4.845500736819937 5.375686403809635 5.651157484847252 5.572965296911491 5.278287789648728 4.7759929208697836 4.2510100444192345 4.036798797378945 3.9328119425863153 3.581050441513561 3.0801096208303393 2.6572349525769843 2.3109225638360695 2.050975166972526 1.8116663318325563 1.503670045949298 1.2247198788618638 0.7469153740324733 0.3866291773570265 0.005746914722067316 -0.0695690162687318 -0.1957674023817107 -0.5019356745709036 -1.1389658421042632 -1.8634513475271557 -2.6134930119050104 -3.182920781247442 -3.262013523097063 -3.0619225406775237 -3.6516208769463137
-2.5350849334213974 -2.330624082167043 -2.1353628307143033 -1.9526285366849987 -1.7817774411232006 -1.6204987465455403 -1.4667778450432567 -1.3199349898385588 -1.1806623233862887 -1.0496884694336113 -0.9268012262039507 -0.8108790329511988 -0.7002375813228312 -0.5934011481988306 -0.48971631353431194 -0.3897326564266224 -0.29532597223768864 -0.20930781043986918 -0.13421777956019376 -0.07050591768060481 -0.015480295049627378 0.22870379896203838 0.28624279785927864 0.39928162131465295 0.8244018569147257 0.756047646711431 0.6945111839466396 0.5702540039033204 0.459945571891596 0.3932350002879566 0.23164505236963903 -0.0179636596335059 -0.12702081417374958 0.008540126842728266 0.4310680978804097 0.6624203191744474 0.3320916520480682 1.4870357664733076 2.6419798808987247 4.224409408509876 4.851594662880798 5.385615294311367 5.674172769510955 5.621085182853096 5.3586514266685805 4.870280198136604 4.3401693574185325 4.092752277287403 3.9881452674446947 3.6614230583522307 3.158963793458714 2.718219685886332 2.3634774365593425 2.0987607826092503 1.8422423152271903 1.5347804314631133 1.264391648770107 0.8112193830938759 0.4456798972035274 0.07492177405531907 -0.03751326045059496 -0.15844035679860277 -0.44579043568264975 -1.0505206874569366 -1.7678677508801925 -2.515866495586603 -3.0868386257391798 -3.220819852969965 -2.9870766347748656 -3.5510924716697394
-2.5186062117062145 -2.320259884740226 -2.1287232172967925 -1.9482578932075372 -1.7788234878125493 -1.6184589706336912 -1.4653451119875032 -1.3189128088518862 -1.17992033812715 -1.049139538159686 -0.92638751398011 -0.8105622041833782 -0.6999919867431355 -0.5932091004944695 -0.48956504636597553 -0.3896124918191513 -0.29522928222310746 -0.2092284923676838 -0.1341510545857627 -0.07044829663879304 -0.015524966866089038 0.1857844300523655 0.2828781398743392 0.3836868681691823 0.8272500263101977 0.7569113130644181 0.6983788985172303 0.5742988462286804 0.4672725820456245 0.3959963269290775 0.2548137488732514 -0.01380098941672029 -0.11667574261560075 0.06220950231906408 0.5102068176119927 0.7627164756714002 0.437287619958002 1.5488468592491904 2.6604060985405185 4.22512372314056 4.857240129795949 5.39379737798575 5.696864484482976 5.666861967906292 5.4282815747325115 4.9534537122409406 4.421502889338373 4.146505464437359 4.039919877749731 3.73504636659324 3.231488504719178 2.7772106010062303 2.414434711602382 2.1450854605930734 1.872760840669534 1.5652791146986935 1.3015335373939725 0.8703788734438089 0.5013647225866741 0.13875606406113378 -0.005287337762262937 -0.12272400246997357 -0.3944939959891819 -0.971027850172795 -1.6819266194565157 -2.4286809005298826 -3.000351545980537 -3.1803823129875677 -2.9211719722292466 -3.461398917085037
-2.498722523957094 -2.307561003263645 -2.120510612184231 -1.942820299468171 -1.7751349992972099 -1.615905961678984 -1.4635490667252824 -1.3176300595894093 -1.1789885335277548 -1.048449830362255 -0.92586752039199 -0.8101638828880453 -0.6996831648621045 -0.592967577307566 -0.48937478946793 -0.3894613420765185 -0.29510765271137485 -0.20912871108142353 -0.13406711253402676 -0.07037580589630683 -0.015566391158788872 0.15566496018186723 0.27873342770585485 0.36868510342749283 0.8301013223187725 0.7577753374275824 0.7005998699594604 0.5779646105281546 0.47308762281912753 0.39875958825433006 0.27817382057908874 -0.006629326409106261 -0.10210958179918525 0.11587887828329685 0.592912108902757 0.860762342546444 0.5436565767133615 1.609399727698381 2.6751428786835083 4.22609111128565 4.858369467677693 5.396693438162626 5.722293478829935 5.711296054534078 5.4821688319636 5.034509282617857 4.514022826122967 4.205851012691072 4.087746215662288 3.8185543094577747 3.314283579268596 2.8471272082172936 2.4763054221669116 2.199966832013242 1.90518864694426 1.6033309831809177 1.3422286212446786 0.9260062736529385 0.5679333705192979 0.20563328737861888 0.032421681571416366 -0.08039401894339697 -0.3472552692615666 -0.8887643656728349 -1.5848208788035139 -2.334630658904454 -2.904502092937855 -3.131923968396914 -2.870710125203077 -3.3627335822083877
-2.4952756923540558 -2.305338352128681 -2.1190644751739747 -1.9418592145408133 -1.7744815222804884 -1.615452958199139 -1.4632300513262575 -1.3174020578545036 -1.1788228315172753 -1.0483271399624658 -0.9257749987446702 -0.810092998509184 -0.6996282009317668 -0.5929245872348217 -0.48934092221637027 -0.3894344347848589 -0.29508599966908783 -0.20911094703387645 -0.13405216802202446 -0.07036289990254696 -0.015521010045060919 0.13264055681411138 0.27465005868251446 0.3543103130703681 0.8329557278790707 0.7592020216935094 0.702640817043616 0.5816334056747731 0.478912040039604 0.4015247733357406 0.29193211597674285 0.0019841235402348286 -0.08715802822283898 0.16954825466017745 0.6769394464642 0.9390817915638473 0.6496412724983092 1.6708882945072399 2.6921353165162545 4.227246197954688 4.859724549193213 5.4001343077537465 5.739607026978359 5.7471147826907165 5.538347526896195 5.1111830108292615 4.598945020643555 4.266259652428588 4.133365571083592 3.8897293153491415 3.394288738895546 2.917512658973263 2.5365651129960436 2.2545494880619 1.9392773376143555 1.6397455446088054 1.383079851296368 0.9800899115085543 0.6276838020995145 0.2733085432034903 0.07039542131488477 -0.04162012954353774 -0.29754990184787555 -0.8124228317226425 -1.4945459914581263 -2.243710946977486 -2.814773637011276 -3.0811521600988643 -2.817583920082397 -3.2721796832486367
-2.486980634576854 -2.299963752296936 -2.115556896999346 -1.9395236666841815 -1.7728915697551142 -1.6143498981264033 -1.462452839785166 -1.316846381338095 -1.1784188898084471 -1.048027999325256 -0.9255493878634835 -0.8099201345653597 -0.699494153336077 -0.5928197368534751 -0.4892583189020002 -0.38936880522783096 -0.2950331846494921 -0.20906761718889352 -0.1340157151463136 -0.07033141915672751 -0.015424255399125847 0.11354109357943491 0.2706324766026121 0.34029118201699027 0.8358771285425858 0.7613073251458491 0.7046841330288679 0.5853052086470696 0.4847459959928997 0.40391305766524854 0.3011903886125685 0.010651798689621569 -0.07077665826970073 0.22321763152569507 0.7423125331193974 1.0168296857061119 0.755625689812738 1.7339875496092445 2.7123494094058174 4.228677339465242 4.861411423668206 5.404372144117536 5.746552828213049 5.773993035925849 5.598697238511192 5.186756083182601 4.680593798719963 4.329766872655794 4.178030346635129 3.9523523215426 3.474721274075116 2.9907856956382632 2.5973293816886867 2.310649138131253 1.976196052994197 1.6752858921083682 1.4253014812059237 1.0344086543928388 0.6828538889294853 0.34408087791273395 0.10973731307983343 -0.00574654459547843 -0.24367441195207715 -0.7385315153781449 -1.4066048523969144 -2.1522046202101768 -2.7268518181201618 -3.026339560638998 -2.759993139401459 -3.184943779379901
-2.46419498973372 -2.2850154630953106 -2.1057223655426425 -1.9329417576231802 -1.768396201560402 -1.6112244696238496 -1.4602475125988124 -1.315268114865427 -1.1772708206494469 -1.0471773982035995 -0.9249076586569325 -0.8094283243695023 -0.6991127128906499 -0.5925213402662838 -0.48902321270192783 -0.3891819958306977 -0.29488284229997436 -0.20894426999785082 -0.13391194148276914 -0.07024179812699455 -0.01531118928300404 0.09708821049661592 0.2666801971365182 0.3305817981379939 0.8388787657915514 0.7634099605286633 0.7067298224946179 0.5889807568993021 0.49009678712217497 0.4055847982865363 0.31047555580500963 0.024695040280344544 -0.05446186093193859 0.2654764229261673 0.790605251400353 1.095075571264509 0.8616340256362872 1.7997729455537048 2.7379118654711743 4.229680549126592 4.863340451753164 5.409955563966496 5.755642074756521 5.806666953196744 5.666569578779965 5.270587046170332 4.767563529445674 4.393291565487424 4.228596956684973 4.019944437321672 3.554538054195303 3.0712563442797225 2.664373698229848 2.3694401368715794 2.0190911642400753 1.7143517038938934 1.4660656194859614 1.0925819369715417 0.7413827614602653 0.41135477111812835 0.15642571496998545 0.030238604111329424 -0.19651422163296559 -0.6581425331725983 -1.3147553209931218 -2.0579982231921967 -2.6322501025468354 -2.9656138410163018 -2.706459799286485 -3.090614624556817
-2.4340549269960303 -2.2648322130278773 -2.092261258654391 -1.9238531806557342 -1.762153430303606 -1.6068678396126532 -1.4571656588886817 -1.3130587405313128 -1.1756617600994819 -1.0459842701895967 -0.9240069930204527 -0.8087377835538625 -0.6985769764815998 -0.5921021433587355 -0.4886928702589328 -0.38891947904621216 -0.29467155006492385 -0.20877090399772677 -0.13376607841171664 -0.07011582289866199 -0.015179062882337956 0.08331689346800349 0.2638864965363256 0.32552638184604477 0.8418843910520578 0.7655126879193794 0.7087773980466011 0.5911083951195275 0.49522647985582896 0.40725760654643905 0.3197891468452644 0.0432661737977578 -0.03652103303210439 0.30185397610229603 0.8389209276982718 1.1619805743838763 0.9202477414577733 1.8424827439897842 2.7647177465218404 4.230488948031801 4.865373690848084 5.41609035162166 5.765546677167427 5.840143798949936 5.731042944456174 5.3481450568079065 4.846833109220191 4.451917079425522 4.277951685625919 4.083440448116709 3.626522524116605 3.145862487196456 2.727798839810247 2.424845633506043 2.0617686146438445 1.7527724767120445 1.5042819125082887 1.147819489170805 0.7967703047494383 0.47212908250177277 0.20289282762884897 0.06466599891158017 -0.15429297021996496 -0.5837900887704337 -1.2320147015997633 -1.973719219697491 -2.5466892054537356 -2.9075792815955603 -2.65771242545142 -3.005162085347271
-2.398867857563853 -2.2406916979333857 -2.075889691749147 -1.912676995424523 -1.754420894976665 -1.6014454054425404 -1.4533172560773109 -1.3102936081540473 -1.173644818211494 -1.0444870835310134 -0.9228759429479675 -0.8078701339492923 -0.697903564694611 -0.59157506029479 -0.4882774137072753 -0.3885892655278927 -0.2944057352865349 -0.2085527805647069 -0.13358254514478574 -0.06995730545924098 -0.015024668673326174 0.07462896759365026 0.26257605313867416 0.32056316734956597 0.8448941137720767 0.7676170097395942 0.7100715338374866 0.5925159325590287 0.500363889879059 0.40893085910892024 0.32913110475549445 0.06379990748583746 -0.015299806687755959 0.3382383549114796 0.8893365799399882 1.2241166300834783 0.9772297471411749 1.8872648447947085 2.7972999424482823 4.230163599147408 4.867853650963233 5.423933365154779 5.779072683555693 5.860877753727234 5.760600300554191 5.3993041560082675 4.934928266348449 4.5232839378350915 4.323408206762738 4.150877491282961 3.7141689114295433 3.2341809404418624 2.804776515315548 2.493855089890215 2.1116281135994064 1.7993221319197423 1.5491745277937223 1.1981358949889667 0.8608394133343827 0.5429341707398099 0.25399264592767673 0.10702568670313058 -0.10730736264158368 -0.5133807737112878 -1.1358594736326915 -1.8763160662484677 -2.450291135857546 -2.834531416471836 -2.615159587687684 -2.9174875558894495
-2.3582799640001397 -2.2120962969301647 -2.0561223097879853 -1.8990058738606597 -1.7448792776852349 -1.5947147651562263 -1.448521052716824 -1.3068378350719976 -1.1711192328296938 -1.0426098048521124 -0.9214564062549846 -0.806780436804228 -0.6970573880205383 -0.5909125015651899 -0.4877550213277746 -0.38817396523207653 -0.29407137153887003 -0.20827837291687173 -0.1333516324948024 -0.06975785354109776 -0.014807185037953488 0.06978354411694157 0.26131953536609015 0.3156913820192588 0.8479010746674853 0.7689770867091122 0.7109754545185308 0.5939235846045804 0.5055071912550989 0.41060450421125144 0.3351975168236806 0.08670590698942014 0.004767232277685484 0.3746308701243043 0.9405358837248577 1.234129769451215 1.0343034214770699 1.9304642673896566 2.826625113302278 4.229548120832976 4.870337604028872 5.430408632658575 5.7926327781541 5.882681639003669 5.790555480548715 5.447941479178718 5.009008792944414 4.590592494250436 4.368061398731887 4.208945521197117 3.7921090328383897 3.3163280911040283 2.8760242728191314 2.556796755524972 2.161473821954635 1.8439079195380275 1.591887621046889 1.2477393786908582 0.9185415241867683 0.6087051013926115 0.30483653849373976 0.14726638592343722 -0.06167884627038132 -0.4472914435090828 -1.0512948361918055 -1.787497240308371 -2.3625783743309583 -2.765317056808959 -2.5720237735036653 -2.8376982397740904
-2.3129783070874015 -2.1792671094246066 -2.032939754769113 -1.8827307343931339 -1.7334027579253812 -1.5865618344729178 -1.4426828321350362 -1.3026169114725497 -1.16802712884184 -1.0403076208499038 -0.9197135301965048 -0.8054413998162271 -0.6960169435911879 -0.5900974468994978 -0.48711216284380554 -0.3876627542652519 -0.2936597033123133 -0.20794047054667833 -0.1330672575926153 -0.06951220349494502 -0.014490132285509248 0.06390475603521929 0.26006958652204987 0.3109118982624299 0.8494658863823891 0.7699926415245054 0.7118796030246219 0.5953317974123498 0.5105739995135476 0.4127958553168628 0.3373127562446739 0.11002791643376592 0.0247425624156767 0.41102485838054525 0.9598075333141931 1.2457276467017024 1.0915818619557625 1.9711718990027973 2.8507619360498633 4.228176733297561 4.8728190244758265 5.433024776570467 5.806719536178328 5.909940133588978 5.827019609602789 5.5003633121767255 5.0731311098545175 4.662794104539028 4.417778144067202 4.258535563806638 3.8691128175398837 3.405316000075496 2.9505852223781783 2.6191837777053166 2.2187937240086666 1.8902997435227995 1.6354868899250117 1.3039941063067075 0.9733346450950908 0.6771322134404765 0.3630761538408648 0.1877499246721848 -0.012433342256344881 -0.376416504756943 -0.9677030168199546 -1.6929569234215562 -2.269678873647801 -2.690218409784049 -2.521061957243402 -2.7543809173506326
-2.2622429977242478 -2.1414099828372066 -2.0055786290664175 -1.8631931040306615 -1.7194596640692095 -1.576573236021181 -1.435487895249702 -1.2973935604816356 -1.1641895833686473 -1.0374446170525649 -0.9175429572627325 -0.803772028149813 -0.6947188251660714 -0.5890799450948319 -0.48630927062979873 -0.38702406449275173 -0.2931452463595935 -0.20751811726956534 -0.1327117604712273 -0.06920508552603138 -0.014095075804221773 0.0578526865756119 0.25882672154816727 0.30635553224113116 0.8503699771337363 0.7710087229260325 0.7127843980935209 0.5967405960770198 0.5139320375184804 0.41560875450593243 0.3394297094988439 0.13374130893409406 0.038790967397221834 0.4275909890803328 0.9668351145598738 1.2656457347723722 1.1491240550730952 2.0142491703340704 2.879374285595073 4.226445220622288 4.873540714228598 5.43504698577479 5.815720480935779 5.935330654826326 5.868984113746929 5.5584994904669065 5.142398984449036 4.736765851020726 4.470055851982201 4.313522498204384 3.9442509162339623 3.4898649956403944 3.0286532907717376 2.6850230213428627 2.277679671502033 1.9418061945672414 1.6803972052233394 1.3567335270871002 1.0319263637287805 0.7388728429448793 0.4219415908366674 0.23187960590059115 0.032949148896802005 -0.3068119297663519 -0.8817994011521936 -1.602596929407319 -2.1765565323196996 -2.611380183534226 -2.4813571062824797 -2.6704140380441026
-2.2047786594081953 -2.0972192093249 -1.972821816961268 -1.8393468711974374 -1.7022010418035127 -1.5640845066408269 -1.4264273549521174 -1.29078224235654 -1.1593148118507048 -1.0337985499653968 -0.9147737086649056 -0.8016394270025565 -0.6930588830766274 -0.5877778788011447 -0.4852812554940641 -0.38620594020575993 -0.29248604218369534 -0.20697680013048958 -0.13225605081305553 -0.06881134279746087 -0.013602878299882253 0.05295741778319516 0.25889190805050655 0.30122766174850185 0.851322115145771 0.7720238473106984 0.7136898803243372 0.5980865980707868 0.5161749560146704 0.418423149637669 0.3415484593713433 0.15773937470037214 0.052406642124303966 0.43504031602615767 0.9738722480111092 1.2856331390002906 1.192218352059812 2.0515342614709837 2.9108501708821795 4.224396535710103 4.872743074177015 5.436559670557517 5.820550596013772 5.959106668967959 5.91375315578577 5.61833105567088 5.2119955592821325 4.808801383421929 4.522598962573353 4.370283688909531 4.015449760691967 3.568351989059135 3.1052689299290677 2.750586198522748 2.335780291300969 1.9951918213190287 1.7252317930339593 1.4060345448264604 1.0910549101595985 0.7949323500643249 0.47947713008419623 0.27747375844610606 0.0749458088703479 -0.24038214643735473 -0.7988213770875611 -1.518742741394622 -2.0882054980030063 -2.5339595192271283 -2.4497472214392824 -2.5899669914691565
-2.1417943818639933 -2.047291419078663 -1.934802890419236 -1.8110683271879005 -1.6813999959014259 -1.5488519730778052 -1.415280099075092 -1.2825974141956678 -1.1532529432678968 -1.0292502554078546 -0.9113113858146608 -0.7989686997142764 -0.6909775386228889 -0.5861437483526424 -0.4839901500639374 -0.38517788136007747 -0.2916573413214869 -0.20629608944946715 -0.13168286479081592 -0.06831601828375143 -0.012990064555265954 0.05285444310690535 0.259561810298505 0.29620960611815966 0.8538831207349267 0.773037315902569 0.7143465274854935 0.598459853990449 0.5205439231264783 0.42123894803861534 0.3436684959701839 0.17210546179890124 0.06326419243759335 0.44248928368011853 0.9809184488242478 1.3056536385778323 1.2286644575028625 2.089014966459153 2.9493654754154655 4.221516057889537 4.871624988518353 5.438666123661357 5.824533952400894 5.976282963884303 5.944350840212749 5.660650792423765 5.2805294425270155 4.892557030211641 4.579167369690457 4.419985137240521 4.096174389554096 3.6563567505524945 3.1863250430638153 2.8242314920078675 2.4024095968343375 2.0518016715078904 1.7770181822793816 1.4580505300253128 1.1483463768804338 0.8617109280270614 0.5400436542642435 0.32722773788805826 0.12536460565442753 -0.18047872732996598 -0.7150309528285806 -1.423480482324683 -1.9932243270388994 -2.4465839597969805 -2.4116701298114367 -2.5193084528898924
-2.0736336565868436 -1.9916450279495612 -1.8912410950408294 -1.7779058175328954 -1.6565580483968951 -1.5304076385247745 -1.4016433853190737 -1.2725093131613991 -1.1457409128577083 -1.0235919827557214 -0.9069920620646481 -0.7956301015170115 -0.6883717462158211 -0.584095488562941 -0.4823704080377081 -0.38388726182292193 -0.2906164566371481 -0.2054407585193229 -0.13096244036990065 -0.06769333033532848 -0.012206456121048384 0.05481365904825401 0.2602338912933992 0.2913013975614826 0.8564788292553698 0.7737637073775594 0.7147056390925483 0.5988331899042708 0.5249178722123548 0.4241070467615134 0.34611884450554437 0.18198021794893507 0.07419249611928296 0.4499399519427943 0.9879678960270899 1.3172652179944748 1.2663158473794576 2.126286655044059 2.986257462708681 4.218533310370875 4.870477897679659 5.441004156949492 5.828490051668728 5.990669379841615 5.969605958379494 5.698400235627429 5.342149806572106 4.967047995867421 4.6331179379898115 4.465191807378634 4.167874076821352 3.7358521108722287 3.2604783441668483 2.892438796320073 2.4654271599846274 2.1056765561444646 1.8268420026119374 1.5077964064647251 1.2012118995842471 0.9232600365838523 0.5974359679102086 0.37484191314345877 0.1734626309018637 -0.1250903405441923 -0.6401101231473043 -1.3380262755501986 -1.9078592387082864 -2.3668444879820765 -2.3740550680970944 -2.4552249131721946
-2.0007083602343374 -1.9304250957566067 -1.8419702417452462 -1.7394676827041013 -1.627181270201558 -1.5082512164993984 -1.3850648916361181 -1.260134897143407 -1.1364659437157563 -1.01657266512239 -0.9016153321438589 -0.7914636865087676 -0.6851136868268312 -0.5815308284005694 -0.4803400523189171 -0.382268083356607 -0.28930974356817285 -0.20436647032764638 -0.13005727677547033 -0.06691076737474777 -0.011213750218974508 0.05425610903001619 0.26090789707628953 0.28650182375482086 0.8274623832334735 0.7741471065689983 0.7150648739582768 0.599206615429726 0.5292970820889529 0.42891090862746684 0.34872274976423134 0.19886597944335643 0.08511546584950773 0.45739264594375556 0.9941005713963865 1.32401163770668 1.3043025003860593 2.1608850718657404 3.017467643345441 4.21643455232994 4.869728855330702 5.444296967602356 5.8340289312067135 5.996054371394589 5.98304261445324 5.7437088698864045 5.402345681471118 5.032699966963301 4.696817074275153 4.511858507721067 4.229656926940073 3.8210716890797447 3.345545151259186 2.9675182858534446 2.5383129294235545 2.169418306452209 1.8823542913596165 1.5663753551173523 1.2580062629655282 0.9805105784791514 0.6663177955790505 0.4280538453987538 0.22108765516681242 -0.058084762405428814 -0.5605208701049456 -1.245450855998198 -1.8104338887247762 -2.2767555505024095 -2.332400357594306 -2.378172064929421
-1.9234651367071185 -1.8638860161999367 -1.7869508145997726 -1.6954507986078846 -1.592807516283788 -1.4818673509954468 -1.3650494733032754 -1.2450372206822922 -1.1250609022782363 -1.007891643297376 -0.8949377660535105 -0.7862731558531326 -0.6810452851749281 -0.57832255310445 -0.4777966582240717 -0.38023760496260733 -0.28766977537372557 -0.20301739040289096 -0.12892008298451485 -0.0659272888993131 -0.00996898110623709 0.05203331500388688 0.2615833939682563 0.285294494540924 0.7640544675834011 0.7745305886136922 0.7154242423275531 0.5995801411415378 0.5314186089607784 0.4338685247960257 0.3513289683719717 0.2208024545128765 0.0978698526245539 0.4644776669503716 0.9992309264890235 1.3351601151675696 1.3422917737937563 2.18886546669478 3.0354391595958217 4.21344131898462 4.869095727410469 5.4472672791714825 5.839995462767931 6.002355355559094 5.998458321586945 5.79196624913798 5.464375898737664 5.097858941949717 4.755334933823599 4.560301272778127 4.291277412461 3.89785445682502 3.4256203775773106 3.0415353147295807 2.607437845058229 2.232607700360483 1.938290161806779 1.62081865656697 1.3145867883800835 1.0358393664977255 0.7275713273139957 0.4819774483756154 0.2679983832870696 0.0008572567053949562 -0.48309978387662 -1.1583377827171262 -1.7199855623674813 -2.1897043094326536 -2.2927364801341206 -2.3104050503099867
-1.842405077359846 -1.7924100508487297 -1.7263080890020877 -1.6456956777371172 -1.553062253811741 -1.4507696866250517 -1.341087883730711 -1.2267410975685522 -1.111111058595202 -0.9972001842320628 -0.8866716747993361 -0.779823355156901 -0.6759752632376107 -0.574315551261414 -0.4746146104672352 -0.37769389751874116 -0.28561320717486965 -0.20132432936567807 -0.1274921495876532 -0.06469187788946199 -0.008409734699486597 0.05003810702126637 0.25496928580622785 0.28449419943445897 0.7025485676931985 0.7749173072516083 0.7157826748750588 0.6004307259964754 0.5329104421522182 0.43883228550050146 0.35393773233142156 0.2429338190105864 0.11724571962436985 0.47021411596178 1.0043625024794158 1.346441900467415 1.378506557516119 2.2067169872940036 3.034927417071904 4.208994623205266 4.868649965768383 5.44974247933126 5.846667400872207 6.010115041942404 6.01701392733538 5.845684926025582 5.531309037869187 5.165718136048424 4.811104416494183 4.612874085708037 4.3557006973141785 3.970660916193582 3.5052334281418274 3.1182892455438402 2.676300786114418 2.2983021891942106 1.997282572353901 1.673228287359873 1.3735767406368131 1.0916330316165852 0.7838061017326385 0.5391473483092057 0.3160841736980728 0.054034125313795686 -0.403748358413415 -1.071506111249333 -1.630834084873691 -2.1008316113809427 -2.253959738154183 -2.2485295220081163
-1.7580618151530276 -1.716483596581226 -1.66032986066937 -1.5902128961488922 -1.5077011566882963 -1.414542914859592 -1.312688427977502 -1.2047523953640165 -1.0941634304489392 -0.984104294093582 -0.8764841844490783 -0.7718374614083932 -0.6696755491912347 -0.5693230732714409 -0.47064154427228433 -0.374512620224112 -0.283037928867139 -0.1992022476938429 -0.12570114961260875 -0.0631415779314583 -0.006458245971362497 0.05061607069365195 0.2530017519620826 0.28369664468344674 0.6431631109343987 0.7753077402089044 0.7166477724387492 0.6014984668678982 0.5349603447449949 0.44380353884805357 0.35654915676715365 0.25767854421758235 0.13735785275918605 0.4759516503051571 1.0095878439609793 1.3577452659142542 1.4059623117871944 2.220103230660818 3.0342441495344556 4.203043737033103 4.8674387580438845 5.450776274898774 5.85081469395445 6.017621942747602 6.033005412790321 5.882120530669093 5.585695679499365 5.235387800649402 4.873238186499357 4.656271813827719 4.418331044887873 4.050419996645718 3.585885945424038 3.1963874039789175 2.752273887959953 2.366083147114137 2.0590103648176727 1.7318706620250484 1.4307648375926996 1.1525965870984736 0.84562556400928 0.5959106964972268 0.3689031071539268 0.10938512405098619 -0.332111838917228 -0.9787726709314213 -1.5369775561740053 -2.008988278584708 -2.207523924268722 -2.188941998604501
-1.6712579515768242 -1.636923003349346 -1.5896774949830865 -1.5293924407920987 -1.456813688107235 -1.3730263768474 -1.2795291443473402 -1.178675810963996 -1.0738140655758526 -0.9682281913771736 -0.8640433148064093 -0.7620306758061752 -0.6619061595515575 -0.5631452943674815 -0.4657123441316934 -0.37055772020721867 -0.2798313973297204 -0.19655691226972594 -0.12346662446272728 -0.06120615738440678 -0.004009787362378115 0.05460617748257649 0.2552247543801139 0.28290176526584687 0.5918548092976257 0.7763334992294328 0.7177109478032776 0.6025666711338099 0.5370124397572875 0.4487825639133998 0.360758159694538 0.2635617642845239 0.1576826832542612 0.4816904619479792 1.0148548972339297 1.366590517736556 1.4336394690707535 2.2335568403187556 3.033474211566772 4.196269239225242 4.865840210768176 5.451094086799811 5.853717670828525 6.024943989545716 6.047556122586626 5.910375080502838 5.632405826514004 5.3001113709650935 4.93307795868525 4.694120637567696 4.475908542851859 4.125028452410838 3.6594830569591226 3.267977539129909 2.8238529128958647 2.429304173490087 2.117301953846619 1.7886990244505465 1.4836116103329535 1.2110456258544888 0.9049401175952109 0.6488601420304865 0.42019642227487464 0.1619884149290413 -0.2686683824644777 -0.8941216294478116 -1.4517689062274992 -1.9258368016586116 -2.1607457598791093 -2.1341647366137093
-1.5820941246815499 -1.553930080253057 -1.5145422773588384 -1.463292861640017 -1.4002545971393117 -1.3258731302714435 -1.2411180062566332 -1.1479504014269726 -1.0494990266726163 -0.9490469195135701 -0.8488827244906565 -0.7500003668842263 -0.6523257888931219 -0.5554965446497798 -0.4595899302576727 -0.3656331509180957 -0.27583098461335387 -0.19325185886752794 -0.12067187010853156 -0.05878362566603308 -0.0009377134636915306 0.05803819988483527 0.25747101974273434 0.2821097044448246 0.5624339786173131 0.7776458212610149 0.7187750524938641 0.6036358401273525 0.5390669263832001 0.4530024315060693 0.36684021042638265 0.27168948794473907 0.17821321789439246 0.48743193250710126 1.018669972656665 1.3748012996782737 1.4613398365287353 2.247144108664326 3.0329483807999305 4.186172725354779 4.862112430281949 5.4508799054723704 5.850991695823197 6.026231534598996 6.056561393627934 5.931374958421031 5.67251503678869 5.349859048799336 4.9954974478775 4.744072395164214 4.519506951410067 4.1870074979404786 3.7480737534220845 3.35074475027131 2.89967546753443 2.5067281540845108 2.1850779680762105 1.8510388087382021 1.5484955547892116 1.2647548752079019 0.9711662275409821 0.7133376133757588 0.47206941487545306 0.22280334671526392 -0.19283913788383902 -0.8047197037806438 -1.3534978280988692 -1.828253991002865 -2.1075540562781563 -2.0670186416274436
-1.4905363219722307 -1.4675869850184253 -1.4350417680519219 -1.3919550304722392 -1.3378973310390105 -1.2727567595223117 -1.1969574299619776 -1.111973649494997 -1.0205825956146322 -0.9259459951862836 -0.8304405093307565 -0.7352504813640114 -0.6405066210277199 -0.5460138737113092 -0.4519698696215203 -0.35948506989771856 -0.27082476876993355 -0.18910840428721185 -0.11716353861853257 -0.055739624361996636 0.0028991642402062894 0.06068637724508609 0.25974138723936424 0.2856530483963648 0.5298581371782599 0.7789461788459107 0.719840542736148 0.6047060880070901 0.5414963597946789 0.45805666672311396 0.37293657769604 0.2816841975780425 0.20002002433109523 0.49509811705108775 1.0218701080571484 1.3830228673554523 1.4892320500842287 2.2606576125818023 3.0320831750793884 4.174380581973108 4.8577963800858734 5.4506084224938585 5.847601666259176 6.02658289706448 6.065170271852872 5.95329863724285 5.7130709738802965 5.398177442277456 5.051668482833791 4.790864338907384 4.562978815352636 4.2432215172560515 3.823713148564824 3.426456128154501 2.9699620028919873 2.5772620118107588 2.2496480815777393 1.9097738531952448 1.6085537012321323 1.3175579231542036 1.0313583692106316 0.7728517782392161 0.5229431640079976 0.27684233056396396 -0.12368966501898397 -0.7222476566922608 -1.265835999819278 -1.7398281559274609 -2.0548841740492043 -2.009964882725167
-1.3973227893652833 -1.3787129065364032 -1.3520094681091503 -1.316120202178842 -1.2702836364166608 -1.213952900536862 -1.1470519246414115 -1.0705289296540674 -0.986704713815389 -0.8984966653934016 -0.8082742235511902 -0.7173585790366198 -0.6260639351207902 -0.5343577147930538 -0.4425588096046336 -0.35186337864826983 -0.26460045331855636 -0.183945346113595 -0.11278473971853023 -0.05193581247781754 0.007682175069155222 0.0636059225786374 0.2601700402963359 0.2912468808762428 0.49828212728885923 0.7802435981925714 0.7209075346328757 0.6067607013720667 0.5443557334701722 0.4631209952532573 0.3790478452382753 0.2917180551808544 0.2194856442474759 0.5036201987721391 1.025108579027838 1.3902234639764066 1.5158681631607718 2.2729587867425587 3.0300494103243567 4.157884092863427 4.851959669344009 5.450241363463733 5.843036634992666 6.024893273602039 6.073783122207875 5.980949244989698 5.7619024365655775 5.453414618209149 5.104768845857594 4.8369270654770995 4.61494639284867 4.299011917729139 3.8908779797496766 3.5055995341092525 3.044793720723382 2.648815810006815 2.3206284126304966 1.9720952496310504 1.6694156465890326 1.3788596638721782 1.0902924564858223 0.8326867604267101 0.5808978534192992 0.32507188396429737 -0.05358090191202089 -0.6323686454003922 -1.1754966092346373 -1.6458585707920106 -1.9940680129124677 -1.9652738682681088
-1.3027447885277186 -1.2877145112171329 -1.2659347296086847 -1.2362831457024999 -1.1978135113886785 -1.1496791079512967 -1.0913924383994826 -1.023391977463268 -0.9474800721183558 -0.866221151574611 -0.7818731839889974 -0.6958228095893713 -0.6085299101332438 -0.5201073092615323 -0.4309877106132157 -0.3424496386124442 -0.25688518027617735 -0.17752812536187418 -0.10733131442374716 -0.04719147386334104 0.01363248783519897 0.06930442789830947 0.25977618943968195 0.29699286029941047 0.4677417418119482 0.7815429369846352 0.7230185617293993 0.6099690569635667 0.5472203371400322 0.4681959855581841 0.3851734302064382 0.3035651698395673 0.24014439411504546 0.5121468360868496 1.0283849307205224 1.39527051995322 1.531127510429545 2.2774868294368282 3.023846148444125 4.146888040320768 4.847677875949509 5.449783087152851 5.837263495584079 6.022778812105298 6.084007558071158 6.0079631291208475 5.803700822823675 5.507069003103474 5.162916076464086 4.881276812722531 4.659926710973425 4.357425829660178 3.9592432403678735 3.5797921396191192 3.12155553206963 2.7221686313052915 2.391270613234192 2.0378057001916994 1.7305986300241485 1.4386806313513911 1.1539949516971402 0.8924477451140801 0.6366483869314334 0.3782903060708632 0.011581345311713204 -0.5456006199413446 -1.0841601232991502 -1.5537433776541567 -1.9293506652732357 -1.9160539070861267
-1.2071425349331557 -1.195041102341511 -1.177362567826527 -1.1530313704382729 -1.1210317357284296 -1.0803442614210281 -1.0301815635428384 -0.9705356707962155 -0.9026790416842503 -0.8287454673371626 -0.7507820975515446 -0.6701585645975145 -0.5874272667377085 -0.50281576242074 -0.41685251128439177 -0.33088701219355815 -0.2473677702417417 -0.16958572331127897 -0.10056511462966167 -0.041294345669853495 0.021023092926112485 0.07737128632744253 0.2593827896529103 0.3028954157508862 0.4382744786977051 0.7840896699958464 0.7262965024277243 0.6131841951593097 0.5500905514011524 0.473282528881193 0.3952813047479034 0.3162365364383619 0.26121423233331764 0.5206829120066687 1.0316643253080944 1.399033570329683 1.5450369008825147 2.279290002978565 3.013543105074628 4.141467057788604 4.844901436640968 5.449238660068506 5.8303034873375115 6.020258069589626 6.095626743202073 6.034297022545527 5.8400144893934 5.5587055843136906 5.223050446153613 4.9238236480472715 4.699455040011539 4.4162744812521755 4.0265076156280974 3.6489676255693912 3.1969778615146485 2.794391003544222 2.4597535851646644 2.103914491354531 1.7906094856227315 1.496281664500187 1.2190878724492888 0.9508698968179324 0.6898983857272679 0.4338055430277046 0.07216679644372416 -0.4637278569468237 -0.996043593457898 -1.4663622215795484 -1.8638497237755165 -1.8645860760544823
-1.110560067382302 -1.1008448522554373 -1.086557362478666 -1.0667137343574717 -1.0403105112212585 -1.0062613621602632 -0.9635924464073375 -0.9119419528084945 -0.8520873455063782 -0.7856944197879097 -0.7145189138053842 -0.6398302858121476 -0.5622099326048973 -0.48195710863166286 -0.39966659086259415 -0.3167377191908482 -0.23566084777829474 -0.15977697255439802 -0.09218385436875234 -0.0339733477013383 0.03016558344893246 0.08712576429033157 0.25898960745349664 0.3089575389326782 0.41673478702497874 0.7880066899073697 0.7295847150817802 0.6164065347849459 0.5530104612728476 0.4806538721367759 0.40709761240896103 0.3292804499232121 0.2824754669754248 0.5292294686295613 1.0350687189446302 1.4016517016205805 1.559021230882796 2.2789320699640596 2.9988429090453352 4.135713437532485 4.841575179000488 5.444506590296887 5.819449066125776 6.017684162950039 6.101538318809907 6.043205624358753 5.8607717108420605 5.594733833704029 5.275302014349899 4.975421958877254 4.743495129676335 4.470316712214867 4.09869671492344 3.7278819053060843 3.2760462651999585 2.8746118276460306 2.5371833595346893 2.172216257310685 1.8589500304925803 1.5602624427524967 1.2827521411240408 1.0176102877241973 0.7475637540202926 0.4876235736769166 0.14324822534696757 -0.37676948938862714 -0.9033451337057212 -1.3685950060437515 -1.7889724573760275 -1.8128519483867624
-1.0131347978863725 -1.0053544709979712 -0.9938500707491679 -0.9777510666001625 -0.9561188137966043 -0.9278794962050029 -0.8919738811924653 -0.8477905811526201 -0.7956827730500892 -0.7368539539413329 -0.6727180460539528 -0.6043722170824487 -0.5323606261587533 -0.45700229111040674 -0.3789181478964406 -0.29952547039069 -0.22133200323138646 -0.1477136814238104 -0.08183873583893131 -0.024912486369743025 0.04142256467301751 0.09950826555037842 0.2577570668950738 0.31942456143819103 0.41498646121671445 0.7919387985825537 0.7328834905197864 0.6196371716730402 0.5597134649867654 0.48897612379516325 0.4189670307868223 0.3425933987774075 0.3039243575518833 0.5425297914298741 1.038606376851808 1.4042757435315711 1.5730368676472204 2.277459832948859 2.981882798250509 4.129581819651489 4.837847319734598 5.438346362131031 5.807679763688048 6.015058375810165 6.1056440283545275 6.0480785107281605 5.878084870864277 5.626626421139911 5.322545575840376 5.024882566280181 4.786605964017172 4.5203513525404855 4.1643733056214645 3.799874173436245 3.348427069341608 2.9478273178245487 2.608425604184232 2.2355964293345103 1.9224642054862717 1.6207542069987404 1.341462793391456 1.0797100578886554 0.8022793850684788 0.5375905897428059 0.2085669347718829 -0.2979380267901371 -0.8204074759056321 -1.2813578982574962 -1.7188687252588695 -1.7649324396749124
-0.9150567567804619 -0.9088380125993522 -0.8996019639069326 -0.8865970763020781 -0.8689785437312179 -0.8457384315592862 -0.815812417937861 -0.7784396524449959 -0.7336400742784163 -0.6821979487006533 -0.6251707295732619 -0.5634329290920626 -0.4974322885242236 -0.42745330848466084 -0.3540956053828399 -0.27875261752861397 -0.20391423478213583 -0.13296620945166301 -0.06913677480358657 -0.013751094954083555 0.05522003874852923 0.11505743290161508 0.2598208466091523 0.33524215945368385 0.4144416943923337 0.7959147602983014 0.7362127837095551 0.6275564560997298 0.5679183339349897 0.4973294142443073 0.43089735080013136 0.3559825875969165 0.328313683318635 0.5594169848989888 1.0421508984452257 1.4063216093393436 1.5858558087456411 2.2711445298199506 2.9564332508942712 4.120662496419529 4.831319524311579 5.4286381240283825 5.799664561569696 6.0121101261750525 6.105557020343548 6.0549612273308115 5.901721975750453 5.667152472083809 5.372677112991423 5.074132714786968 4.839573162203091 4.580091903510183 4.229217342195692 3.872977800904825 3.4331152691416986 3.026508522303986 2.6858104568436656 2.3103997418210174 1.988765505285026 1.6922264532858455 1.4093962627880645 1.1435123560804334 0.8662999042936357 0.5930618535676566 0.2693901935599478 -0.20633689684518428 -0.7267010654485134 -1.186397453205833 -1.6351715031608096 -1.7176221567734455
-0.8163956082393584 -0.8114334434718109 -0.8040373134045886 -0.793570447058748 -0.7792938630577102 -0.7602965520684685 -0.7355661023267912 -0.704277158483761 -0.6662116198880835 -0.6218025534399501 -0.5717696419091783 -0.5167420725251983 -0.45702804061638636 -0.3928291142550982 -0.32467472932500097 -0.25388618107332356 -0.18289033135964589 -0.11504657847812165 -0.053623253034698136 -6.611663880657731e-05 0.07203042392387031 0.1339995092709102 0.2681736921745469 0.35203380108253407 0.41389598349210827 0.7999370899760345 0.7425869600760531 0.6372540001282436 0.5761599007737903 0.5057240623253204 0.44288805165915024 0.3771732558041356 0.35574659569967304 0.5763457789846946 1.0446422207204966 1.407459363000561 0.5419445586775086 1.7375953331391165 2.9332461076008336 4.110383374289126 4.823354079953058 5.416858299966064 5.790043685404377 6.007438616257153 6.104175989665855 6.0629331962988475 5.926270890215907 5.70830769484353 5.42508362833098 5.124514944924777 4.886662620505752 4.634943842423046 4.2940862731307226 3.942312996271532 3.5096842316204664 3.1032507137340963 2.7596637964830717 2.3811272714729403 2.05464691585584 1.7563043218473178 1.4751062782152906 1.2071095886404792 0.9264891474434352 0.6489960761698345 0.32935212574098216 -0.1255742678258578 -0.6385919965884999 -1.0967070719628642 -1.555423748075492 -1.6680431967533744
-0.717230602488307 -0.7132768339995014 -0.7073667608517441 -0.698968599340314 -0.6874497748276521 -0.6720100837084202 -0.6517245152324758 -0.6257680911236108 -0.5937718932096145 -0.5558970699605993 -0.5125696253201462 -0.46417864279533194 -0.4108714471127706 -0.35273186066831597 -0.29017626972796406 -0.22440462517798573 -0.1577287921541964 -0.09343510323462154 -0.03480121581913221 0.016613572870474297 0.09237997620765993 0.15692916483133396 0.2768557152480277 0.3698226572743962 0.41334859913072775 0.7972700950203319 0.7523794679055589 0.6470011440593473 0.5844515047854115 0.514158555812219 0.461343514140261 0.40600974222879765 0.38349959051914495 0.5933155786956917 1.0467600976357214 0.8066423612625073 0.5419445586775085 1.7288640009077114 2.9157834431380234 4.09774488810521 4.812844394223422 5.401402564241254 5.777588713905646 5.999687560860975 6.100509992472946 6.072809993874893 5.953019213240468 5.75238156920652 5.48331988819657 5.179183408516991 4.928960610086549 4.687279570064722 4.363199530123529 4.012228282510602 3.5832467338700194 3.183299894258941 2.8348755640456162 2.452273677907524 2.124375918118624 1.8162876827362162 1.5426626496282754 1.2745784006183773 0.9860798154506079 0.7088760456150097 0.39209453345446177 -0.04990029451891266 -0.5495062021344768 -1.0055536503253455 -1.4740700789185681 -1.6128403965784948
-0.6175859067836976 -0.6144398183196704 -0.6097261905627901 -0.6030059465156652 -0.5937466123377493 -0.581260700939725 -0.5647286095798068 -0.5433702036450951 -0.5167376698475302 -0.48479847539114873 -0.44774329119922573 -0.40574884736607747 -0.3588029277804909 -0.3068554060406747 -0.25017970982617244 -0.18981137925085467 -0.12789392682335513 -0.06758605287370305 -0.012133071754716156 0.03680875733732107 0.1168125160297862 0.1841367392684161 0.2858735328488912 0.3886669612454086 0.43460977840672466 0.7924120098557422 0.7622547534587986 0.6568224307736656 0.5932483108618923 0.529537489410232 0.48570196000501187 0.43519622502718813 0.4115552685270951 0.6103605301317523 0.4761851690380541 0.8066423612625073 0.5419445586775085 1.7270699128622304 2.912195267047062 4.084691790063705 4.799346381429856 5.3802239843424555 5.760661969201355 5.989273137242128 6.095177537267488 6.078369845059105 5.9687964248686605 5.780920770652424 5.527804706454014 5.238026439111283 4.978160021976527 4.734577175018723 4.423114168815479 4.08496164388759 3.657509953542314 3.2599464162143015 2.9142482740011455 2.525657250537834 2.1948654625084494 1.8839721225465085 1.6070539807032098 1.341502821469513 1.0522843390857481 0.7654472527835934 0.45749031998072975 0.03187759502642547 -0.46130703990773614 -0.9112056591249323 -1.3865103996775656 -1.5592313712346701
-0.6793284428594629 -0.6757037280495417 -0.6702804275893409 -0.6625635856913967 -0.651959759767104 -0.6377119558040837 -0.6189339915946309 -0.5948137717720077 -0.5649447986279956 -0.5294055881632868 -0.48852521093295576 -0.44260761982404917 -0.39173805895080244 -0.3359501496846125 -0.27560846015785 -0.21185482342921486 -0.1469431241354228 -0.08411779694036438 -0.026649644987223536 0.023862590039154544 0.14589593727734193 0.21612598731475285 0.30483372232138417 0.4186907245648695 0.4636142473176935 0.7875420826942169 0.7722503199778668 0.6667074543435667 0.609712459953971 0.550891677860721 0.5103400561493565 0.46377877529559386 0.4404938852394916 0.08733540582863801 0.4761851690380541 0.8066423612625073 0.5419445586775085 1.7291861762863379 2.9164277938952754 4.071214001518872 4.783867160941983 5.354965003351019 5.740693523903112 5.977182337401109 6.088870520006799 6.081630285510659 5.978962512262528 5.801680377410678 5.5646943449684505 5.294750003122077 5.02751923801741 4.7775210359338 4.475903913365725 4.153056643740184 3.726184073159452 3.3292839690711475 2.9883139369406497 2.5941037740243944 2.260367194943769 1.9495024924029072 1.6659475629533789 1.4035073349485798 1.1161853809995361 0.8174067853617342 0.5193043378215727 0.10853966263491775 -0.38157416597766236 -0.8252956152415247 -1.3051326702456545 -1.5092635527926308
-0.6793284428594629 -0.6757037280495417 -0.6702804275893409 -0.6625635856913967 -0.651959759767104 -0.6377119558040837 -0.6189339915946309 -0.5948137717720077 -0.5649447986279956 -0.5294055881632868 -0.48852521093295576 -0.44260761982404917 -0.39173805895080244 -0.3359501496846125 -0.27560846015785 -0.21185482342921486 -0.1469431241354228 -0.08411779694036438 -0.026649644987223536 0.023862590039154818 0.1801458792854941 0.253553924602465 0.34529551083234616 0.4553139608237208 0.493867450837146 0.78157513572817 0.7823469257901499 0.6858501000414905 0.6318456627014785 0.5725240039005153 0.5352150459027649 0.4923784707411952 0.054494769717787 0.08733540582863801 0.4761851690380541 0.8066423612625073 0.5419445586775086 1.7322179445123485 2.922491330347297 4.058304453318416 4.762513936162158 5.3331863023454185 5.72238711870031 5.960515974578408 6.078272963069522 6.084048410543516 5.9932002438993965 5.829070301112999 5.603389489884982 5.336773484856425 5.077460916687957 4.831249495130445 4.526948258976427 4.211424634694647 3.8059502972199675 3.405979601948955 3.06379218446798 2.6753686798949143 2.332754251371634 2.018322397037568 1.7391939092076447 1.470696711651629 1.1823270131002912 0.8826891175089524 0.5799944727519131 0.19005372546040275 -0.28734837700711646 -0.7311123814281715 -1.211100672088355 -1.4469458754496496
-0.6793284428594629 -0.6757037280495417 -0.6702804275893409 -0.6625635856913967 -0.651959759767104 -0.6377119558040837 -0.6189339915946309 -0.5948137717720077 -0.5649447986279956 -0.5294055881632868 -0.48852521093295576 -0.44260761982404917 -0.39173805895080244 -0.3359501496846125 -0.27560846015785 -0.21185482342921486 -0.1469431241354228 -0.08411779694036438 -0.026649644987223536 0.023862590039155092 0.22011066670694346 0.29722199512016234 0.3885177668453273 0.4949905623407057 0.5255710420177079 0.7747497841814517 0.8006436685050212 0.7114355586932296 0.6543587694188152 0.5943658543216135 0.5604906437642712 0.135633210567502 0.054494769717787 0.08733540582863801 0.4761851690380541 0.8066423612625073 0.5419445586775086 1.7355896682078207 2.929234777738241 4.043692998593375 4.739432218025412 5.311291069885355 5.704798693596201 5.945326941700405 6.068917596662673 6.086624911940023 6.00874637445283 5.858013696255991 5.642774004333367 5.378189236391637 5.122806005228047 4.879113466796278 4.576290046896259 4.266053099130746 3.87491196837125 3.4769376092135644 3.133942226502589 2.747878676324133 2.400909724547506 2.082204244347495 1.8051292001725374 1.534467609770593 1.243918031265536 0.9433426619539809 0.6387303884549599 0.26295859137320654 -0.20331625139398168 -0.6450316941047392 -1.125793951981527 -1.3867706752850872
-0.6793284428594629 -0.6757037280495417 -0.6702804275893409 -0.6625635856913967 -0.651959759767104 -0.6377119558040837 -0.6189339915946309 -0.5948137717720077 -0.5649447986279956 -0.5294055881632868 -0.48852521093295576 -0.44260761982404917 -0.39173805895080244 -0.3359501496846125 -0.27560846015785 -0.21185482342921486 -0.1469431241354228 -0.08411779694036438 -0.026649644987223536 0.023862590039155366 0.2644389347443679 0.34750628138098943 0.43663593902084946 0.5381329312797618 0.555688802263526 0.7837168614999732 0.8265907404009473 0.7375816527247933 0.6772620544473047 0.6166713066191737 0.3526480230317593 0.135633210567502 0.054494769717787 0.08733540582863801 0.4761851690380541 0.8066423612625073 0.5419445586775086 1.7400459452607553 2.9381473318441103 4.023206524827259 4.714281170926569 5.290699210492831 5.691527924520913 5.939003882238809 6.066257951153559 6.0900479376781 6.028900077881297 5.894238082134484 5.690732760755452 5.428278484529754 5.1644536475049945 4.919101383958495 4.631804296688971 4.325086100092252 3.9353678135933174 3.5527773922089496 3.2103376914532475 2.818513700681484 2.4760246430875865 2.1497964898858206 1.868507731042836 1.6052303478916308 1.309188300568767 1.0052541151032846 0.7067265501829789 0.3356806560494323 -0.11753271138227282 -0.5509132434312102 -1.0347117938894774 -1.3193306583852298
-0.6793284428594629 -0.6757037280495417 -0.6702804275893409 -0.6625635856913967 -0.651959759767104 -0.6377119558040837 -0.6189339915946309 -0.5948137717720077 -0.5649447986279956 -0.5294055881632868 -0.48852521093295576 -0.44260761982404917 -0.39173805895080244 -0.3359501496846125 -0.27560846015785 -0.21185482342921486 -0.1469431241354228 -0.08411779694036438 -0.026649644987223536 0.02386259003915564 0.3143994164901182 0.4042803304362582 0.490365106098653 0.58443020540435 0.604833321847247 0.7999967280612582 0.8534235369148127 0.7640341615325492 0.5336365747270746 0.44508563855754024 0.3526480230317593 0.135633210567502 0.054494769717787 0.08733540582863801 0.4761851690380541 0.8066423612625073 0.5419445586775087 1.7450609214202966 2.948177284163193 3.996408966451832 4.69054445402334 5.268538079888101 5.674451779730718 5.930958547622261 6.062871383387244 6.0934192718880364 6.045335118633798 5.920666886904799 5.728670265546199 5.477443094328596 5.21097891262176 4.958660784536648 4.6764398909602045 4.379453293536757 3.9980290249040156 3.6209179904485773 3.282330804116584 2.89093875704512 2.546631515113191 2.2198275171202666 1.9327985528901404 1.6705080622508655 1.3760413713239845 1.0676437169758732 0.7698707826860594 0.4112529627364048 -0.033000139304268414 -0.4620962600806906 -0.9433193626542244 -1.250177276575094
-0.6793284428594629 -0.6757037280495417 -0.6702804275893409 -0.6625635856913967 -0.651959759767104 -0.6377119558040837 -0.6189339915946309 -0.5948137717720077 -0.5649447986279956 -0.5294055881632868 -0.48852521093295576 -0.44260761982404917 -0.39173805895080244 -0.3359501496846125 -0.27560846015785 -0.21185482342921486 -0.1469431241354228 -0.08411779694036438 -0.026649644987223536 0.023862590039153905 0.08030889248617087 0.4683945850753148 0.5492045752298744 0.6546149775510052 0.6649178799899511 0.8169236475379007 0.8807281607087971 0.60396181048712 0.5336365747270746 0.44508563855754024 0.3526480230317593 0.135633210567502 0.054494769717787 0.08733540582863801 0.4761851690380541 0.8066423612625073 0.5419445586775087 1.7506073042365733 2.959270049795746 3.9620040719016716 4.668612445369188 5.244598588470308 5.653048228833304 5.9210617189995745 6.058726502298067 6.09673940831931 6.0583746277384884 5.938723374980287 5.758559882247773 5.5254918793480945 5.260745523363643 4.997660988753359 4.712612718398971 4.429950358026313 4.061235379945704 3.682981548813132 3.3502111724025987 2.9630729595549377 2.613109207507025 2.2901260998532016 1.9966972773946978 1.7311850921567284 1.4428042070396656 1.1294443247381425 0.828875163112884 0.48697300330021154 0.048633109713241446 -0.37872857857323605 -0.8544803009389477 -1.181162324769566
-0.6793284428594629 -0.6757037280495417 -0.6702804275893409 -0.6625635856913967 -0.651959759767104 -0.6377119558040837 -0.6189339915946309 -0.5948137717720077 -0.5649447986279956 -0.5294055881632868 -0.48852521093295576 -0.44260761982404917 -0.39173805895080244 -0.3359501496846125 -0.27560846015785 -0.21185482342921486 -0.1469431241354228 -0.08411779694036438 -0.026649644987223536 0.023862590039153905 0.0803088924861712 0.5391903081365585 0.6148982919232124 0.6853947522522148 0.7301977232669045 0.8342775477964279 0.7213172884831314 0.60396181048712 0.5336365747270746 0.44508563855754024 0.3526480230317593 0.135633210567502 0.054494769717787 0.08733540582863801 0.4761851690380541 0.8066423612625073 0.5419445586775088 1.7586562432750743 2.975367927872747 3.90999774757022 4.636481248289915 5.2122280419987375 5.623241924632792 5.906857179008852 6.0566220512994775 6.104831659127448 6.0718753225750435 5.95823571282492 5.785585089354683 5.558746130334051 5.301046794115478 5.041643091703664 4.752116303314789 4.474968389985827 4.121922151423782 3.753277449810162 3.4202774449146833 3.0374266302533584 2.6882446968580416 2.358523291588475 2.067987480482047 1.799836167292472 1.5088984402360892 1.20008707303598 0.8947355272637649 0.5565873675535375 0.13829121471553488 -0.287439286188084 -0.7598659183071379 -1.1014529190972835
-0.6793284428594629 -0.6757037280495417 -0.6702804275893409 -0.6625635856913967 -0.651959759767104 -0.6377119558040837 -0.6189339915946309 -0.5948137717720077 -0.5649447986279956 -0.5294055881632868 -0.48852521093295576 -0.44260761982404917 -0.39173805895080244 -0.3359501496846125 -0.27560846015785 -0.21185482342921486 -0.1469431241354228 -0.08411779694036438 -0.026649644987223536 0.023862590039153905 0.08030889248616854 0.12266349964061446 0.2592891193767693 0.7568446060399872 0.8044577760983664 0.7820454562849456 0.7213172884831314 0.60396181048712 0.5336365747270746 0.44508563855754024 0.3526480230317593 0.135633210567502 0.054494769717787 0.08733540582863801 0.4761851690380541 0.8066423612625073 0.5419445586775088 1.7673828761530612 2.9928211936287203 3.8466171088403143 4.598475839472377 5.176403453694931 5.591348604167353 5.892494044190108 6.055885808567729 6.114363750941251 6.085576912553344 5.978053528539337 5.811485583724806 5.587712738652755 5.336917216576737 5.083183018841232 4.790225187807426 4.516484758274788 4.176689737967074 3.8181786717598074 3.484784368118537 3.104912511513636 2.757599180456869 2.421135402315083 2.133651547111705 1.8638443403884815 1.569699610560769 1.2654472487513857 0.956607129574969 0.6192748129787258 0.21856564674282833 -0.20518404079935051 -0.6752610005896315 -1.0276627484428036
-0.6793284428594629 -0.6757037280495417 -0.6702804275893409 -0.6625635856913967 -0.651959759767104 -0.6377119558040837 -0.6189339915946309 -0.5948137717720077 -0.5649447986279956 -0.5294055881632868 -0.48852521093295576 -0.44260761982404917 -0.39173805895080244 -0.3359501496846125 -0.27560846015785 -0.21185482342921486 -0.1469431241354228 -0.08411779694036438 -0.026649644987223536 0.023862590039153905 0.08030889248616854 0.12266349964061446 0.2592891193767658 0.3113500756393411 0.43188863428187585 0.7820454562849456 0.7213172884831314 0.60396181048712 0.5336365747270746 0.44508563855754024 0.3526480230317593 0.135633210567502 0.054494769717787 0.08733540582863801 0.4761851690380541 0.8066423612625073 0.5419445586775089 1.7793672180992308 3.016789877521059 3.7835110314238567 4.548686608232489 5.159745627160365 5.5950285062369645 5.901548004046924 6.067136414320529 6.127492005377104 6.104462479038471 6.005103089188416 5.846240545102284 5.626075763307584 5.3720693743017796 5.1138384175021105 4.829643279480332 4.565390274990568 4.227338671413541 3.881737068195848 3.5596734740134064 3.1764690098442365 2.8321648543476194 2.496970178474286 2.199523519703707 1.932799576669724 1.6419315341590268 1.330345756113002 1.0278853184758299 0.6931611853452021 0.30056286750678324 -0.11191264045881724 -0.577556446178997 -0.9428040689309949
-0.6793284428594629 -0.6757037280495417 -0.6702804275893409 -0.6625635856913967 -0.651959759767104 -0.6377119558040837 -0.6189339915946309 -0.5948137717720077 -0.5649447986279956 -0.5294055881632868 -0.48852521093295576 -0.44260761982404917 -0.39173805895080244 -0.3359501496846125 -0.27560846015785 -0.21185482342921486 -0.1469431241354228 -0.08411779694036438 -0.026649644987223536 0.023862590039153905 0.08030889248616854 0.12266349964061446 0.2592891193767658 0.3113500756393411 0.43188863428187585 0.7820454562849456 0.7213172884831314 0.60396181048712 0.5336365747270746 0.44508563855754024 0.3526480230317593 0.135633210567502 0.054494769717787 0.08733540582863801 0.4761851690380541 0.8066423612625073 0.541944558677509 1.7925616699292115 3.04317878118102 3.746940689598833 4.495244228011617 5.1394544138097 5.599460153193012 5.912673755750394 6.080344675345994 6.141344346672224 6.121923898287745 6.027901668714094 5.87550719983694 5.661604316664394 5.408968387733988 5.145358543526937 4.862950482090407 4.607312297866365 4.278913913878272 3.9400646497956457 3.625530542246455 3.2466363912696568 2.901615031557637 2.5672442990216586 2.2653444413289234 1.9975562549189292 1.7089625010871672 1.3953094839153763 1.0928975832539964 0.7626681201307342 0.3795577762464789 -0.027609527422937177 -0.48691401334898404 -0.8613958323099185
-0.6793284428594629 -0.6757037280495417 -0.6702804275893409 -0.6625635856913967 -0.651959759767104 -0.6377119558040837 -0.6189339915946309 -0.5948137717720077 -0.5649447986279956 -0.5294055881632868 -0.48852521093295576 -0.44260761982404917 -0.39173805895080244 -0.3359501496846125 -0.27560846015785 -0.21185482342921486 -0.1469431241354228 -0.08411779694036438 -0.026649644987223536 0.023862590039153905 0.08030889248616854 0.12266349964061446 0.2592891193767658 0.3113500756393411 0.43188863428187585 0.7820454562849456 0.7213172884831314 0.60396181048712 0.5336365747270746 0.44508563855754024 0.3526480230317593 0.135633210567502 0.054494769717787 0.08733540582863801 0.4761851690380541 0.8066423612625073 0.5419445586775092 1.8082781339161025 3.074611709154803 3.776107468675153 4.440394199994821 5.112144921289522 5.605324572878197 5.927698814758284 6.0972941454338425 6.156817440990424 6.137536104374943 6.044673891589651 5.897649183581435 5.694942488127355 5.450614054519882 5.1798557841812825 4.888801091469777 4.641965191638482 4.3355019214691755 3.996350404202813 3.686038903693973 3.3212063602891075 2.9710170160232448 2.6370880419639797 2.3365929453785874 2.0625980776373725 1.7754443326056895 1.4657365490437153 1.1557376065874267 0.8329966661103878 0.4623562436979972 0.05497899160621266 -0.39493090879224674 -0.7763228616525384
-0.6793284428594629 -0.6757037280495417 -0.6702804275893409 -0.6625635856913967 -0.651959759767104 -0.6377119558040837 -0.6189339915946309 -0.5948137717720077 -0.5649447986279956 -0.5294055881632868 -0.48852521093295576 -0.44260761982404917 -0.39173805895080244 -0.3359501496846125 -0.27560846015785 -0.21185482342921486 -0.1469431241354228 -0.08411779694036438 -0.026649644987223536 0.023862590039153905 0.08030889248616854 0.12266349964061446 0.2592891193767658 0.3113500756393411 0.43188863428187585 0.7820454562849456 0.7213172884831314 0.60396181048712 0.5336365747270746 0.44508563855754024 0.3526480230317593 0.135633210567502 0.054494769717787 0.08733540582863801 0.4761851690380541 0.8066423612625073 0.5419445586775093 1.8280277715039333 3.114110984330464 3.8180867269593755 4.449009988161897 5.116623859090947 5.6269681020631666 5.951091639306781 6.11646916615062 6.17262046200166 6.152487732937465 6.0606070399061425 5.916850307918128 5.718986471610224 5.478634818750597 5.211026301856061 4.919398973407266 4.675134731172982 4.380791591404049 4.056831899558702 3.749822785125905 3.3894587874195787 3.045132152098639 2.708622979995422 2.4061635745232075 2.132951367102394 1.8421661096220396 1.5347585448373533 1.2258369327909109 0.9009491315792091 0.5426676999082738 0.14313192363158753 -0.3015550394951263 -0.6869782403958483
-0.6793284428594629 -0.6757037280495417 -0.6702804275893409 -0.6625635856913967 -0.651959759767104 -0.6377119558040837 -0.6189339915946309 -0.5948137717720077 -0.5649447986279956 -0.5294055881632868 -0.48852521093295576 -0.44260761982404917 -0.39173805895080244 -0.3359501496846125 -0.27560846015785 -0.21185482342921486 -0.1469431241354228 -0.08411779694036438 -0.026649644987223536 0.023862590039153905 0.08030889248616854 0.12266349964061446 0.2592891193767658 0.3113500756393411 0.43188863428187585 0.7820454562849456 0.7213172884831314 0.60396181048712 0.5336365747270746 0.44508563855754024 0.3526480230317593 0.135633210567502 0.054494769717787 0.08733540582863801 0.4761851690380541 0.8066423612625073 0.5419445586775096 1.8488771673168432 3.155809775956284 3.864164554061196 4.494384464612722 5.139761365922055 5.656357191776918 5.978239392336722 6.136462340596338 6.188364679737773 6.166873125984976 6.075852162821251 5.934166910581675 5.737802506592369 5.499249358817719 5.2396687611222506 4.9514086474201475 4.706548113478667 4.419189946679358 4.115437583176957 3.8109340597518297 3.4508202286243135 3.1156163214197634 2.775807078034847 2.470406565834974 2.2004739226854646 1.9046577993372775 1.5986271980093192 1.2938746712026103 0.963523119722321 0.6158323605190319 0.22554905948436493 -0.21624727041413713 -0.6040184718621506
-0.6793284428594629 -0.6757037280495417 -0.6702804275893409 -0.6625635856913967 -0.651959759767104 -0.6377119558040837 -0.6189339915946309 -0.5948137717720077 -0.5649447986279956 -0.5294055881632868 -0.48852521093295576 -0.44260761982404917 -0.39173805895080244 -0.3359501496846125 -0.27560846015785 -0.21185482342921486 -0.1469431241354228 -0.08411779694036438 -0.026649644987223536 0.023862590039153905 0.08030889248616854 0.12266349964061446 0.2592891193767658 0.3113500756393411 0.43188863428187585 0.7820454562849456 0.7213172884831314 0.60396181048712 0.5336365747270746 0.44508563855754024 0.3526480230317593 0.135633210567502 0.054494769717787 0.08733540582863801 0.4761851690380541 0.8066423612625073 0.5419445586775098 1.8765214730954818 3.2110983875135624 3.966408811389019 4.592888748115686 5.218293146657275 5.716347213826256 6.014382548957964 6.1591330953722645 6.2061092560347975 6.181992024892253 6.091169968000217 5.953123452462777 5.761566962016139 5.5222118506777305 5.259565147258438 4.973156832602409 4.739733114989522 4.461697981797574 4.165056360846757 3.87314990906261 3.5223575782049763 3.185807714772209 2.854226985019113 2.543157203949383 2.2682796672637164 1.977587000303303 1.6684837475933139 1.3624505650262373 1.0395970441555422 0.6938493755712916 0.3114493744407357 -0.11716891155047894 -0.5095054910730371
-0.6793284428594629 -0.6757037280495417 -0.6702804275893409 -0.6625635856913967 -0.651959759767104 -0.6377119558040837 -0.6189339915946309 -0.5948137717720077 -0.5649447986279956 -0.5294055881632868 -0.48852521093295576 -0.44260761982404917 -0.39173805895080244 -0.3359501496846125 -0.27560846015785 -0.21185482342921486 -0.1469431241354228 -0.08411779694036438 -0.026649644987223536 0.023862590039153905 0.08030889248616854 0.12266349964061446 0.2592891193767658 0.3113500756393411 0.43188863428187585 0.7820454562849456 0.7213172884831314 0.60396181048712 0.5336365747270746 0.44508563855754024 0.3526480230317593 0.135633210567502 0.054494769717787 0.08733540582863801 0.4761851690380541 0.8066423612625073 0.5419445586775101 1.9075054212997338 3.273066283922067 4.1021747765287895 4.71919615966344 5.318257007679907 5.7848474393674625 6.051969375017737 6.18072582305243 6.221544539439738 6.194450572158256 6.103275182383536 5.9680788999310685 5.780993437011387 5.5426657574960085 5.278236895809107 4.99318918639056 4.770028167368632 4.501746963788524 4.21196634665484 3.9296571080475062 3.5877235631782414 3.2513761994360437 2.9239673170318246 2.611134933211486 2.331926234959461 2.043803242183334 1.7345796103186024 1.4264656949541503 1.108329732835499 0.7665507364073616 0.3894703189301404 -0.02936212979991226 -0.42327097200801833
-0.6793284428594629 -0.6757037280495417 -0.6702804275893409 -0.6625635856913967 -0.651959759767104 -0.6377119558040837 -0.6189339915946309 -0.5948137717720077 -0.5649447986279956 -0.5294055881632868 -0.48852521093295576 -0.44260761982404917 -0.39173805895080244 -0.3359501496846125 -0.27560846015785 -0.21185482342921486 -0.1469431241354228 -0.08411779694036438 -0.026649644987223536 0.023862590039153905 0.08030889248616854 0.12266349964061446 0.2592891193767658 0.3113500756393411 0.43188863428187585 0.7820454562849456 0.7213172884831314 0.60396181048712 0.5336365747270746 0.44508563855754024 0.3526480230317593 0.135633210567502 0.054494769717787 0.08733540582863801 0.4761851690380541 0.8066423612625073 0.5419445586775105 1.9546117526293192 3.3672789465812394 4.335831111121251 4.933268453067154 5.487681134645925 5.888800380855696 6.098984690910341 6.200128904895529 6.228811934996027 6.1971541420725975 6.103608423933578 5.968288161918558 5.784566967867362 5.5554282170702916 5.29743096677807 5.012733208766829 4.794802936051781 4.5410251351138875 4.263959912172219 3.984652072936831 3.6534685950528343 3.3239799891459145 2.99001583129051 2.6852076629827173 2.4026479739147675 2.1094140230505776 1.8089180528509374 1.496614317884366 1.1757300533937425 0.8475749353062755 0.473042555130176 0.06082972024127315 -0.32845912463215565
-0.6793284428594629 -0.6757037280495417 -0.6702804275893409 -0.6625635856913967 -0.651959759767104 -0.6377119558040837 -0.6189339915946309 -0.5948137717720077 -0.5649447986279956 -0.5294055881632868 -0.48852521093295576 -0.44260761982404917 -0.39173805895080244 -0.3359501496846125 -0.27560846015785 -0.21185482342921486 -0.1469431241354228 -0.08411779694036438 -0.026649644987223536 0.023862590039153905 0.08030889248616854 0.12266349964061446 0.2592891193767658 0.3113500756393411 0.43188863428187585 0.7820454562849456 0.7213172884831314 0.60396181048712 0.5336365747270746 0.44508563855754024 0.3526480230317593 0.135633210567502 0.054494769717787 0.08733540582863801 0.4761851690380541 0.8066423612625073 0.5419445586775115 2.0610824561121257 3.5802203535468533 4.745042671811359 5.276930559063436 5.7019228027055915 5.991916052692318 6.141273595435437 6.216938820895351 6.232793960851541 6.195344750723634 6.09899664056089 5.963824149098494 5.782387347262057 5.558504859493521 5.305591731030986 5.028260744871989 4.81845235994376 4.574551331492909 4.310699439503901 4.040199821716267 3.7138921429241334 3.3917182990310573 3.0582515347640036 2.751942301766563 2.470321207369118 2.176427688584949 1.8756745279718028 1.5669990042770081 1.2442094018942076 0.9207202798488201 0.5557618081124254 0.149446564470393 -0.23797242648508732
-0.6793284428594629 -0.6757037280495417 -0.6702804275893409 -0.6625635856913967 -0.651959759767104 -0.6377119558040837 -0.6189339915946309 -0.5948137717720077 -0.5649447986279956 -0.5294055881632868 -0.48852521093295576 -0.44260761982404917 -0.39173805895080244 -0.3359501496846125 -0.27560846015785 -0.21185482342921486 -0.1469431241354228 -0.08411779694036438 -0.026649644987223536 0.023862590039153905 0.08030889248616854 0.12266349964061446 0.2592891193767658 0.3113500756393411 0.43188863428187585 0.7820454562849456 0.7213172884831314 0.60396181048712 0.5336365747270746 0.44508563855754024 0.3526480230317593 0.135633210567502 0.054494769717787 0.08733540582863801 0.4761851690380541 0.8066423612625073 0.5419445586775125 2.1742640184736293 3.8065834782698613 5.068449735460979 5.568369556613021 5.906557983844343 6.092087401401746 6.179675791287365 6.2312357996247325 6.233243911696601 6.188479622499896 6.088740714988861 5.954031811770356 5.773745060600442 5.551088114040046 5.302226591367421 5.039834753193141 4.841102732993536 4.603093245288065 4.353205186050071 4.095995728226361 3.7701660882605585 3.455600716279273 3.12749512945574 2.8131114795151184 2.5353960786666248 2.243954962821591 1.9366962618325223 1.6369646335373529 1.3129205073221883 0.9879317478665545 0.6368232050116818 0.23566024525918225 -0.1516217670904654
-0.6793284428594629 -0.6757037280495417 -0.6702804275893409 -0.6625635856913967 -0.651959759767104 -0.6377119558040837 -0.6189339915946309 -0.5948137717720077 -0.5649447986279956 -0.5294055881632868 -0.48852521093295576 -0.44260761982404917 -0.39173805895080244 -0.3359501496846125 -0.27560846015785 -0.21185482342921486 -0.1469431241354228 -0.08411779694036438 -0.026649644987223536 0.023862590039153905 0.08030889248616854 0.12266349964061446 0.2592891193767658 0.3113500756393411 0.43188863428187585 0.7820454562849456 0.7213172884831314 0.60396181048712 0.5336365747270746 0.44508563855754024 0.3526480230317593 0.135633210567502 0.054494769717787 0.08733540582863801 0.4761851690380541 0.8066423612625073 0.5419445586775178 2.7781959574046127 5.014447356131818 5.668926402486557 5.938679189090734 6.083951705288347 6.173316198881255 6.212695967476013 6.231029459772362 6.2113720516587465 6.153038540777467 6.047614920520322 5.91474360829096 5.743399607473054 5.532531204658005 5.296291076445928 5.046362858835417 4.858229703989465 4.6343714316859606 4.389365941080609 4.141158399765993 3.8336982892378346 3.517030053308192 3.1947839903297304 2.8838429305901525 2.6009943617061992 2.311815286684392 2.0070023545805418 1.7037247982759978 1.3867445584820592 1.0635018352754348 0.7159553006542778 0.32823310825267293 -0.05707944841140828
-0.6793284428594629 -0.6757037280495417 -0.6702804275893409 -0.6625635856913967 -0.651959759767104 -0.6377119558040837 -0.6189339915946309 -0.5948137717720077 -0.5649447986279956 -0.5294055881632868 -0.48852521093295576 -0.44260761982404917 -0.39173805895080244 -0.3359501496846125 -0.27560846015785 -0.21185482342921486 -0.1469431241354228 -0.08411779694036438 -0.026649644987223536 0.023862590039153905 0.08030889248616854 0.12266349964061446 0.2592891193767658 0.3113500756393411 0.43188863428187585 0.7820454562849456 0.7213172884831314 0.60396181048712 0.5336365747270746 0.44508563855754024 0.3526480230317593 0.135633210567502 0.054494769717787 0.08733540582863801 0.4761851690380541 0.8066423612625073 0.5419445586775195 2.9652046110707957 5.388464663464179 5.961751680800394 6.161657688330953 6.213191711986885 6.237170450604255 6.238612621010563 6.222907416676489 6.178236306475671 6.102712290473119 5.99018039364219 5.860488132246012 5.702809082948207 5.509050718469706 5.2889856433487195 5.051217441192075 4.873238580521882 4.664441015700058 4.422209679292163 4.181000554168432 3.892485506084413 3.573155699272279 3.2555716154374235 2.949630616594391 2.661370190551898 2.373547830936264 2.0725513166731178 1.7644290616102039 1.4542691622307968 1.1333036028240782 0.786983729832603 0.4107851916514572 0.027623365159531826
-0.6793284428594629 -0.6757037280495417 -0.6702804275893409 -0.6625635856913967 -0.651959759767104 -0.6377119558040837 -0.6189339915946309 -0.5948137717720077 -0.5649447986279956 -0.5294055881632868 -0.48852521093295576 -0.44260761982404917 -0.39173805895080244 -0.3359501496846125 -0.27560846015785 -0.21185482342921486 -0.1469431241354228 -0.08411779694036438 -0.026649644987223536 0.023862590039153905 0.08030889248616854 0.12266349964061446 0.2592891193767658 0.3113500756393411 0.43188863428187585 0.7820454562849456 0.7213172884831314 0.60396181048712 0.5336365747270746 0.44508563855754024 0.3526480230317593 0.135633210567502 0.054494769717787 0.08733540582863801 0.4761851690380541 0.8066423612625073 0.5419445586775216 3.1994193797993162 5.856894200921213 6.187847495298128 6.211829638419953 6.201396768532885 6.185778047047099 6.159298709888544 6.12540009682916 6.078264762114966 6.008433679287229 5.907603870419566 5.792445791000808 5.650524600138324 5.475410112450325 5.270320264066546 5.0543794795888015 4.885366261006348 4.682580911975312 4.457657392505451 4.221611771432796 3.9354333526438143 3.637544657866655 3.318042034508075 3.0136106466070913 2.7328800406400244 2.437028583489352 2.139519261351441 1.8390482224067282 1.5231992394891554 1.2091802722909308 0.8718191423488368 0.49794948875907363 0.12324627511441515
-0.6793284428594629 -0.6757037280495417 -0.6702804275893409 -0.6625635856913967 -0.651959759767104 -0.6377119558040837 -0.6189339915946309 -0.5948137717720077 -0.5649447986279956 -0.5294055881632868 -0.48852521093295576 -0.44260761982404917 -0.39173805895080244 -0.3359501496846125 -0.27560846015785 -0.21185482342921486 -0.1469431241354228 -0.08411779694036438 -0.026649644987223536 0.023862590039153905 0.08030889248616854 0.12266349964061446 0.2592891193767658 0.3113500756393411 0.43188863428187585 0.7820454562849456 0.7213172884831314 0.6039618104871199 0.5336365747270746 0.44508563855754024 0.3526480230317593 0.135633210567502 0.054494769717787 0.08733540582863801 0.4761851690380541 0.8066423612625073 0.5419445586775223 3.2908054113279555 6.039666263978492 6.227084369514099 6.180510392803761 6.136056430394319 6.095531192724467 6.050420302281198 6.003932529120452 5.957012261495811 5.895791799465912 5.810499356638943 5.71279725324123 5.588781605854781 5.434211993481317 5.247980207617946 5.053903077847624 4.894163114741554 4.70000792862388 4.486756231200795 4.25756542616679 3.9773119413355946 3.6918579038306842 3.37845369749225 3.073844127996593 2.796028432253635 2.4987841741248733 2.201817574216212 1.906013714369586 1.590837481871332 1.2790994248625835 0.9482732303963003 0.5804982311165678 0.21015454247111812
-0.6793284428594628 -0.6757037280495417 -0.6702804275893408 -0.6625635856913966 -0.6519597597671039 -0.6377119558040836 -0.6189339915946308 -0.5948137717720077 -0.5649447986279955 -0.5294055881632866 -0.48852521093295564 -0.44260761982404917 -0.3917380589508023 -0.33595014968461245 -0.27560846015784995 -0.21185482342921486 -0.1469431241354227 -0.08411779694036431 -0.026649644987223484 0.023862590039153905 0.08030889248616854 0.12266349964061446 0.2592891193767658 0.3113500756393411 0.43188863428187585 0.7820454562849456 0.7213172884831313 0.60396181048712 0.5336365747270746 0.44508563855754024 0.3526480230317592 0.135633210567502 0.054494769717787 0.08733540582863801 0.4761851690380541 0.8066423612625073 0.5419445586775227 3.322220438293092 6.102496317908762 5.918143430061449 5.8991501447022525 5.8878916045231895 5.880307254092002 5.86835637621509 5.848230708932873 5.81440934917386 5.766106952180469 5.698769230922001 5.617980590296781 5.511067967565218 5.377488867341346 5.218092869317244 5.045749154361435 4.896559473880411 4.716791787143548 4.5067142744656365 4.288465949114227 4.020820415431457 3.7368292640378833 3.442039079750869 3.1349157328018724 2.8543862966300475 2.564396821680247 2.264104212856432 1.97001290914531 1.6639003618954575 1.3488887538560574 1.0230263479664545 0.6671087356238932 0.2973508651919734
