138 37

3.750 3.775 3.800 3.825 3.850 3.875 3.900 3.925 3.950 3.975 4.000 4.025 4.050 4.075 4.100 4.125 4.150 4.175 4.200 4.225 4.250 4.275 4.300 4.325 4.350 4.375 4.400 4.425 4.450 4.475 4.500 4.525 4.550 4.575 4.600 4.625 4.650 4.675 4.700 4.725 4.750 4.775 4.800 4.825 4.850 4.875 4.900 4.925 4.950 4.975 5.000 5.025 5.050 5.075 5.100 5.125 5.150 5.175 5.200 5.225 5.250 5.275 5.300 5.325 5.350 5.375 5.400 5.425 5.450 5.475 5.500 5.525 5.550 5.575 5.600 5.625 5.650 5.675 5.700 5.725 5.750 5.775 5.800 5.825 5.850 5.875 5.900 5.925 5.950 5.975 6.000 6.050 6.100 6.150 6.200 6.250 6.300 6.350 6.400 6.450 6.500 6.550 6.600 6.650 6.700 6.750 6.800 6.850 6.900 6.950 7.000 7.050 7.100 7.150 7.200 7.250 7.300 7.350 7.400 7.450 7.500 7.550 7.600 7.650 7.700 7.750 7.800 7.850 7.900 7.950 8.000 8.100 8.200 8.300 8.400 8.500 8.600 8.700
-8.000 -7.750 -7.500 -7.250 -7.000 -6.750 -6.500 -6.250 -6.000 -5.750 -5.500 -5.250 -5.000 -4.750 -4.500 -4.250 -4.000 -3.750 -3.500 -3.250 -3.000 -2.750 -2.500 -2.250 -2.000 -1.750 -1.500 -1.250 -1.000 -0.750 -0.500 -0.250 0.000 0.250 0.500 0.750 1.000

   1.5135612e-01   1.2779092e-01   1.0604739e-01   8.6198558e-02   6.8865230e-02   5.4575786e-02   4.2854852e-02   3.3612437e-02   2.6211990e-02   2.0535250e-02   1.6069413e-02   1.2676519e-02   1.0069317e-02   8.1470428e-03   6.7065629e-03   5.7543994e-03   5.1050500e-03   4.8194780e-03   4.7918145e-03   5.0582466e-03   5.6558776e-03   6.5917390e-03   8.0352612e-03   1.0034598e-02   1.2927067e-02   1.6730156e-02   2.1953309e-02   2.9648314e-02   4.1020410e-02   5.8681337e-02   8.6696188e-02   1.2971793e-01   1.9792470e-01   3.0867396e-01   4.9203954e-01   7.7446180e-01   1.2189896e+00
   1.9792470e-01   1.8197009e-01   1.6330519e-01   1.4338377e-01   1.2274392e-01   1.0303861e-01   8.4430624e-02   6.8548823e-02   5.4890856e-02   4.3853070e-02   3.4793651e-02   2.7861212e-02   2.2361452e-02   1.8365383e-02   1.5346170e-02   1.3304544e-02   1.1912420e-02   1.1297959e-02   1.1246050e-02   1.1844044e-02   1.3182567e-02   1.5135612e-02   1.8155157e-02   2.2335722e-02   2.8379190e-02   3.6099401e-02   4.6238102e-02   6.0813500e-02   8.1564279e-02   1.1194379e-01   1.5667511e-01   2.2156441e-01   3.1805337e-01   4.6935343e-01   7.1039517e-01   1.0653689e+00   1.6069413e+00
   2.3496328e-01   2.2882317e-01   2.1777098e-01   2.0300185e-01   1.8513989e-01   1.6443717e-01   1.4256076e-01   1.2161860e-01   1.0185914e-01   8.4722741e-02   6.9823240e-02   5.7743087e-02   4.7807937e-02   4.0411037e-02   3.4633788e-02   3.0690220e-02   2.7957607e-02   2.6791683e-02   2.6791683e-02   2.8183829e-02   3.1117163e-02   3.5359002e-02   4.1638972e-02   5.0408062e-02   6.3023135e-02   7.8523563e-02   9.8514464e-02   1.2647363e-01   1.6519618e-01   2.1877616e-01   2.9478135e-01   3.9902490e-01   5.4575786e-01   7.6913044e-01   1.1104525e+00   1.5995580e+00   2.3254125e+00
   2.4802759e-01   2.4745715e-01   2.4406191e-01   2.3823195e-01   2.2961486e-01   2.1777098e-01   2.0346982e-01   1.8706821e-01   1.6904409e-01   1.5031420e-01   1.3228177e-01   1.1521261e-01   1.0046158e-01   8.8206380e-02   7.8614019e-02   7.1367421e-02   6.6680677e-02   6.4788810e-02   6.5237904e-02   6.8627788e-02   7.4730863e-02   8.4042701e-02   9.7386779e-02   1.1627866e-01   1.4141647e-01   1.7179084e-01   2.1208014e-01   2.6699308e-01   3.4197944e-01   4.4360864e-01   5.8210322e-01   7.6383578e-01   1.0174194e+00   1.3835664e+00   1.9142559e+00   2.6272415e+00   3.7068072e+00
   2.4745715e-01   2.4888573e-01   2.5061093e-01   2.5234808e-01   2.5351286e-01   2.5438998e-01   2.5409727e-01   2.5147800e-01   2.4575366e-01   2.3604782e-01   2.2361452e-01   2.0917029e-01   1.9453601e-01   1.8134267e-01   1.7002000e-01   1.6162182e-01   1.5631476e-01   1.5541753e-01   1.5885467e-01   1.6710906e-01   1.8092559e-01   2.0160440e-01   2.3014418e-01   2.6915348e-01   3.1952144e-01   3.8106582e-01   4.6078677e-01   5.7016427e-01   7.1614341e-01   9.1306144e-01   1.1735457e+00   1.5135612e+00   1.9678863e+00   2.5941794e+00   3.4713628e+00   4.7097733e+00   6.4863443e+00
   2.4745715e-01   2.5032256e-01   2.5438998e-01   2.5941794e-01   2.6515511e-01   2.7289778e-01   2.8151400e-01   2.9107171e-01   3.0026174e-01   3.0867396e-01   3.1586390e-01   3.2210688e-01   3.2771778e-01   3.3304276e-01   3.3884416e-01   3.4554133e-01   3.5440513e-01   3.6728230e-01   3.8503481e-01   4.0973211e-01   4.4411966e-01   4.9090788e-01   5.5271341e-01   6.3241185e-01   7.3366871e-01   8.5802511e-01   1.0185914e+00   1.2302688e+00   1.5083426e+00   1.8771544e+00   2.3631974e+00   2.9853826e+00   3.8018940e+00   4.8865236e+00   6.3533093e+00   8.3560302e+00   1.1194379e+01
   2.4632018e-01   2.4917244e-01   2.5351286e-01   2.5852348e-01   2.6607251e-01   2.7605779e-01   2.8940098e-01   3.0690220e-01   3.2923045e-01   3.5809644e-01   3.9355008e-01   4.3601356e-01   4.8584753e-01   5.4262525e-01   6.0464435e-01   6.6988461e-01   7.3875426e-01   8.0909590e-01   8.8409717e-01   9.6493931e-01   1.0568175e+00   1.1708466e+00   1.3076755e+00   1.4740085e+00   1.6768723e+00   1.9297453e+00   2.2438819e+00   2.6546056e+00   3.1768741e+00   3.8636698e+00   4.7478829e+00   5.8884366e+00   7.3451387e+00   9.2469817e+00   1.1748976e+01   1.5135612e+01   1.9746949e+01
   2.4717241e-01   2.4859936e-01   2.5176769e-01   2.5615333e-01   2.6272415e-01   2.7289778e-01   2.8773984e-01   3.0938553e-01   3.3962527e-01   3.8238425e-01   4.4055486e-01   5.1939767e-01   6.2301715e-01   7.5596206e-01   9.1939047e-01   1.1155782e+00   1.3396767e+00   1.5776113e+00   1.8344252e+00   2.0965248e+00   2.3686451e+00   2.6607251e+00   2.9853826e+00   3.3496544e+00   3.7757219e+00   4.2805542e+00   4.9034302e+00   5.6819839e+00   6.6603952e+00   7.9250133e+00   9.5279616e+00   1.1547820e+01   1.4141647e+01   1.7478333e+01   2.1777098e+01   2.7352687e+01   3.4873858e+01
   2.5003454e-01   2.5003454e-01   2.5147800e-01   2.5409727e-01   2.5911944e-01   2.6760856e-01   2.8151400e-01   3.0338912e-01   3.3612437e-01   3.8592241e-01   4.5814189e-01   5.6428694e-01   7.1614341e-01   9.3218047e-01   1.2288532e+00   1.6218101e+00   2.1208014e+00   2.7101916e+00   3.3923449e+00   4.1067664e+00   4.8584753e+00   5.6363766e+00   6.4268772e+00   7.2610596e+00   8.1752304e+00   9.2150989e+00   1.0447202e+01   1.1926143e+01   1.3740420e+01   1.6014006e+01   1.8858190e+01   2.2413000e+01   2.6946353e+01   3.2658783e+01   3.9994475e+01   4.9602093e+01   6.2015464e+01
   2.5733568e-01   2.5615333e-01   2.5674382e-01   2.5733568e-01   2.6091557e-01   2.6730064e-01   2.7925438e-01   2.9888216e-01   3.3036954e-01   3.8018940e-01   4.5551219e-01   5.7345587e-01   7.5162289e-01   1.0244718e+00   1.4321879e+00   2.0276827e+00   2.8674774e+00   3.9764910e+00   5.3826978e+00   7.0145530e+00   8.8409717e+00   1.0739894e+01   1.2720378e+01   1.4723125e+01   1.6788040e+01   1.8988908e+01   2.1428906e+01   2.4238180e+01   2.7574015e+01   3.1622777e+01   3.6559479e+01   4.2707092e+01   5.0350061e+01   5.9979108e+01   7.2193816e+01   8.7700082e+01   1.0801896e+02
   2.6699308e-01   2.6546056e-01   2.6485001e-01   2.6454527e-01   2.6607251e-01   2.7039584e-01   2.8022056e-01   2.9682467e-01   3.2471324e-01   3.7025421e-01   4.4309821e-01   5.6104798e-01   7.4644876e-01   1.0459237e+00   1.5205475e+00   2.2724796e+00   3.4237339e+00   5.1050500e+00   7.4558987e+00   1.0483348e+01   1.4157938e+01   1.8281002e+01   2.2724796e+01   2.7258377e+01   3.1915379e+01   3.6643757e+01   4.1638972e+01   4.7151987e+01   5.3210826e+01   6.0464435e+01   6.8944559e+01   7.9250133e+01   9.1939047e+01   1.0777053e+02   1.2779092e+02   1.5328512e+02   1.8599446e+02
   2.7733201e-01   2.7605779e-01   2.7510596e-01   2.7415742e-01   2.7478942e-01   2.7797133e-01   2.8575905e-01   3.0026174e-01   3.2546178e-01   3.6812897e-01   4.3601356e-01   5.4827696e-01   7.2861817e-01   1.0280163e+00   1.5187979e+00   2.3361461e+00   3.6643757e+00   5.7610282e+00   8.9433453e+00   1.3443118e+01   1.9498446e+01   2.6915348e+01   3.5563132e+01   4.4926232e+01   5.4764610e+01   6.4863443e+01   7.5075805e+01   8.5901352e+01   9.7386779e+01   1.1028082e+02   1.2488204e+02   1.4239672e+02   1.6330519e+02   1.8901662e+02   2.2080047e+02   2.6031548e+02   3.1081359e+02
   2.8773984e-01   2.8707806e-01   2.8641780e-01   2.8543025e-01   2.8575905e-01   2.8807130e-01   2.9512092e-01   3.0760968e-01   3.3075011e-01   3.6940264e-01   4.3251383e-01   5.3641387e-01   7.0631755e-01   9.8969186e-01   1.4621772e+00   2.2698649e+00   3.6391504e+00   5.9156163e+00   9.6272001e+00   1.5328512e+01   2.3713737e+01   3.4994517e+01   4.9374192e+01   6.6145454e+01   8.4918048e+01   1.0471285e+02   1.2516993e+02   1.4604947e+02   1.6768723e+02   1.9098533e+02   2.1652099e+02   2.4603676e+02   2.8022056e+02   3.2136605e+02   3.7068072e+02   4.3201617e+02   5.0874482e+02
   2.9580125e-01   2.9682467e-01   2.9750893e-01   2.9716660e-01   2.9819475e-01   3.0060763e-01   3.0690220e-01   3.1915379e-01   3.4080032e-01   3.7757219e-01   4.3752211e-01   5.3641387e-01   6.9582495e-01   9.6161228e-01   1.4060475e+00   2.1677041e+00   3.4753616e+00   5.7345587e+00   9.5389374e+00   1.5794286e+01   2.5644840e+01   4.0132850e+01   6.0325371e+01   8.6198558e+01   1.1748976e+02   1.5222991e+02   1.8988908e+02   2.2882317e+02   2.6853444e+02   3.1045596e+02   3.5481339e+02   4.0457589e+02   4.6025657e+02   5.2541202e+02   6.0255959e+02   6.9502432e+02   8.0909590e+02
   3.0095392e-01   3.0408850e-01   3.0654907e-01   3.0796403e-01   3.0974193e-01   3.1332857e-01   3.2025801e-01   3.3189446e-01   3.5277679e-01   3.8859750e-01   4.4616962e-01   5.4013211e-01   6.9023980e-01   9.3864204e-01   1.3489629e+00   2.0464446e+00   3.2471324e+00   5.3456436e+00   8.9742879e+00   1.5205475e+01   2.5556419e+01   4.1975898e+01   6.6834392e+01   1.0139114e+02   1.4689263e+02   2.0137242e+02   2.6393683e+02   3.3113112e+02   4.0132850e+02   4.7533523e+02   5.5144220e+02   6.3459990e+02   7.2610596e+02   8.2794216e+02   9.4732718e+02   1.0876771e+03   1.2545847e+03
   3.0373861e-01   3.0725574e-01   3.1117163e-01   3.1405087e-01   3.1732187e-01   3.2247793e-01   3.3075011e-01   3.4355795e-01   3.6517413e-01   4.0040547e-01   4.5656225e-01   5.4764610e-01   6.9023980e-01   9.2469817e-01   1.3076755e+00   1.9498446e+00   3.0478950e+00   4.9545019e+00   8.2889592e+00   1.4125375e+01   2.4182433e+01   4.1020410e+01   6.8076936e+01   1.0889301e+02   1.6691678e+02   2.4294054e+02   3.3612437e+02   4.4258837e+02   5.5911353e+02   6.8233869e+02   8.1096106e+02   9.4841846e+02   1.0952166e+03   1.2589254e+03   1.4404560e+03   1.6557700e+03   1.9032682e+03
   3.0408850e-01   3.0831880e-01   3.1296805e-01   3.1732187e-01   3.2247793e-01   3.2923045e-01   3.3962527e-01   3.5359002e-01   3.7627035e-01   4.1209752e-01   4.6773514e-01   5.5590426e-01   6.9502432e-01   9.1727594e-01   1.2764388e+00   1.8706821e+00   2.8740876e+00   4.5972699e+00   7.6032628e+00   1.2897336e+01   2.2233099e+01   3.8370725e+01   6.5614527e+01   1.0952166e+02   1.7660378e+02   2.7133137e+02   3.9764910e+02   5.5144220e+02   7.3029781e+02   9.2469817e+02   1.1337048e+03   1.3536301e+03   1.5885467e+03   1.8428925e+03   2.1232445e+03   2.4490632e+03   2.8151400e+03
   3.0373861e-01   3.0867396e-01   3.1405087e-01   3.1915379e-01   3.2583670e-01   3.3381051e-01   3.4474661e-01   3.6016375e-01   3.8414926e-01   4.2072663e-01   4.7752927e-01   5.6558776e-01   7.0145530e-01   9.1727594e-01   1.2603756e+00   1.8238957e+00   2.7605779e+00   4.3551187e+00   7.1121351e+00   1.1967405e+01   2.0535250e+01   3.5645113e+01   6.1872833e+01   1.0604739e+02   1.7741895e+02   2.8575905e+02   4.4055486e+02   6.4416927e+02   8.9639619e+02   1.1857687e+03   1.5066071e+03   1.8492686e+03   2.2156441e+03   2.6121614e+03   3.0408850e+03   3.5399734e+03   4.0878975e+03
   3.0304003e-01   3.0831880e-01   3.1368951e-01   3.1988951e-01   3.2696405e-01   3.3573761e-01   3.4793651e-01   3.6475395e-01   3.8949331e-01   4.2707092e-01   4.8417237e-01   5.7279603e-01   7.0631755e-01   9.1727594e-01   1.2502590e+00   1.7926686e+00   2.6791683e+00   4.1783037e+00   6.7452803e+00   1.1207274e+01   1.9098533e+01   3.3036954e+01   5.7676646e+01   1.0034598e+02   1.7238521e+02   2.8840315e+02   4.6558609e+02   7.1531939e+02   1.0483348e+03   1.4504408e+03   1.9164611e+03   2.4322040e+03   2.9888216e+03   3.5892193e+03   4.2461956e+03   4.9945918e+03   5.8210322e+03
   3.0234306e-01   3.0725574e-01   3.1296805e-01   3.1952144e-01   3.2696405e-01   3.3651157e-01   3.4914032e-01   3.6685969e-01   3.9219315e-01   4.3003123e-01   4.8696753e-01   5.7345587e-01   7.0550484e-01   9.1201084e-01   1.2359474e+00   1.7579236e+00   2.6151704e+00   4.0504195e+00   6.4938163e+00   1.0727536e+01   1.8134267e+01   3.1224824e+01   5.4387613e+01   9.5169985e+01   1.6576773e+02   2.8444611e+02   4.7533523e+02   7.6295689e+02   1.1721954e+03   1.6982437e+03   2.3496328e+03   3.0902954e+03   3.9174188e+03   4.8194780e+03   5.8076442e+03   6.9502432e+03   8.1940762e+03
   3.0269134e-01   3.0690220e-01   3.1224824e-01   3.1878656e-01   3.2696405e-01   3.3651157e-01   3.5034829e-01   3.6812897e-01   3.9355008e-01   4.3151908e-01   4.8696753e-01   5.7213695e-01   7.0226334e-01   9.0364947e-01   1.2189896e+00   1.7278260e+00   2.5615333e+00   3.9536662e+00   6.3241185e+00   1.0399202e+01   1.7518624e+01   2.9957116e+01   5.1999600e+01   9.0991327e+01   1.5940429e+02   2.7797133e+02   4.7643099e+02   7.9341426e+02   1.2705741e+03   1.9253070e+03   2.7765148e+03   3.8062736e+03   4.9945918e+03   6.3314036e+03   7.8072844e+03   9.4951100e+03   1.1376273e+04
   3.0408850e-01   3.0796403e-01   3.1332857e-01   3.1988951e-01   3.2809529e-01   3.3806484e-01   3.5115592e-01   3.6897760e-01   3.9491170e-01   4.3251383e-01   4.8809010e-01   5.7147864e-01   6.9742900e-01   8.9433453e-01   1.1994993e+00   1.6962896e+00   2.5061093e+00   3.8770375e+00   6.2086903e+00   1.0232930e+01   1.7278260e+01   2.9512092e+01   5.1050500e+01   8.9330548e+01   1.5649483e+02   2.7510596e+02   4.7807937e+02   8.1470428e+02   1.3458604e+03   2.1183611e+03   3.1878656e+03   4.5446454e+03   6.2015464e+03   8.1189525e+03   1.0292005e+04   1.2808551e+04   1.5541753e+04
   3.0725574e-01   3.1117163e-01   3.1586390e-01   3.2210688e-01   3.2998941e-01   3.4001651e-01   3.5359002e-01   3.7153523e-01   3.9719155e-01   4.3351088e-01   4.8809010e-01   5.7016427e-01   6.9262793e-01   8.8307990e-01   1.1803206e+00   1.6634127e+00   2.4603676e+00   3.8106582e+00   6.1305579e+00   1.0162487e+01   1.7198873e+01   2.9512092e+01   5.1109308e+01   8.9125094e+01   1.5631476e+02   2.7542287e+02   4.8250298e+02   8.3656560e+02   1.4141647e+03   2.2961486e+03   3.5892193e+03   5.3149600e+03   7.5335556e+03   1.0209395e+04   1.3350576e+04   1.6982437e+04   2.0941125e+04
   3.1368951e-01   3.1659205e-01   3.2099628e-01   3.2658783e-01   3.3419504e-01   3.4395371e-01   3.5768440e-01   3.7497300e-01   3.9994475e-01   4.3651583e-01   4.8921527e-01   5.6754461e-01   6.8627788e-01   8.6996143e-01   1.1574440e+00   1.6292960e+00   2.4071325e+00   3.7411059e+00   6.0394863e+00   1.0069317e+01   1.7179084e+01   2.9648314e+01   5.1760683e+01   9.0782053e+01   1.5977175e+02   2.8216296e+02   4.9716437e+02   8.6996143e+02   1.4945140e+03   2.4888573e+03   3.9948456e+03   6.1305579e+03   8.9949758e+03   1.2603756e+04   1.6982437e+04   2.2080047e+04   2.7701290e+04
   3.2210688e-01   3.2396642e-01   3.2771778e-01   3.3265955e-01   3.4040819e-01   3.5034829e-01   3.6349630e-01   3.8150479e-01   4.0644333e-01   4.4157045e-01   4.9260634e-01   5.6885293e-01   6.8391165e-01   8.6297855e-01   1.1428783e+00   1.6050923e+00   2.3741054e+00   3.6940264e+00   5.9910094e+00   1.0046158e+01   1.7238521e+01   3.0060763e+01   5.2905400e+01   9.3648322e+01   1.6576773e+02   2.9410337e+02   5.2059501e+02   9.1622049e+02   1.5903767e+03   2.6977394e+03   4.4360864e+03   7.0064818e+03   1.0604739e+04   1.5346170e+04   2.1256903e+04   2.8248800e+04   3.6016375e+04
   3.3151257e-01   3.3342641e-01   3.3689922e-01   3.4197944e-01   3.4954251e-01   3.5974934e-01   3.7368013e-01   3.9219315e-01   4.1783037e-01   4.5289758e-01   5.0408062e-01   5.7942870e-01   6.9183097e-01   8.6796058e-01   1.1455129e+00   1.6069413e+00   2.3741054e+00   3.7068072e+00   6.0325371e+00   1.0150794e+01   1.7538805e+01   3.0760968e+01   5.4638655e+01   9.7274722e+01   1.7398027e+02   3.1045596e+02   5.5271341e+02   9.8061831e+02   1.7179084e+03   2.9546089e+03   4.9545019e+03   7.9983426e+03   1.2416523e+04   1.8407720e+04   2.6121614e+04   3.5522212e+04   4.6078677e+04
   3.4119291e-01   3.4355795e-01   3.4713628e-01   3.5277679e-01   3.6016375e-01   3.7110773e-01   3.8592241e-01   4.0597566e-01   4.3351088e-01   4.6989411e-01   5.2239619e-01   5.9772304e-01   7.1039517e-01   8.8715601e-01   1.1654671e+00   1.6292960e+00   2.4071325e+00   3.7540495e+00   6.1235039e+00   1.0339511e+01   1.7926686e+01   3.1659205e+01   5.6689157e+01   1.0185914e+02   1.8365383e+02   3.3075011e+02   5.9360835e+02   1.0629186e+03   1.8771544e+03   3.2658783e+03   5.5526462e+03   9.1201084e+03   1.4437766e+04   2.1877616e+04   3.1732187e+04   4.3903587e+04   5.8009617e+04
   3.4954251e-01   3.5237087e-01   3.5686175e-01   3.6266029e-01   3.7110773e-01   3.8282474e-01   3.9948456e-01   4.2218228e-01   4.5237646e-01   4.9260634e-01   5.4890856e-01   6.2733570e-01   7.4473197e-01   9.2363419e-01   1.2050359e+00   1.6749429e+00   2.4603676e+00   3.8326574e+00   6.2445335e+00   1.0568175e+01   1.8407720e+01   3.2696405e+01   5.8884366e+01   1.0678248e+02   1.9408859e+02   3.5359002e+02   6.4194822e+02   1.1601122e+03   2.0701413e+03   3.6475395e+03   6.2733570e+03   1.0447202e+04   1.6788040e+04   2.5882129e+04   3.8150479e+04   5.3641387e+04   7.2110748e+04
   3.5727284e-01   3.6016375e-01   3.6517413e-01   3.7153523e-01   3.8062736e-01   3.9445730e-01   4.1304750e-01   4.3853070e-01   4.7315126e-01   5.1939767e-01   5.8076442e-01   6.6757490e-01   7.9158945e-01   9.7948999e-01   1.2720378e+00   1.7559009e+00   2.5644840e+00   3.9764910e+00   6.4639799e+00   1.0952166e+01   1.9098533e+01   3.4080032e+01   6.1659500e+01   1.1246050e+02   2.0653802e+02   3.7975194e+02   6.9662651e+02   1.2720378e+03   2.2987937e+03   4.0926066e+03   7.1121351e+03   1.1967405e+04   1.9453601e+04   3.0373861e+04   4.5394162e+04   6.4788810e+04   8.8206380e+04
   3.6099401e-01   3.6517413e-01   3.7153523e-01   3.7844258e-01   3.8859750e-01   4.0364539e-01   4.2413098e-01   4.5341930e-01   4.9317380e-01   5.4638655e-01   6.1872833e-01   7.1696838e-01   8.5802511e-01   1.0629186e+00   1.3803843e+00   1.8945235e+00   2.7478942e+00   4.2364297e+00   6.8469948e+00   1.1574440e+01   2.0206914e+01   3.6057864e+01   6.5463617e+01   1.1994993e+02   2.2130947e+02   4.0973211e+02   7.5857758e+02   1.3995873e+03   2.5527013e+03   4.5866965e+03   8.0630620e+03   1.3708818e+04   2.2516454e+04   3.5481339e+04   5.3641387e+04   7.7268059e+04   1.0653689e+05
   3.6307805e-01   3.6855304e-01   3.7583740e-01   3.8370725e-01   3.9445730e-01   4.1020410e-01   4.3301207e-01   4.6505038e-01   5.0991760e-01   5.7213695e-01   6.5614527e-01   7.7090347e-01   9.3325430e-01   1.1668096e+00   1.5222991e+00   2.0892961e+00   3.0164769e+00   4.6184899e+00   7.4216420e+00   1.2473835e+01   2.1677041e+01   3.8681205e+01   7.0226334e+01   1.2882496e+02   2.3850638e+02   4.4411966e+02   8.2603795e+02   1.5363848e+03   2.8281341e+03   5.1286138e+03   9.0991327e+03   1.5613490e+04   2.5852348e+04   4.1114972e+04   6.2661386e+04   9.1201084e+04   1.2676519e+05
   3.6391504e-01   3.6982818e-01   3.7713775e-01   3.8592241e-01   3.9719155e-01   4.1352331e-01   4.3701868e-01   4.7206304e-01   5.2119471e-01   5.9088097e-01   6.8627788e-01   8.2035154e-01   1.0115795e+00   1.2867673e+00   1.6982437e+00   2.3442288e+00   3.3884416e+00   5.1522864e+00   8.2129655e+00   1.3693044e+01   2.3604782e+01   4.1879357e+01   7.5857758e+01   1.3899526e+02   2.5763212e+02   4.8083935e+02   8.9949758e+02   1.6807379e+03   3.1188896e+03   5.7016427e+03   1.0185914e+04   1.7619760e+04   2.9444216e+04   4.7151987e+04   7.2276980e+04   1.0543869e+05   1.4706184e+05
   3.6433425e-01   3.7068072e-01   3.7800714e-01   3.8592241e-01   3.9764910e-01   4.1447658e-01   4.3903587e-01   4.7533523e-01   5.2662321e-01   6.0186626e-01   7.0876131e-01   8.6198558e-01   1.0839269e+00   1.4060475e+00   1.8945235e+00   2.6485001e+00   3.8547836e+00   5.8613816e+00   9.2896639e+00   1.5328512e+01   2.6181830e+01   4.6078677e+01   8.2889592e+01   1.5135612e+02   2.7989813e+02   5.2119471e+02   9.7611278e+02   1.8302061e+03   3.4119291e+03   6.2661386e+03   1.1271975e+04   1.9633603e+04   3.2998941e+04   5.3149600e+04   8.1752304e+04   1.1994993e+05   1.6730156e+05
   3.6475395e-01   3.7068072e-01   3.7844258e-01   3.8681205e-01   3.9856577e-01   4.1447658e-01   4.3853070e-01   4.7424199e-01   5.2662321e-01   6.0464435e-01   7.1944898e-01   8.8715601e-01   1.1389378e+00   1.5170504e+00   2.0965248e+00   2.9991625e+00   4.4463127e+00   6.8233869e+00   1.0826797e+01   1.7762333e+01   2.9991625e+01   5.2119471e+01   9.2469817e+01   1.6710906e+02   3.0619634e+02   5.6689157e+02   1.0580349e+03   1.9815270e+03   3.6940264e+03   6.8076936e+03   1.2288532e+04   2.1478305e+04   3.6224300e+04   5.8479008e+04   9.0157114e+04   1.3197753e+05   1.8386540e+05
   3.6475395e-01   3.7110773e-01   3.7887853e-01   3.8681205e-01   3.9764910e-01   4.1352331e-01   4.3752211e-01   4.7206304e-01   5.2360044e-01   6.0255959e-01   7.2027775e-01   8.9949758e-01   1.1721954e+00   1.6014006e+00   2.2698649e+00   3.3342641e+00   5.0640735e+00   7.8795243e+00   1.2589254e+01   2.0630037e+01   3.4593938e+01   5.9360835e+01   1.0399202e+02   1.8535316e+02   3.3535130e+02   6.1588553e+02   1.1402498e+03   2.1256903e+03   3.9582206e+03   7.2861817e+03   1.3152248e+04   2.2987937e+04   3.8815037e+04   6.2661386e+04   9.6605088e+04   1.4125375e+05   1.9633603e+05
   3.6517413e-01   3.7110773e-01   3.7844258e-01   3.8636698e-01   3.9764910e-01   4.1257224e-01   4.3551187e-01   4.6881338e-01   5.1939767e-01   5.9634832e-01   7.1285303e-01   8.9536477e-01   1.1789625e+00   1.6330519e+00   2.3604782e+00   3.5522212e+00   5.5207744e+00   8.7801109e+00   1.4272498e+01   2.3604782e+01   3.9627803e+01   6.7608298e+01   1.1721954e+02   2.0630037e+02   3.6812897e+02   6.6680677e+02   1.2203938e+03   2.2594358e+03   4.1734960e+03   7.6471569e+03   1.3756248e+04   2.3988329e+04   4.0411037e+04   6.5087861e+04   1.0011520e+05   1.4588143e+05   2.0183664e+05
   3.6601594e-01   3.7153523e-01   3.7887853e-01   3.8636698e-01   3.9673453e-01   4.1162335e-01   4.3351088e-01   4.6558609e-01   5.1404365e-01   5.8816611e-01   7.0064818e-01   8.8003511e-01   1.1614486e+00   1.6236784e+00   2.3795783e+00   3.6517413e+00   5.7942870e+00   9.4188960e+00   1.5613490e+01   2.6151704e+01   4.4309821e+01   7.5683290e+01   1.3031668e+02   2.2724796e+02   4.0040547e+02   7.1614341e+02   1.2956867e+03   2.3713737e+03   4.3351088e+03   7.8886012e+03   1.4076672e+04   2.4434306e+04   4.0926066e+04   6.5690112e+04   1.0057731e+05   1.4588143e+05   2.0090928e+05
   3.6685969e-01   3.7282068e-01   3.7975194e-01   3.8770375e-01   3.9764910e-01   4.1162335e-01   4.3251383e-01   4.6238102e-01   5.0815944e-01   5.7876199e-01   6.8706844e-01   8.5802511e-01   1.1310974e+00   1.5794286e+00   2.3227368e+00   3.5933540e+00   5.7809605e+00   9.5719407e+00   1.6162182e+01   2.7574015e+01   4.7424199e+01   8.1752304e+01   1.4157938e+02   2.4575366e+02   4.3003123e+02   7.6120214e+02   1.3583134e+03   2.4518845e+03   4.4258837e+03   7.9524327e+03   1.4044297e+04   2.4154608e+04   4.0225366e+04   6.4194822e+04   9.7948999e+04   1.4190575e+05   1.9453601e+05
   3.6812897e-01   3.7454155e-01   3.8150479e-01   3.8949331e-01   3.9948456e-01   4.1257224e-01   4.3201617e-01   4.6025657e-01   5.0292127e-01   5.6950822e-01   6.7142885e-01   8.3272193e-01   1.0901845e+00   1.5153048e+00   2.2258710e+00   3.4474661e+00   5.5718575e+00   9.3325430e+00   1.5995580e+01   2.7797133e+01   4.8584753e+01   8.4918048e+01   1.4825181e+02   2.5852348e+02   4.5185594e+02   7.9341426e+02   1.3995873e+03   2.4917244e+03   4.4360864e+03   7.8704579e+03   1.3724610e+04   2.3388372e+04   3.8592241e+04   6.1305579e+04   9.3003651e+04   1.3396767e+05   1.8323144e+05
   3.6855304e-01   3.7540495e-01   3.8326574e-01   3.9129113e-01   4.0132850e-01   4.1447658e-01   4.3301207e-01   4.5919801e-01   5.0003453e-01   5.6169428e-01   6.5765784e-01   8.1096106e-01   1.0531737e+00   1.4504408e+00   2.1134890e+00   3.2546178e+00   5.2420360e+00   8.7700082e+00   1.5100802e+01   2.6485001e+01   4.6935343e+01   8.3176377e+01   1.4740085e+02   2.5971677e+02   4.5603692e+02   8.0167806e+02   1.4076672e+03   2.4831331e+03   4.3601356e+03   7.6383578e+03   1.3167399e+04   2.2181964e+04   3.6266029e+04   5.7279603e+04   8.6596432e+04   1.2459482e+05   1.7021585e+05
   3.6812897e-01   3.7583740e-01   3.8414926e-01   3.9264494e-01   4.0318095e-01   4.1543205e-01   4.3401026e-01   4.5866965e-01   4.9716437e-01   5.5590426e-01   6.4639799e-01   7.8976885e-01   1.0162487e+00   1.3883533e+00   2.0021656e+00   3.0514060e+00   4.8752849e+00   8.1002794e+00   1.3915538e+01   2.4462453e+01   4.3701868e+01   7.8342964e+01   1.4076672e+02   2.5118864e+02   4.4668359e+02   7.8886012e+02   1.3851602e+03   2.4266101e+03   4.2266861e+03   7.3029781e+03   1.2430826e+04   2.0749135e+04   3.3689922e+04   5.2783721e+04   7.9432823e+04   1.1389378e+05   1.5559656e+05
   3.6812897e-01   3.7583740e-01   3.8414926e-01   3.9264494e-01   4.0318095e-01   4.1591061e-01   4.3401026e-01   4.5814189e-01   4.9488011e-01   5.5080770e-01   6.3679552e-01   7.7268059e-01   9.8627949e-01   1.3335214e+00   1.9054607e+00   2.8740876e+00   4.5446454e+00   7.4730863e+00   1.2720378e+01   2.2284351e+01   3.9719155e+01   7.1531939e+01   1.2956867e+02   2.3415315e+02   4.2121129e+02   7.5075805e+02   1.3273945e+03   2.3254125e+03   4.0271703e+03   6.9103493e+03   1.1654671e+04   1.9297453e+04   3.1081359e+04   4.8473011e+04   7.2694240e+04   1.0411181e+05   1.4206922e+05
   3.6728230e-01   3.7497300e-01   3.8326574e-01   3.9219315e-01   4.0271703e-01   4.1591061e-01   4.3351088e-01   4.5814189e-01   4.9374192e-01   5.4701596e-01   6.2950618e-01   7.5770473e-01   9.5940063e-01   1.2882496e+00   1.8197009e+00   2.7164393e+00   4.2461956e+00   6.9023980e+00   1.1627866e+01   2.0160440e+01   3.5727284e+01   6.4416927e+01   1.1721954e+02   2.1379621e+02   3.8904514e+02   7.0064818e+02   1.2488204e+03   2.1928049e+03   3.8018940e+03   6.4863443e+03   1.0889301e+04   1.7906059e+04   2.8674774e+04   4.4514346e+04   6.6450767e+04   9.4732718e+04   1.2897336e+05
   3.6812897e-01   3.7454155e-01   3.8282474e-01   3.9174188e-01   4.0225366e-01   4.1591061e-01   4.3351088e-01   4.5814189e-01   4.9317380e-01   5.4575786e-01   6.2445335e-01   7.4816950e-01   9.4080583e-01   1.2502590e+00   1.7538805e+00   2.5882129e+00   4.0040547e+00   6.4342806e+00   1.0715193e+01   1.8407720e+01   3.2359366e+01   5.8076442e+01   1.0556015e+02   1.9364220e+02   3.5440513e+02   6.4416927e+02   1.1587774e+03   2.0464446e+03   3.5604099e+03   6.0883555e+03   1.0185914e+04   1.6691678e+04   2.6637901e+04   4.1162335e+04   6.1235039e+04   8.6896043e+04   1.1803206e+05
   3.6897760e-01   3.7540495e-01   3.8326574e-01   3.9174188e-01   4.0271703e-01   4.1591061e-01   4.3451022e-01   4.5814189e-01   4.9374192e-01   5.4512990e-01   6.2230029e-01   7.4216420e-01   9.2789749e-01   1.2232071e+00   1.6982437e+00   2.4831331e+00   3.8018940e+00   6.0534087e+00   9.9884937e+00   1.6962896e+01   2.9580125e+01   5.2783721e+01   9.5719407e+01   1.7559009e+02   3.2247793e+02   5.9088097e+02   1.0690549e+03   1.9054607e+03   3.3342641e+03   5.7082108e+03   9.5609270e+03   1.5649483e+04   2.4917244e+04   3.8326574e+04   5.6754461e+04   8.0167806e+04   1.0826797e+05
   3.7110773e-01   3.7800714e-01   3.8547836e-01   3.9400343e-01   4.0457589e-01   4.1831169e-01   4.3651583e-01   4.6078677e-01   4.9545019e-01   5.4638655e-01   6.2158425e-01   7.3875426e-01   9.1727594e-01   1.2036494e+00   1.6576773e+00   2.4071325e+00   3.6517413e+00   5.7676646e+00   9.4406088e+00   1.5922087e+01   2.7605779e+01   4.8977882e+01   8.8307990e+01   1.6162182e+02   2.9716660e+02   5.4512990e+02   9.9197334e+02   1.7782794e+03   3.1296805e+03   5.3826978e+03   9.0573260e+03   1.4808123e+04   2.3550493e+04   3.6099401e+04   5.3210826e+04   7.4558987e+04   9.9884937e+04
   3.7540495e-01   3.8238425e-01   3.8994199e-01   3.9856577e-01   4.0878975e-01   4.2218228e-01   4.4055486e-01   4.6505038e-01   4.9945918e-01   5.4954087e-01   6.2373484e-01   7.3790423e-01   9.1201084e-01   1.1885022e+00   1.6292960e+00   2.3496328e+00   3.5399734e+00   5.5590426e+00   9.0364947e+00   1.5170504e+01   2.6121614e+01   4.6025657e+01   8.2698951e+01   1.5083426e+02   2.7669416e+02   5.0815944e+02   9.2682982e+02   1.6691678e+03   2.9512092e+03   5.1109308e+03   8.6297855e+03   1.4157938e+04   2.2464668e+04   3.4316264e+04   5.0234259e+04   6.9903674e+04   9.2682982e+04
   3.8370725e-01   3.8994199e-01   3.9719155e-01   4.0504195e-01   4.1543205e-01   4.2854852e-01   4.4668359e-01   4.7097733e-01   5.0582466e-01   5.5526462e-01   6.2878185e-01   7.4045727e-01   9.1096145e-01   1.1816803e+00   1.6087924e+00   2.3094045e+00   3.4673685e+00   5.4200089e+00   8.7801109e+00   1.4638615e+01   2.5118864e+01   4.4106236e+01   7.8886012e+01   1.4338377e+02   2.6242185e+02   4.8083935e+02   8.7801109e+02   1.5867189e+03   2.8183829e+03   4.9034302e+03   8.3080672e+03   1.3645831e+04   2.1602300e+04   3.2885163e+04   4.7807937e+04   6.5765784e+04   8.6099375e+04
   3.9673453e-01   4.0225366e-01   4.0878975e-01   4.1638972e-01   4.2608868e-01   4.3903587e-01   4.5708819e-01   4.8139325e-01   5.1582217e-01   5.6493697e-01   6.3899874e-01   7.4903136e-01   9.1727594e-01   1.1830416e+00   1.6032454e+00   2.2935066e+00   3.4316264e+00   5.3456436e+00   8.6397266e+00   1.4371431e+01   2.4547089e+01   4.2904219e+01   7.6471569e+01   1.3835664e+02   2.5234808e+02   4.6238102e+02   8.4430624e+02   1.5258084e+03   2.7164393e+03   4.7478829e+03   8.0630620e+03   1.3243415e+04   2.0941125e+04   3.1659205e+04   4.5656225e+04   6.2230029e+04   8.0352612e+04
   4.1638972e-01   4.2121129e-01   4.2756289e-01   4.3451022e-01   4.4309821e-01   4.5551219e-01   4.7315126e-01   4.9659232e-01   5.3088444e-01   5.8076442e-01   6.5388293e-01   7.6383578e-01   9.3110788e-01   1.1967405e+00   1.6162182e+00   2.3094045e+00   3.4474661e+00   5.3703180e+00   8.6496792e+00   1.4338377e+01   2.4434306e+01   4.2559841e+01   7.5509223e+01   1.3598782e+02   2.4717241e+02   4.5081670e+02   8.2224265e+02   1.4859356e+03   2.6485001e+03   4.6344692e+03   7.8795243e+03   1.2927067e+04   2.0346982e+04   3.0549211e+04   4.3601356e+04   5.8546374e+04   7.4558987e+04
   4.4309821e-01   4.4719815e-01   4.5341930e-01   4.5972699e-01   4.6827395e-01   4.8028608e-01   4.9716437e-01   5.2059501e-01   5.5462571e-01   6.0464435e-01   6.7764151e-01   7.8795243e-01   9.5829672e-01   1.2246162e+00   1.6500610e+00   2.3469293e+00   3.4954251e+00   5.4325033e+00   8.7397699e+00   1.4454398e+01   2.4575366e+01   4.2657952e+01   7.5422340e+01   1.3536301e+02   2.4518845e+02   4.4565625e+02   8.0909590e+02   1.4604947e+03   2.6001596e+03   4.5498806e+03   7.7357068e+03   1.2647363e+04   1.9746949e+04   2.9376497e+04   4.1399967e+04   5.5017392e+04   6.8865230e+04
   4.7918145e-01   4.8361526e-01   4.8921527e-01   4.9602093e-01   5.0408062e-01   5.1582217e-01   5.3210826e-01   5.5590426e-01   5.9088097e-01   6.4047178e-01   7.1449633e-01   8.2698951e-01   9.9770006e-01   1.2676519e+00   1.6943378e+00   2.3960727e+00   3.5522212e+00   5.5017392e+00   8.8409717e+00   1.4604947e+01   2.4774221e+01   4.2953643e+01   7.5857758e+01   1.3567505e+02   2.4490632e+02   4.4411966e+02   8.0445175e+02   1.4487719e+03   2.5733568e+03   4.4926232e+03   7.6032628e+03   1.2331048e+04   1.9098533e+04   2.8054336e+04   3.8994199e+04   5.0991760e+04   6.3023135e+04
   5.2179510e-01   5.2722986e-01   5.3394927e-01   5.4137725e-01   5.5017392e-01   5.6298912e-01   5.8076442e-01   6.0464435e-01   6.3973484e-01   6.9103493e-01   7.6824546e-01   8.8307990e-01   1.0592537e+00   1.3350576e+00   1.7680722e+00   2.4802759e+00   3.6475395e+00   5.6169428e+00   8.9742879e+00   1.4825181e+01   2.5147800e+01   4.3551187e+01   7.6736149e+01   1.3693044e+02   2.4632018e+02   4.4514346e+02   8.0445175e+02   1.4421154e+03   2.5527013e+03   4.4309821e+03   7.4387506e+03   1.1939881e+04   1.8259967e+04   2.6454527e+04   3.6266029e+04   4.6827395e+04   5.7082108e+04
   5.6885293e-01   5.7876199e-01   5.8884366e-01   5.9841160e-01   6.1094202e-01   6.2589286e-01   6.4639799e-01   6.7297666e-01   7.1121351e-01   7.6647854e-01   8.4820338e-01   9.6939327e-01   1.1534533e+00   1.4387986e+00   1.8836491e+00   2.6091557e+00   3.7931498e+00   5.7876199e+00   9.2044957e+00   1.5153048e+01   2.5615333e+01   4.4309821e+01   7.7983011e+01   1.3867558e+02   2.4888573e+02   4.4822905e+02   8.0445175e+02   1.4354894e+03   2.5234808e+03   4.3351088e+03   7.2027775e+03   1.1402498e+04   1.7198873e+04   2.4518845e+04   3.3113112e+04   4.2218228e+04   5.0874482e+04
   6.1588553e-01   6.3023135e-01   6.4565423e-01   6.6145454e-01   6.7842212e-01   6.9823240e-01   7.2360240e-01   7.5596206e-01   7.9983426e-01   8.6198558e-01   9.5279616e-01   1.0851755e+00   1.2808551e+00   1.5812480e+00   2.0464446e+00   2.7925438e+00   4.0040547e+00   6.0464435e+00   9.5389374e+00   1.5613490e+01   2.6332979e+01   4.5394162e+01   7.9524327e+01   1.4092888e+02   2.5176769e+02   4.5081670e+02   8.0537844e+02   1.4256076e+03   2.4802759e+03   4.2024253e+03   6.8785991e+03   1.0727536e+04   1.5903767e+04   2.2335722e+04   2.9750893e+04   3.7454155e+04   4.4771330e+04
   6.5237904e-01   6.7452803e-01   6.9662651e-01   7.2027775e-01   7.4644876e-01   7.7446180e-01   8.0909590e-01   8.5113804e-01   9.0677596e-01   9.8174794e-01   1.0851755e+00   1.2359474e+00   1.4537844e+00   1.7803279e+00   2.2777182e+00   3.0654907e+00   4.3401026e+00   6.4639799e+00   1.0057731e+01   1.6330519e+01   2.7321214e+01   4.6773514e+01   8.1470428e+01   1.4371431e+02   2.5527013e+02   4.5394162e+02   8.0352612e+02   1.4060475e+03   2.4126815e+03   4.0179081e+03   6.4491132e+03   9.8741564e+03   1.4387986e+04   1.9906733e+04   2.6181830e+04   3.2734069e+04   3.8904514e+04
   6.7608298e-01   7.0469307e-01   7.3536000e-01   7.6824546e-01   8.0352612e-01   8.4430624e-01   8.9125094e-01   9.4732718e-01   1.0185914e+00   1.1104525e+00   1.2373712e+00   1.4125375e+00   1.6614987e+00   2.0253496e+00   2.5733568e+00   3.4197944e+00   4.7697981e+00   7.0064818e+00   1.0764652e+01   1.7258379e+01   2.8608824e+01   4.8528850e+01   8.3945999e+01   1.4689263e+02   2.5882129e+02   4.5603692e+02   7.9707649e+02   1.3740420e+03   2.3147282e+03   3.7800714e+03   5.9360835e+03   8.9022544e+03   1.2764388e+04   1.7398027e+04   2.2646443e+04   2.8151400e+04   3.3419504e+04
   6.7764151e-01   7.1203280e-01   7.5162289e-01   7.9341426e-01   8.3945999e-01   8.9227762e-01   9.5499259e-01   1.0268334e+00   1.1194379e+00   1.2359474e+00   1.3915538e+00   1.6014006e+00   1.8967059e+00   2.3173946e+00   2.9342695e+00   3.8725764e+00   5.3394927e+00   7.7268059e+00   1.1681537e+01   1.8471408e+01   3.0234306e+01   5.0699071e+01   8.6896043e+01   1.5048735e+02   2.6242185e+02   4.5603692e+02   7.8433212e+02   1.3258671e+03   2.1852443e+03   3.4793651e+03   5.3456436e+03   7.8614019e+03   1.1078986e+04   1.4945140e+04   1.9319683e+04   2.3988329e+04   2.8510183e+04
   6.6145454e-01   7.0145530e-01   7.4644876e-01   7.9524327e-01   8.5211851e-01   9.1622049e-01   9.9197334e-01   1.0826797e+00   1.1967405e+00   1.3396767e+00   1.5310875e+00   1.7844320e+00   2.1355021e+00   2.6211990e+00   3.3304276e+00   4.3752211e+00   5.9772304e+00   8.5408285e+00   1.2705741e+01   1.9815270e+01   3.1952144e+01   5.2966344e+01   8.9742879e+01   1.5381546e+02   2.6454527e+02   4.5237646e+02   7.6383578e+02   1.2632811e+03   2.0300185e+03   3.1550046e+03   4.7369631e+03   6.8312472e+03   9.4841846e+03   1.2661933e+04   1.6311729e+04   2.0206914e+04   2.4126815e+04
   6.3023135e-01   6.7220231e-01   7.2027775e-01   7.7357068e-01   8.3560302e-01   9.0677596e-01   9.9426007e-01   1.0990058e+00   1.2316860e+00   1.4011996e+00   1.6236784e+00   1.9208790e+00   2.3280913e+00   2.8940098e+00   3.6940264e+00   4.8584753e+00   6.6069345e+00   9.3432937e+00   1.3740420e+01   2.1086281e+01   3.3535130e+01   5.4954087e+01   9.1833260e+01   1.5559656e+02   2.6393683e+02   4.4309821e+02   7.3366871e+02   1.1830416e+03   1.8556668e+03   2.8151400e+03   4.1257224e+03   5.8479008e+03   8.0167806e+03   1.0629186e+04   1.3661551e+04   1.6982437e+04   2.0393887e+04
   5.8884366e-01   6.3095734e-01   6.7920363e-01   7.3366871e-01   7.9799469e-01   8.7397699e-01   9.6605088e-01   1.0814340e+00   1.2246162e+00   1.4141647e+00   1.6614987e+00   1.9998619e+00   2.4575366e+00   3.0902954e+00   3.9856577e+00   5.2601727e+00   7.1696838e+00   1.0080916e+01   1.4672361e+01   2.2258710e+01   3.4914032e+01   5.6428694e+01   9.3110788e+01   1.5541753e+02   2.5941794e+02   4.2854852e+02   6.9422460e+02   1.0939564e+03   1.6730156e+03   2.4774221e+03   3.5563132e+03   4.9659232e+03   6.7297666e+03   8.8817798e+03   1.1402498e+04   1.4206922e+04   1.7198873e+04
   5.4262525e-01   5.8210322e-01   6.2805836e-01   6.7998605e-01   7.4301914e-01   8.1940762e-01   9.1201084e-01   1.0280163e+00   1.1776060e+00   1.3724610e+00   1.6368165e+00   1.9929665e+00   2.4831331e+00   3.1659205e+00   4.1257224e+00   5.4954087e+00   7.5162289e+00   1.0556015e+01   1.5310875e+01   2.3040930e+01   3.5686175e+01   5.7016427e+01   9.2789749e+01   1.5275661e+02   2.5118864e+02   4.0691153e+02   6.4714262e+02   9.9770006e+02   1.4927944e+03   2.1627185e+03   3.0478950e+03   4.1927600e+03   5.6363766e+03   7.4045727e+03   9.5060479e+03   1.1912420e+04   1.4521116e+04
   4.9716437e-01   5.3210826e-01   5.7411646e-01   6.2301715e-01   6.8076936e-01   7.5248873e-01   8.4139514e-01   9.5279616e-01   1.0990058e+00   1.2927067e+00   1.5523870e+00   1.9142559e+00   2.4126815e+00   3.1188896e+00   4.1209752e+00   5.5526462e+00   7.6471569e+00   1.0789467e+01   1.5649483e+01   2.3415315e+01   3.5974934e+01   5.6754461e+01   9.1201084e+01   1.4808123e+02   2.3960727e+02   3.8194427e+02   5.9634832e+02   8.9949758e+02   1.3182567e+03   1.8749945e+03   2.5971677e+03   3.5318317e+03   4.7097733e+03   6.1801640e+03   7.9432823e+03   9.9770006e+03   1.2274392e+04
   4.5603692e-01   4.8640721e-01   5.2239619e-01   5.6558776e-01   6.1872833e-01   6.8312472e-01   7.6383578e-01   8.6696188e-01   1.0011520e+00   1.1816803e+00   1.4256076e+00   1.7701090e+00   2.2542392e+00   2.9444216e+00   3.9445730e+00   5.3951062e+00   7.5335556e+00   1.0727536e+01   1.5613490e+01   2.3334581e+01   3.5604099e+01   5.5654463e+01   8.8307990e+01   1.4141647e+02   2.2542392e+02   3.5359002e+02   5.4262525e+02   8.0445175e+02   1.1587774e+03   1.6199440e+03   2.2130947e+03   2.9819475e+03   3.9536662e+03   5.1701126e+03   6.6527316e+03   8.4042701e+03   1.0399202e+04
   4.2024253e-01   4.4514346e-01   4.7533523e-01   5.1286138e-01   5.5847019e-01   6.1517687e-01   6.8627788e-01   7.7803655e-01   8.9742879e-01   1.0580349e+00   1.2793813e+00   1.5940429e+00   2.0417379e+00   2.6977394e+00   3.6601594e+00   5.0815944e+00   7.2027775e+00   1.0387236e+01   1.5240528e+01   2.2803421e+01   3.4753616e+01   5.3888985e+01   8.4527885e+01   1.3365955e+02   2.1013578e+02   3.2471324e+02   4.9034302e+02   7.1531939e+02   1.0139114e+03   1.3979769e+03   1.8901662e+03   2.5234808e+03   3.3304276e+03   4.3501076e+03   5.6040242e+03   7.0957777e+03   8.8409717e+03
   3.9039118e-01   4.0973211e-01   4.3501076e-01   4.6558609e-01   5.0466130e-01   5.5271341e-01   6.1446903e-01   6.9262793e-01   7.9707649e-01   9.3648322e-01   1.1324004e+00   1.4109122e+00   1.8134267e+00   2.4154608e+00   3.3151257e+00   4.6665938e+00   6.7065629e+00   9.7948999e+00   1.4537844e+01   2.1852443e+01   3.3304276e+01   5.1345218e+01   7.9891394e+01   1.2502590e+02   1.9431217e+02   2.9614200e+02   4.4157045e+02   6.3533093e+02   8.8715601e+02   1.2092052e+03   1.6180800e+03   2.1453591e+03   2.8216296e+03   3.6770539e+03   4.7424199e+03   6.0255959e+03   7.5422340e+03
   3.6728230e-01   3.8194427e-01   4.0132850e-01   4.2608868e-01   4.5761473e-01   4.9831046e-01   5.5080770e-01   6.1730529e-01   7.0631755e-01   8.2698951e-01   9.9311605e-01   1.2373712e+00   1.5903767e+00   2.1305906e+00   2.9444216e+00   4.1975898e+00   6.1235039e+00   9.0677596e+00   1.3614447e+01   2.0630037e+01   3.1477483e+01   4.8528850e+01   7.4989421e+01   1.1627866e+02   1.7864876e+02   2.6946353e+02   3.9582206e+02   5.6234133e+02   7.7714132e+02   1.0471285e+03   1.3899526e+03   1.8323144e+03   2.3988329e+03   3.1296805e+03   4.0411037e+03   5.1345218e+03   6.4491132e+03
   3.5075187e-01   3.6224300e-01   3.7713775e-01   3.9627803e-01   4.2218228e-01   4.5446454e-01   4.9831046e-01   5.5462571e-01   6.2950618e-01   7.3198132e-01   8.7599172e-01   1.0851755e+00   1.3947617e+00   1.8685297e+00   2.5971677e+00   3.7368013e+00   5.5144220e+00   8.2794216e+00   1.2574769e+01   1.9230917e+01   2.9478135e+01   4.5446454e+01   7.0064818e+01   1.0789467e+02   1.6424797e+02   2.4490632e+02   3.5563132e+02   4.9888449e+02   6.8312472e+02   9.1096145e+02   1.1994993e+03   1.5757960e+03   2.0558906e+03   2.6760856e+03   3.4593938e+03   4.4055486e+03   5.5462571e+03
   3.3962527e-01   3.4753616e-01   3.5892193e-01   3.7368013e-01   3.9355008e-01   4.1975898e-01   4.5498806e-01   5.0176458e-01   5.6558776e-01   6.5162839e-01   7.7535394e-01   9.5499259e-01   1.2217997e+00   1.6349332e+00   2.2777182e+00   3.2998941e+00   4.9147338e+00   7.4730863e+00   1.1508004e+01   1.7762333e+01   2.7478942e+01   4.2461956e+01   6.5313055e+01   1.0000000e+02   1.5083426e+02   2.2233099e+02   3.1988951e+02   4.4360864e+02   6.0117374e+02   7.9615935e+02   1.0411181e+03   1.3614447e+03   1.7741895e+03   2.3067472e+03   2.9819475e+03   3.7975194e+03   4.7918145e+03
   3.3189446e-01   3.3806484e-01   3.4593938e-01   3.5645113e-01   3.7153523e-01   3.9264494e-01   4.2072663e-01   4.5972699e-01   5.1286138e-01   5.8681337e-01   6.9183097e-01   8.4527885e-01   1.0752266e+00   1.4371431e+00   2.0021656e+00   2.9107171e+00   4.3802611e+00   6.7297666e+00   1.0483348e+01   1.6368165e+01   2.5527013e+01   3.9582206e+01   6.0883555e+01   9.2682982e+01   1.3883533e+02   2.0253496e+02   2.8807130e+02   3.9627803e+02   5.3149600e+02   6.9903674e+02   9.0886630e+02   1.1844044e+03   1.5399265e+03   1.9998619e+03   2.5852348e+03   3.2960971e+03   4.1591061e+03
   3.2734069e-01   3.3113112e-01   3.3728731e-01   3.4514374e-01   3.5563132e-01   3.7153523e-01   3.9400343e-01   4.2559841e-01   4.6935343e-01   5.3149600e-01   6.2158425e-01   7.5335556e-01   9.5169985e-01   1.2647363e+00   1.7599487e+00   2.5733568e+00   3.8904514e+00   6.0464435e+00   9.5389374e+00   1.5048735e+01   2.3659197e+01   3.6855304e+01   5.6689157e+01   8.6000307e+01   1.2779092e+02   1.8492686e+02   2.6031548e+02   3.5481339e+02   4.7260684e+02   6.1730529e+02   7.9891394e+02   1.0375284e+03   1.3443118e+03   1.7478333e+03   2.2542392e+03   2.8773984e+03   3.6307805e+03
   3.2508730e-01   3.2734069e-01   3.3151257e-01   3.3651157e-01   3.4434993e-01   3.5645113e-01   3.7325016e-01   3.9810717e-01   4.3401026e-01   4.8528850e-01   5.6104798e-01   6.7297666e-01   8.4527885e-01   1.1168632e+00   1.5541753e+00   2.2777182e+00   3.4673685e+00   5.4450265e+00   8.6896043e+00   1.3867558e+01   2.2003917e+01   3.4395371e+01   5.2905400e+01   7.9891394e+01   1.1789625e+02   1.6943378e+02   2.3631974e+02   3.1915379e+02   4.2169650e+02   5.4827696e+02   7.0631755e+02   9.1411324e+02   1.1830416e+03   1.5363848e+03   1.9815270e+03   2.5263877e+03   3.1915379e+03
   3.2359366e-01   3.2508730e-01   3.2809529e-01   3.3113112e-01   3.3689922e-01   3.4514374e-01   3.5809644e-01   3.7757219e-01   4.0550854e-01   4.4719815e-01   5.1050500e-01   6.0534087e-01   7.5248873e-01   9.9083194e-01   1.3740420e+00   2.0183664e+00   3.0938553e+00   4.9090788e+00   7.9250133e+00   1.2764388e+01   2.0440899e+01   3.2099628e+01   4.9488011e+01   7.4387506e+01   1.0914403e+02   1.5541753e+02   2.1527817e+02   2.8840315e+02   3.7844258e+02   4.8921527e+02   6.2878185e+02   8.1096106e+02   1.0471285e+03   1.3567505e+03   1.7518624e+03   2.2335722e+03   2.8216296e+03
   3.2284941e-01   3.2359366e-01   3.2583670e-01   3.2809529e-01   3.3189446e-01   3.3806484e-01   3.4833732e-01   3.6224300e-01   3.8459178e-01   4.1783037e-01   4.6935343e-01   5.4890856e-01   6.7375190e-01   8.8003511e-01   1.2161860e+00   1.7906059e+00   2.7605779e+00   4.4258837e+00   7.2193816e+00   1.1762510e+01   1.8988908e+01   2.9957116e+01   4.6238102e+01   6.9342581e+01   1.0115795e+02   1.4321879e+02   1.9678863e+02   2.6181830e+02   3.4158595e+02   4.3954162e+02   5.6234133e+02   7.2360240e+02   9.3325430e+02   1.2078138e+03   1.5559656e+03   1.9860949e+03   2.5118864e+03
   3.2210688e-01   3.2284941e-01   3.2433962e-01   3.2658783e-01   3.2960971e-01   3.3381051e-01   3.4119291e-01   3.5156044e-01   3.6855304e-01   3.9445730e-01   4.3601356e-01   5.0234259e-01   6.0813500e-01   7.8433212e-01   1.0777053e+00   1.5848932e+00   2.4575366e+00   3.9673453e+00   6.5463617e+00   1.0777053e+01   1.7579236e+01   2.7925438e+01   4.3201617e+01   6.4788810e+01   9.4188960e+01   1.3228177e+02   1.8071741e+02   2.3878113e+02   3.0974193e+02   3.9764910e+02   5.0699071e+02   6.5087861e+02   8.3656560e+02   1.0801896e+03   1.3899526e+03   1.7741895e+03   2.2516454e+03
   3.2136605e-01   3.2247793e-01   3.2359366e-01   3.2546178e-01   3.2809529e-01   3.3113112e-01   3.3689922e-01   3.4474661e-01   3.5768440e-01   3.7800714e-01   4.1114972e-01   4.6505038e-01   5.5271341e-01   7.0307232e-01   9.5279616e-01   1.3947617e+00   2.1627185e+00   3.5196542e+00   5.8748935e+00   9.8061831e+00   1.6180800e+01   2.5941794e+01   4.0364539e+01   6.0603820e+01   8.7801109e+01   1.2288532e+02   1.6672472e+02   2.1928049e+02   2.8313920e+02   3.6182619e+02   4.6025657e+02   5.8952198e+02   7.5509223e+02   9.7274722e+02   1.2531412e+03   1.5995580e+03   2.0346982e+03
   3.2136605e-01   3.2210688e-01   3.2359366e-01   3.2508730e-01   3.2734069e-01   3.2998941e-01   3.3458002e-01   3.4040819e-01   3.5034829e-01   3.6643757e-01   3.9219315e-01   4.3601356e-01   5.0815944e-01   6.3386971e-01   8.4625257e-01   1.2260269e+00   1.8945235e+00   3.0974193e+00   5.2239619e+00   8.8307990e+00   1.4791084e+01   2.3988329e+01   3.7627035e+01   5.6623929e+01   8.2035154e+01   1.1441949e+02   1.5434764e+02   2.0230192e+02   2.6031548e+02   3.3189446e+02   4.2072663e+02   5.3703180e+02   6.8706844e+02   8.8307990e+02   1.1337048e+03   1.4521116e+03   1.8556668e+03
   3.2062693e-01   3.2210688e-01   3.2322132e-01   3.2471324e-01   3.2658783e-01   3.2923045e-01   3.3304276e-01   3.3767585e-01   3.4633788e-01   3.5809644e-01   3.7975194e-01   4.1447658e-01   4.7369631e-01   5.7743087e-01   7.5596206e-01   1.0789467e+00   1.6519618e+00   2.7070732e+00   4.5972699e+00   7.8886012e+00   1.3443118e+01   2.2080047e+01   3.4954251e+01   5.2844525e+01   7.6736149e+01   1.0678248e+02   1.4371431e+02   1.8793168e+02   2.4071325e+02   3.0584402e+02   3.8681205e+02   4.9260634e+02   6.2733570e+02   8.0445175e+02   1.0315731e+03   1.3243415e+03   1.6962896e+03
   3.2062693e-01   3.2136605e-01   3.2284941e-01   3.2433962e-01   3.2658783e-01   3.2885163e-01   3.3189446e-01   3.3612437e-01   3.4316264e-01   3.5318317e-01   3.7110773e-01   3.9856577e-01   4.4771330e-01   5.3333490e-01   6.8155357e-01   9.5389374e-01   1.4437766e+00   2.3577622e+00   4.0271703e+00   6.9984200e+00   1.2119927e+01   2.0160440e+01   3.2359366e+01   4.9260634e+01   7.1696838e+01   9.9770006e+01   1.3396767e+02   1.7498467e+02   2.2361452e+02   2.8346536e+02   3.5809644e+02   4.5394162e+02   5.7743087e+02   7.3705518e+02   9.4514839e+02   1.2119927e+03   1.5595525e+03
   3.2062693e-01   3.2136605e-01   3.2284941e-01   3.2433962e-01   3.2583670e-01   3.2809529e-01   3.3151257e-01   3.3535130e-01   3.4158595e-01   3.5075187e-01   3.6559479e-01   3.8904514e-01   4.3003123e-01   5.0118723e-01   6.2517269e-01   8.5605171e-01   1.2705741e+00   2.0582589e+00   3.5156044e+00   6.1730529e+00   1.0826797e+01   1.8302061e+01   2.9716660e+01   4.5656225e+01   6.6834392e+01   9.3110788e+01   1.2516993e+02   1.6330519e+02   2.0868921e+02   2.6393683e+02   3.3265955e+02   4.2072663e+02   5.3394927e+02   6.7920363e+02   8.6796058e+02   1.1130124e+03   1.4338377e+03
   3.2062693e-01   3.2136605e-01   3.2210688e-01   3.2359366e-01   3.2583670e-01   3.2809529e-01   3.3113112e-01   3.3496544e-01   3.4080032e-01   3.4914032e-01   3.6266029e-01   3.8238425e-01   4.1783037e-01   4.7807937e-01   5.8344510e-01   7.7893281e-01   1.1310974e+00   1.8092559e+00   3.0725574e+00   5.4262525e+00   9.6272001e+00   1.6500610e+01   2.7227013e+01   4.2169650e+01   6.2158425e+01   8.6896043e+01   1.1694994e+02   1.5258084e+02   1.9498446e+02   2.4688801e+02   3.1081359e+02   3.9219315e+02   4.9545019e+02   6.2878185e+02   8.0167806e+02   1.0256519e+03   1.3212956e+03
   3.2062693e-01   3.2136605e-01   3.2210688e-01   3.2359366e-01   3.2508730e-01   3.2771778e-01   3.3075011e-01   3.3458002e-01   3.4040819e-01   3.4833732e-01   3.6016375e-01   3.7844258e-01   4.0973211e-01   4.6078677e-01   5.5144220e-01   7.1944898e-01   1.0221156e+00   1.6069413e+00   2.7008471e+00   4.7697981e+00   8.5310011e+00   1.4808123e+01   2.4717241e+01   3.8725764e+01   5.7543994e+01   8.0909590e+01   1.0914403e+02   1.4272498e+02   1.8259967e+02   2.3094045e+02   2.9073680e+02   3.6601594e+02   4.6131757e+02   5.8411721e+02   7.4216420e+02   9.5060479e+02   1.2232071e+03
   3.2062693e-01   3.2136605e-01   3.2210688e-01   3.2359366e-01   3.2508730e-01   3.2734069e-01   3.3036954e-01   3.3458002e-01   3.4001651e-01   3.4753616e-01   3.5892193e-01   3.7540495e-01   4.0364539e-01   4.4926232e-01   5.2905400e-01   6.7530505e-01   9.3648322e-01   1.4454398e+00   2.3933158e+00   4.2121129e+00   7.5422340e+00   1.3212956e+01   2.2361452e+01   3.5399734e+01   5.3149600e+01   7.5162289e+01   1.0185914e+02   1.3350576e+02   1.7100153e+02   2.1677041e+02   2.7289778e+02   3.4316264e+02   4.3201617e+02   5.4512990e+02   6.9183097e+02   8.8409717e+02   1.1389378e+03
   3.2062693e-01   3.2136605e-01   3.2210688e-01   3.2322132e-01   3.2471324e-01   3.2696405e-01   3.2998941e-01   3.3381051e-01   3.3923449e-01   3.4673685e-01   3.5768440e-01   3.7325016e-01   3.9994475e-01   4.4106236e-01   5.1286138e-01   6.4268772e-01   8.7297137e-01   1.3167399e+00   2.1428906e+00   3.7368013e+00   6.6757490e+00   1.1789625e+01   2.0137242e+01   3.2247793e+01   4.8809010e+01   6.9662651e+01   9.4841846e+01   1.2488204e+02   1.6032454e+02   2.0370421e+02   2.5644840e+02   3.2210688e+02   4.0550854e+02   5.1168184e+02   6.4863443e+02   8.2794216e+02   1.0653689e+03
   3.2062693e-01   3.2136605e-01   3.2210688e-01   3.2284941e-01   3.2433962e-01   3.2658783e-01   3.2923045e-01   3.3304276e-01   3.3845427e-01   3.4593938e-01   3.5686175e-01   3.7239171e-01   3.9719155e-01   4.3551187e-01   5.0118723e-01   6.1872833e-01   8.2413812e-01   1.2161860e+00   1.9408859e+00   3.3419504e+00   5.9360835e+00   1.0507515e+01   1.8113401e+01   2.9308932e+01   4.4822905e+01   6.4416927e+01   8.8206380e+01   1.1668096e+02   1.5048735e+02   1.9142559e+02   2.4154608e+02   3.0408850e+02   3.8194427e+02   4.8139325e+02   6.0953690e+02   7.7893281e+02   1.0034598e+03
   3.2062693e-01   3.2136605e-01   3.2210688e-01   3.2284941e-01   3.2433962e-01   3.2621205e-01   3.2923045e-01   3.3265955e-01   3.3806484e-01   3.4514374e-01   3.5563132e-01   3.7068072e-01   3.9491170e-01   4.3102256e-01   4.9260634e-01   6.0048201e-01   7.8704579e-01   1.1389378e+00   1.7823788e+00   3.0234306e+00   5.3210826e+00   9.4080583e+00   1.6292960e+01   2.6576635e+01   4.1067664e+01   5.9497676e+01   8.2224265e+01   1.0939564e+02   1.4141647e+02   1.8071741e+02   2.2829689e+02   2.8707806e+02   3.6099401e+02   4.5394162e+02   5.7411646e+02   7.3282453e+02   9.4297461e+02
   3.2062693e-01   3.2136605e-01   3.2210688e-01   3.2322132e-01   3.2433962e-01   3.2658783e-01   3.2885163e-01   3.3265955e-01   3.3767585e-01   3.4474661e-01   3.5481339e-01   3.6982818e-01   3.9309724e-01   4.2805542e-01   4.8584753e-01   5.8613816e-01   7.5857758e-01   1.0789467e+00   1.6576773e+00   2.7701290e+00   4.8194780e+00   8.4918048e+00   1.4740085e+01   2.4210290e+01   3.7713775e+01   5.5144220e+01   7.6736149e+01   1.0256519e+02   1.3350576e+02   1.7080477e+02   2.1652099e+02   2.7227013e+02   3.4197944e+02   4.2904219e+02   5.4075432e+02   6.8865230e+02   8.8511561e+02
   3.2136605e-01   3.2173625e-01   3.2284941e-01   3.2359366e-01   3.2508730e-01   3.2658783e-01   3.2923045e-01   3.3265955e-01   3.3767585e-01   3.4474661e-01   3.5481339e-01   3.6855304e-01   3.9129113e-01   4.2510871e-01   4.8083935e-01   5.7543994e-01   7.3620710e-01   1.0327614e+00   1.5649483e+00   2.5763212e+00   4.4309821e+00   7.7714132e+00   1.3474107e+01   2.2207517e+01   3.4833732e+01   5.1286138e+01   7.1862116e+01   9.6605088e+01   1.2632811e+02   1.6255488e+02   2.0606299e+02   2.5911944e+02   3.2433962e+02   4.0504195e+02   5.0874482e+02   6.4714262e+02   8.2985077e+02
   3.2136605e-01   3.2210688e-01   3.2322132e-01   3.2433962e-01   3.2583670e-01   3.2734069e-01   3.2998941e-01   3.3342641e-01   3.3845427e-01   3.4474661e-01   3.5481339e-01   3.6855304e-01   3.9039118e-01   4.2266861e-01   4.7752927e-01   5.6754461e-01   7.2027775e-01   9.9770006e-01   1.4927944e+00   2.4238180e+00   4.1257224e+00   7.1862116e+00   1.2416523e+01   2.0511622e+01   3.2396642e+01   4.7918145e+01   6.7530505e+01   9.1411324e+01   1.2008811e+02   1.5506008e+02   1.9678863e+02   2.4688801e+02   3.0831880e+02   3.8282474e+02   4.7807937e+02   6.0534087e+02   7.7535394e+02
   3.2210688e-01   3.2284941e-01   3.2433962e-01   3.2546178e-01   3.2696405e-01   3.2885163e-01   3.3151257e-01   3.3458002e-01   3.3923449e-01   3.4593938e-01   3.5563132e-01   3.6855304e-01   3.8994199e-01   4.2169650e-01   4.7424199e-01   5.6169428e-01   7.0876131e-01   9.7498964e-01   1.4421154e+00   2.3173946e+00   3.9039118e+00   6.7452803e+00   1.1587774e+01   1.9142559e+01   3.0269134e+01   4.5029798e+01   6.3899874e+01   8.6996143e+01   1.1481536e+02   1.4859356e+02   1.8858190e+02   2.3631974e+02   2.9308932e+02   3.6224300e+02   4.4977985e+02   5.6819839e+02   7.2777980e+02
   3.2284941e-01   3.2359366e-01   3.2508730e-01   3.2658783e-01   3.2809529e-01   3.3036954e-01   3.3304276e-01   3.3651157e-01   3.4119291e-01   3.4753616e-01   3.5645113e-01   3.6940264e-01   3.8994199e-01   4.2121129e-01   4.7260684e-01   5.5782760e-01   7.0145530e-01   9.5609270e-01   1.4028137e+00   2.2310022e+00   3.7196322e+00   6.3679552e+00   1.0901845e+01   1.7968011e+01   2.8477378e+01   4.2559841e+01   6.0743526e+01   8.3176377e+01   1.1002718e+02   1.4272498e+02   1.8113401e+02   2.2594358e+02   2.7925438e+02   3.4276779e+02   4.2364297e+02   5.3456436e+02   6.8548823e+02
   3.2210688e-01   3.2433962e-01   3.2583670e-01   3.2809529e-01   3.3075011e-01   3.3342641e-01   3.3728731e-01   3.4119291e-01   3.4633788e-01   3.5277679e-01   3.6182619e-01   3.7411059e-01   3.9355008e-01   4.2266861e-01   4.7097733e-01   5.5207744e-01   6.8627788e-01   9.2363419e-01   1.3304544e+00   2.0725261e+00   3.3845427e+00   5.7082108e+00   9.6605088e+00   1.5922087e+01   2.5380490e+01   3.8326574e+01   5.5398754e+01   7.6647854e+01   1.0232930e+02   1.3258671e+02   1.6749429e+02   2.0701413e+02   2.5322116e+02   3.0796403e+02   3.7757219e+02   4.7315126e+02   6.0813500e+02
   3.2136605e-01   3.2359366e-01   3.2583670e-01   3.2809529e-01   3.3189446e-01   3.3535130e-01   3.3962527e-01   3.4474661e-01   3.5115592e-01   3.5850895e-01   3.6770539e-01   3.8018940e-01   3.9948456e-01   4.2805542e-01   4.7478829e-01   5.5207744e-01   6.7920363e-01   9.0053376e-01   1.2749701e+00   1.9453601e+00   3.1188896e+00   5.1760683e+00   8.6796058e+00   1.4305400e+01   2.2882317e+01   3.4833732e+01   5.0874482e+01   7.0876131e+01   9.4951100e+01   1.2232071e+02   1.5310875e+02   1.8728371e+02   2.2646443e+02   2.7321214e+02   3.3304276e+02   4.1975898e+02   5.4262525e+02
   3.1988951e-01   3.2099628e-01   3.2284941e-01   3.2546178e-01   3.2885163e-01   3.3265955e-01   3.3806484e-01   3.4434993e-01   3.5237087e-01   3.6224300e-01   3.7454155e-01   3.8904514e-01   4.1067664e-01   4.4004795e-01   4.8696753e-01   5.6104798e-01   6.8076936e-01   8.8613522e-01   1.2288532e+00   1.8365383e+00   2.8940098e+00   4.7478829e+00   7.9067863e+00   1.3001696e+01   2.0892961e+01   3.1988951e+01   4.6881338e+01   6.5313055e+01   8.6996143e+01   1.1091748e+02   1.3677288e+02   1.6462660e+02   1.9633603e+02   2.3415315e+02   2.8510183e+02   3.6266029e+02   4.7478829e+02
   3.1805337e-01   3.1878656e-01   3.1988951e-01   3.2210688e-01   3.2433962e-01   3.2885163e-01   3.3419504e-01   3.4119291e-01   3.5034829e-01   3.6224300e-01   3.7670380e-01   3.9491170e-01   4.1879357e-01   4.5133603e-01   4.9945918e-01   5.7279603e-01   6.8944559e-01   8.8307990e-01   1.2036494e+00   1.7640058e+00   2.7321214e+00   4.4309821e+00   7.3113908e+00   1.1994993e+01   1.9230917e+01   2.9376497e+01   4.2904219e+01   5.9360835e+01   7.8252821e+01   9.8061831e+01   1.1912420e+02   1.4125375e+02   1.6653288e+02   1.9769696e+02   2.4071325e+02   3.0796403e+02   4.1067664e+02
   3.1732187e-01   3.1768741e-01   3.1841975e-01   3.1988951e-01   3.2136605e-01   3.2433962e-01   3.2809529e-01   3.3381051e-01   3.4197944e-01   3.5277679e-01   3.6812897e-01   3.8904514e-01   4.1734960e-01   4.5498806e-01   5.0991760e-01   5.8952198e-01   7.0957777e-01   9.0157114e-01   1.2147866e+00   1.7518624e+00   2.6668587e+00   4.2559841e+00   6.9262793e+00   1.1233110e+01   1.7823788e+01   2.6915348e+01   3.8770375e+01   5.2722986e+01   6.8233869e+01   8.3945999e+01   1.0023052e+02   1.1803206e+02   1.3867558e+02   1.6538648e+02   2.0323570e+02   2.6242185e+02   3.5440513e+02
   3.1695675e-01   3.1695675e-01   3.1768741e-01   3.1841975e-01   3.1915379e-01   3.2062693e-01   3.2284941e-01   3.2621205e-01   3.3227679e-01   3.4158595e-01   3.5604099e-01   3.7670380e-01   4.0738028e-01   4.4926232e-01   5.0991760e-01   5.9566214e-01   7.2360240e-01   9.2150989e-01   1.2345253e+00   1.7640058e+00   2.6454527e+00   4.1543205e+00   6.6450767e+00   1.0568175e+01   1.6424797e+01   2.4322040e+01   3.4316264e+01   4.5551219e+01   5.7676646e+01   6.9903674e+01   8.2508749e+01   9.6716373e+01   1.1402498e+02   1.3740420e+02   1.7080477e+02   2.2310022e+02   3.0443880e+02
   3.1622777e-01   3.1695675e-01   3.1732187e-01   3.1768741e-01   3.1768741e-01   3.1841975e-01   3.1988951e-01   3.2210688e-01   3.2583670e-01   3.3265955e-01   3.4316264e-01   3.5974934e-01   3.8592241e-01   4.2559841e-01   4.8584753e-01   5.7676646e-01   7.1285303e-01   9.2257143e-01   1.2516993e+00   1.7926686e+00   2.6637901e+00   4.1114972e+00   6.4047178e+00   9.8855309e+00   1.4876474e+01   2.1330449e+01   2.9207878e+01   3.7887853e+01   4.7043541e+01   5.6428694e+01   6.6374307e+01   7.8162780e+01   9.3110788e+01   1.1363183e+02   1.4354894e+02   1.8945235e+02   2.6061535e+02
   3.1622777e-01   3.1695675e-01   3.1695675e-01   3.1695675e-01   3.1768741e-01   3.1768741e-01   3.1878656e-01   3.1988951e-01   3.2210688e-01   3.2546178e-01   3.3227679e-01   3.4355795e-01   3.6391504e-01   3.9856577e-01   4.5446454e-01   5.4325033e-01   6.8076936e-01   8.9846259e-01   1.2387966e+00   1.7823788e+00   2.6454527e+00   4.0086672e+00   6.0813500e+00   9.0782053e+00   1.3152248e+01   1.8197009e+01   2.4182433e+01   3.0619634e+01   3.7497300e+01   4.4668359e+01   5.2783721e+01   6.2661386e+01   7.5683290e+01   9.4188960e+01   1.2064241e+02   1.6087924e+02   2.2233099e+02
   3.1586390e-01   3.1622777e-01   3.1659205e-01   3.1695675e-01   3.1695675e-01   3.1695675e-01   3.1768741e-01   3.1878656e-01   3.2025801e-01   3.2247793e-01   3.2696405e-01   3.3458002e-01   3.4994517e-01   3.7670380e-01   4.2218228e-01   4.9945918e-01   6.2301715e-01   8.2794216e-01   1.1534533e+00   1.6768723e+00   2.4974684e+00   3.7454155e+00   5.5590426e+00   8.0167806e+00   1.1220185e+01   1.5031420e+01   1.9431217e+01   2.4210290e+01   2.9410337e+01   3.5075187e+01   4.1783037e+01   5.0350061e+01   6.1872833e+01   7.8252821e+01   1.0174194e+02   1.3645831e+02   1.8879913e+02
   3.1586390e-01   3.1622777e-01   3.1622777e-01   3.1622777e-01   3.1622777e-01   3.1659205e-01   3.1732187e-01   3.1805337e-01   3.1952144e-01   3.2099628e-01   3.2396642e-01   3.2923045e-01   3.4001651e-01   3.5892193e-01   3.9400343e-01   4.5708819e-01   5.6169428e-01   7.4301914e-01   1.0363346e+00   1.5153048e+00   2.2568360e+00   3.3496544e+00   4.8865236e+00   6.8627788e+00   9.3003651e+00   1.2133889e+01   1.5328512e+01   1.8879913e+01   2.2855988e+01   2.7415742e+01   3.3036954e+01   4.0504195e+01   5.0699071e+01   6.5237904e+01   8.5901352e+01   1.1574440e+02   1.5940429e+02
   3.1586390e-01   3.1550046e-01   3.1550046e-01   3.1550046e-01   3.1622777e-01   3.1622777e-01   3.1659205e-01   3.1732187e-01   3.1805337e-01   3.1952144e-01   3.2173625e-01   3.2583670e-01   3.3419504e-01   3.4873858e-01   3.7627035e-01   4.2657952e-01   5.1109308e-01   6.6069345e-01   9.0364947e-01   1.3016673e+00   1.9186687e+00   2.8216296e+00   4.0691153e+00   5.6234133e+00   7.4903136e+00   9.6161228e+00   1.2008811e+01   1.4672361e+01   1.7762333e+01   2.1478305e+01   2.6211990e+01   3.2734069e+01   4.1734960e+01   5.4575786e+01   7.2861817e+01   9.8741564e+01   1.3614447e+02
   3.1550046e-01   3.1550046e-01   3.1550046e-01   3.1550046e-01   3.1550046e-01   3.1550046e-01   3.1622777e-01   3.1622777e-01   3.1732187e-01   3.1841975e-01   3.2025801e-01   3.2359366e-01   3.3036954e-01   3.4197944e-01   3.6349630e-01   4.0271703e-01   4.6935343e-01   5.8816611e-01   7.8072844e-01   1.0990058e+00   1.5903767e+00   2.3067472e+00   3.2885163e+00   4.4977985e+00   5.9360835e+00   7.5335556e+00   9.3432937e+00   1.1402498e+01   1.3851602e+01   1.6923882e+01   2.0941125e+01   2.6546056e+01   3.4474661e+01   4.5866965e+01   6.2015464e+01   8.4527885e+01   1.1668096e+02
   3.1513744e-01   3.1513744e-01   3.1550046e-01   3.1513744e-01   3.1513744e-01   3.1550046e-01   3.1550046e-01   3.1550046e-01   3.1622777e-01   3.1732187e-01   3.1915379e-01   3.2173625e-01   3.2734069e-01   3.3651157e-01   3.5399734e-01   3.8503481e-01   4.3853070e-01   5.3333490e-01   6.8548823e-01   9.3432937e-01   1.3152248e+00   1.8663797e+00   2.6211990e+00   3.5440513e+00   4.6505038e+00   5.8884366e+00   7.2945751e+00   8.9125094e+00   1.0889301e+01   1.3427650e+01   1.6846124e+01   2.1727012e+01   2.8641780e+01   3.8592241e+01   5.2722986e+01   7.2276980e+01   9.9655208e+01
   3.1441264e-01   3.1477483e-01   3.1477483e-01   3.1477483e-01   3.1477483e-01   3.1477483e-01   3.1477483e-01   3.1477483e-01   3.1550046e-01   3.1622777e-01   3.1768741e-01   3.1988951e-01   3.2508730e-01   3.3227679e-01   3.4713628e-01   3.7196322e-01   4.1543205e-01   4.9034302e-01   6.0883555e-01   8.0260156e-01   1.0914403e+00   1.5083426e+00   2.0796967e+00   2.7829154e+00   3.6391504e+00   4.6025657e+00   5.7082108e+00   7.0145530e+00   8.6297855e+00   1.0789467e+01   1.3708818e+01   1.7947336e+01   2.3988329e+01   3.2734069e+01   4.5081670e+01   6.1872833e+01   8.5113804e+01
   3.1368951e-01   3.1405087e-01   3.1441264e-01   3.1441264e-01   3.1441264e-01   3.1405087e-01   3.1441264e-01   3.1441264e-01   3.1477483e-01   3.1550046e-01   3.1695675e-01   3.1841975e-01   3.2247793e-01   3.2847324e-01   3.4040819e-01   3.6099401e-01   3.9582206e-01   4.5551219e-01   5.4954087e-01   6.9984200e-01   9.2044957e-01   1.2373712e+00   1.6672472e+00   2.2003917e+00   2.8575905e+00   3.6057864e+00   4.4874539e+00   5.5590426e+00   6.9103493e+00   8.7498378e+00   1.1297959e+01   1.5031420e+01   2.0370421e+01   2.8086654e+01   3.8859750e+01   5.3088444e+01   7.2193816e+01
   3.1332857e-01   3.1368951e-01   3.1368951e-01   3.1368951e-01   3.1368951e-01   3.1368951e-01   3.1368951e-01   3.1405087e-01   3.1441264e-01   3.1477483e-01   3.1586390e-01   3.1732187e-01   3.2062693e-01   3.2546178e-01   3.3496544e-01   3.5156044e-01   3.7975194e-01   4.2805542e-01   5.0234259e-01   6.1944108e-01   7.8976885e-01   1.0303861e+00   1.3551894e+00   1.7619760e+00   2.2698649e+00   2.8608824e+00   3.5809644e+00   4.4668359e+00   5.6169428e+00   7.2027775e+00   9.4514839e+00   1.2749701e+01   1.7498467e+01   2.4322040e+01   3.3689922e+01   4.5656225e+01   6.0953690e+01
   3.1332857e-01   3.1296805e-01   3.1296805e-01   3.1332857e-01   3.1332857e-01   3.1332857e-01   3.1332857e-01   3.1332857e-01   3.1405087e-01   3.1405087e-01   3.1477483e-01   3.1622777e-01   3.1915379e-01   3.2322132e-01   3.3113112e-01   3.4474661e-01   3.6770539e-01   4.0644333e-01   4.6558609e-01   5.5782760e-01   6.9023980e-01   8.7801109e-01   1.1297959e+00   1.4454398e+00   1.8450154e+00   2.3227368e+00   2.9174270e+00   3.6728230e+00   4.6719695e+00   6.0743526e+00   8.0630620e+00   1.0990058e+01   1.5153048e+01   2.1110572e+01   2.9174270e+01   3.9219315e+01   5.1641637e+01
   3.1260794e-01   3.1260794e-01   3.1260794e-01   3.1260794e-01   3.1260794e-01   3.1260794e-01   3.1260794e-01   3.1260794e-01   3.1332857e-01   3.1332857e-01   3.1477483e-01   3.1550046e-01   3.1805337e-01   3.2173625e-01   3.2847324e-01   3.3962527e-01   3.5850895e-01   3.8949331e-01   4.3752211e-01   5.1109308e-01   6.1588553e-01   7.6295689e-01   9.6050582e-01   1.2119927e+00   1.5328512e+00   1.9275249e+00   2.4322040e+00   3.0902954e+00   3.9719155e+00   5.2179510e+00   6.9903674e+00   9.5719407e+00   1.3243415e+01   1.8386540e+01   2.5263877e+01   3.3612437e+01   4.3701868e+01
   3.1188896e-01   3.1188896e-01   3.1188896e-01   3.1188896e-01   3.1188896e-01   3.1188896e-01   3.1188896e-01   3.1188896e-01   3.1260794e-01   3.1332857e-01   3.1405087e-01   3.1550046e-01   3.1805337e-01   3.2136605e-01   3.2696405e-01   3.3651157e-01   3.5196542e-01   3.7757219e-01   4.1591061e-01   4.7478829e-01   5.5847019e-01   6.7608298e-01   8.3368118e-01   1.0375284e+00   1.3016673e+00   1.6424797e+00   2.0892961e+00   2.6760856e+00   3.4713628e+00   4.5814189e+00   6.1376201e+00   8.4333476e+00   1.1668096e+01   1.6087924e+01   2.1902818e+01   2.8940098e+01   3.7282068e+01
   3.1117163e-01   3.1117163e-01   3.1117163e-01   3.1117163e-01   3.1117163e-01   3.1117163e-01   3.1117163e-01   3.1117163e-01   3.1188896e-01   3.1260794e-01   3.1405087e-01   3.1550046e-01   3.1805337e-01   3.2173625e-01   3.2696405e-01   3.3496544e-01   3.4833732e-01   3.6940264e-01   4.0132850e-01   4.4977985e-01   5.1820309e-01   6.1376201e-01   7.4301914e-01   9.1306144e-01   1.1389378e+00   1.4371431e+00   1.8365383e+00   2.3659197e+00   3.0867396e+00   4.0691153e+00   5.4387613e+00   7.4644876e+00   1.0315731e+01   1.4109122e+01   1.8988908e+01   2.4917244e+01   3.1988951e+01
   3.1045596e-01   3.1009874e-01   3.1045596e-01   3.1045596e-01   3.1045596e-01   3.1045596e-01   3.1045596e-01   3.1045596e-01   3.1117163e-01   3.1188896e-01   3.1332857e-01   3.1477483e-01   3.1732187e-01   3.2136605e-01   3.2696405e-01   3.3535130e-01   3.4833732e-01   3.6728230e-01   3.9582206e-01   4.3752211e-01   4.9545019e-01   5.7676646e-01   6.8785991e-01   8.3656560e-01   1.0375284e+00   1.3046680e+00   1.6614987e+00   2.1330449e+00   2.7701290e+00   3.6266029e+00   4.8250298e+00   6.5993323e+00   9.0782053e+00   1.2345253e+01   1.6481624e+01   2.1183611e+01   2.6454527e+01
   3.0902954e-01   3.0902954e-01   3.0902954e-01   3.0902954e-01   3.0938553e-01   3.0974193e-01   3.0974193e-01   3.0974193e-01   3.1009874e-01   3.1081359e-01   3.1188896e-01   3.1332857e-01   3.1622777e-01   3.2062693e-01   3.2658783e-01   3.3535130e-01   3.4833732e-01   3.6728230e-01   3.9400343e-01   4.3102256e-01   4.8250298e-01   5.5398754e-01   6.5237904e-01   7.8614019e-01   9.6716373e-01   1.2064241e+00   1.5240528e+00   1.9364220e+00   2.4888573e+00   3.2396642e+00   4.2805542e+00   5.8210322e+00   7.9524327e+00   1.0789467e+01   1.4256076e+01   1.7844320e+01   2.1404249e+01
   3.0831880e-01   3.0796403e-01   3.0831880e-01   3.0831880e-01   3.0831880e-01   3.0831880e-01   3.0831880e-01   3.0867396e-01   3.0902954e-01   3.0938553e-01   3.1045596e-01   3.1188896e-01   3.1405087e-01   3.1841975e-01   3.2433962e-01   3.3342641e-01   3.4673685e-01   3.6643757e-01   3.9309724e-01   4.2854852e-01   4.7697981e-01   5.4325033e-01   6.3241185e-01   7.5422340e-01   9.1516626e-01   1.1259005e+00   1.4011996e+00   1.7518624e+00   2.2207517e+00   2.8740876e+00   3.7931498e+00   5.1109308e+00   6.9183097e+00   9.4080583e+00   1.2373712e+01   1.4945140e+01   1.7238521e+01
   3.0690220e-01   3.0690220e-01   3.0690220e-01   3.0690220e-01   3.0690220e-01   3.0690220e-01   3.0690220e-01   3.0690220e-01   3.0760968e-01   3.0760968e-01   3.0831880e-01   3.0974193e-01   3.1188896e-01   3.1550046e-01   3.2136605e-01   3.3036954e-01   3.4395371e-01   3.6391504e-01   3.9039118e-01   4.2608868e-01   4.7260684e-01   5.3518015e-01   6.1801640e-01   7.2694240e-01   8.6996143e-01   1.0531737e+00   1.2882496e+00   1.5812480e+00   1.9724227e+00   2.5438998e+00   3.3496544e+00   4.4822905e+00   6.0255959e+00   8.0816493e+00   1.0435181e+01   1.2387966e+01   1.3724610e+01
   3.0549211e-01   3.0549211e-01   3.0549211e-01   3.0549211e-01   3.0549211e-01   3.0549211e-01   3.0549211e-01   3.0549211e-01   3.0619634e-01   3.0619634e-01   3.0654907e-01   3.0760968e-01   3.0938553e-01   3.1260794e-01   3.1768741e-01   3.2583670e-01   3.3845427e-01   3.5727284e-01   3.8326574e-01   4.1734960e-01   4.6291366e-01   5.2299797e-01   5.9979108e-01   6.9742900e-01   8.2035154e-01   9.7274722e-01   1.1681537e+00   1.4125375e+00   1.7458222e+00   2.2387211e+00   2.9342695e+00   3.9719155e+00   5.3088444e+00   6.7142885e+00   8.1002794e+00   9.5279616e+00   1.0256519e+01
   3.0408850e-01   3.0408850e-01   3.0408850e-01   3.0408850e-01   3.0408850e-01   3.0408850e-01   3.0408850e-01   3.0408850e-01   3.0443880e-01   3.0443880e-01   3.0514060e-01   3.0549211e-01   3.0690220e-01   3.0938553e-01   3.1368951e-01   3.2062693e-01   3.3189446e-01   3.4873858e-01   3.7282068e-01   4.0597566e-01   4.4926232e-01   5.0640735e-01   5.7743087e-01   6.6297935e-01   7.6736149e-01   8.9227762e-01   1.0519619e+00   1.2603756e+00   1.5470345e+00   1.9701532e+00   2.5763212e+00   3.5196542e+00   4.6827395e+00   5.5911353e+00   6.3095734e+00   6.9342581e+00   7.3282453e+00
   3.0269134e-01   3.0269134e-01   3.0269134e-01   3.0269134e-01   3.0269134e-01   3.0269134e-01   3.0269134e-01   3.0269134e-01   3.0304003e-01   3.0304003e-01   3.0338912e-01   3.0373861e-01   3.0478950e-01   3.0690220e-01   3.1009874e-01   3.1586390e-01   3.2508730e-01   3.4001651e-01   3.6057864e-01   3.9084090e-01   4.3003123e-01   4.8139325e-01   5.4512990e-01   6.1872833e-01   7.0631755e-01   8.1002794e-01   9.4297461e-01   1.1246050e+00   1.3772095e+00   1.7478333e+00   2.2829689e+00   3.1296805e+00   4.1734960e+00   4.9602093e+00   5.5654463e+00   5.7942870e+00   6.0953690e+00
   3.0060763e-01   3.0060763e-01   3.0060763e-01   3.0060763e-01   3.0060763e-01   3.0060763e-01   3.0060763e-01   3.0060763e-01   3.0095392e-01   3.0095392e-01   3.0130060e-01   3.0199517e-01   3.0269134e-01   3.0408850e-01   3.0690220e-01   3.1117163e-01   3.1878656e-01   3.3075011e-01   3.4833732e-01   3.7454155e-01   4.0926066e-01   4.5446454e-01   5.0933087e-01   5.7213695e-01   6.4639799e-01   7.3451387e-01   8.4722741e-01   1.0057731e+00   1.2288532e+00   1.5613490e+00   2.0323570e+00   2.7384196e+00   3.5933540e+00   4.2559841e+00   4.7752927e+00   5.2239619e+00   5.5080770e+00
   2.9853826e-01   2.9853826e-01   2.9853826e-01   2.9853826e-01   2.9853826e-01   2.9853826e-01   2.9853826e-01   2.9853826e-01   2.9888216e-01   2.9853826e-01   2.9922646e-01   2.9922646e-01   3.0060763e-01   3.0130060e-01   3.0408850e-01   3.0725574e-01   3.1296805e-01   3.2284941e-01   3.3767585e-01   3.5974934e-01   3.8859750e-01   4.2707092e-01   4.7369631e-01   5.2722986e-01   5.9088097e-01   6.6603952e-01   7.6471569e-01   9.0364947e-01   1.1015393e+00   1.4109122e+00   1.8197009e+00   2.2724796e+00   2.7384196e+00   3.0902954e+00   3.3573761e+00   3.8018940e+00   3.9673453e+00
   2.9648314e-01   2.9648314e-01   2.9648314e-01   2.9648314e-01   2.9648314e-01   2.9648314e-01   2.9648314e-01   2.9648314e-01   2.9648314e-01   2.9648314e-01   2.9648314e-01   2.9716660e-01   2.9785164e-01   2.9853826e-01   3.0060763e-01   3.0338912e-01   3.0796403e-01   3.1586390e-01   3.2771778e-01   3.4554133e-01   3.6982818e-01   4.0179081e-01   4.4106236e-01   4.8640721e-01   5.4137725e-01   6.0743526e-01   6.9422460e-01   8.1752304e-01   9.9197334e-01   1.2808551e+00   1.6311729e+00   1.8901662e+00   2.0941125e+00   2.2516454e+00   2.3686451e+00   2.4632018e+00   2.5205772e+00
   2.9444216e-01   2.9444216e-01   2.9444216e-01   2.9444216e-01   2.9444216e-01   2.9410337e-01   2.9410337e-01   2.9410337e-01   2.9410337e-01   2.9410337e-01   2.9410337e-01   2.9444216e-01   2.9512092e-01   2.9580125e-01   2.9716660e-01   2.9957116e-01   3.0304003e-01   3.0938553e-01   3.1878656e-01   3.3381051e-01   3.5359002e-01   3.8018940e-01   4.1304750e-01   4.5237646e-01   5.0003453e-01   5.5847019e-01   6.3533093e-01   7.4387506e-01   8.9846259e-01   1.1534533e+00   1.4571357e+00   1.6672472e+00   1.8197009e+00   1.9431217e+00   2.0323570e+00   2.0393887e+00   2.0773037e+00
   2.9174270e-01   2.9174270e-01   2.9174270e-01   2.9174270e-01   2.9174270e-01   2.9174270e-01   2.9140701e-01   2.9140701e-01   2.9140701e-01   2.9140701e-01   2.9140701e-01   2.9140701e-01   2.9207878e-01   2.9275209e-01   2.9376497e-01   2.9580125e-01   2.9888216e-01   3.0373861e-01   3.1153009e-01   3.2359366e-01   3.4001651e-01   3.6182619e-01   3.8949331e-01   4.2266861e-01   4.6398079e-01   5.1582217e-01   5.8479008e-01   6.8155357e-01   8.1752304e-01   1.0375284e+00   1.3001696e+00   1.4910768e+00   1.6387021e+00   1.7579236e+00   1.8407720e+00   1.9098533e+00   1.9520907e+00
   2.8840315e-01   2.8840315e-01   2.8840315e-01   2.8840315e-01   2.8840315e-01   2.8840315e-01   2.8840315e-01   2.8840315e-01   2.8840315e-01   2.8840315e-01   2.8840315e-01   2.8873538e-01   2.8906799e-01   2.8940098e-01   2.9040227e-01   2.9207878e-01   2.9478135e-01   2.9888216e-01   3.0514060e-01   3.1513744e-01   3.2847324e-01   3.4713628e-01   3.7025421e-01   3.9810717e-01   4.3351088e-01   4.7918145e-01   5.4013211e-01   6.2589286e-01   7.4558987e-01   9.3648322e-01   1.1601122e+00   1.3228177e+00   1.4487719e+00   1.5470345e+00   1.6162182e+00   1.6710906e+00   1.7060824e+00
   2.8510183e-01   2.8510183e-01   2.8510183e-01   2.8510183e-01   2.8510183e-01   2.8510183e-01   2.8510183e-01   2.8510183e-01   2.8510183e-01   2.8510183e-01   2.8510183e-01   2.8510183e-01   2.8575905e-01   2.8608824e-01   2.8674774e-01   2.8807130e-01   2.9006812e-01   2.9376497e-01   2.9922646e-01   3.0760968e-01   3.1878656e-01   3.3381051e-01   3.5359002e-01   3.7713775e-01   4.0738028e-01   4.4668359e-01   5.0061055e-01   5.7543994e-01   6.7998605e-01   8.4236439e-01   1.0315731e+00   1.1668096e+00   1.2691121e+00   1.3520726e+00   1.4092888e+00   1.4571357e+00   1.4859356e+00
   2.8151400e-01   2.8151400e-01   2.8151400e-01   2.8151400e-01   2.8151400e-01   2.8151400e-01   2.8151400e-01   2.8151400e-01   2.8119008e-01   2.8119008e-01   2.8119008e-01   2.8183829e-01   2.8183829e-01   2.8248800e-01   2.8281341e-01   2.8379190e-01   2.8543025e-01   2.8840315e-01   2.9308932e-01   2.9991625e-01   3.1009874e-01   3.2284941e-01   3.3923449e-01   3.5892193e-01   3.8459178e-01   4.1879357e-01   4.6505038e-01   5.2966344e-01   6.1944108e-01   7.5770473e-01   9.1622049e-01   1.0292005e+00   1.1142945e+00   1.1803206e+00   1.2288532e+00   1.2473835e+00   1.2705741e+00
   2.7765148e-01   2.7765148e-01   2.7765148e-01   2.7765148e-01   2.7765148e-01   2.7765148e-01   2.7765148e-01   2.7765148e-01   2.7733201e-01   2.7733201e-01   2.7733201e-01   2.7733201e-01   2.7797133e-01   2.7797133e-01   2.7861212e-01   2.7925438e-01   2.8054336e-01   2.8313920e-01   2.8707806e-01   2.9308932e-01   3.0164769e-01   3.1260794e-01   3.2621205e-01   3.4276779e-01   3.6433425e-01   3.9309724e-01   4.3201617e-01   4.8809010e-01   5.6363766e-01   6.7297666e-01   7.9432823e-01   8.7902252e-01   9.4297461e-01   9.9311605e-01   1.0280163e+00   1.0556015e+00   1.0727536e+00
   2.7321214e-01   2.7321214e-01   2.7321214e-01   2.7321214e-01   2.7321214e-01   2.7321214e-01   2.7321214e-01   2.7321214e-01   2.7289778e-01   2.7289778e-01   2.7289778e-01   2.7289778e-01   2.7352687e-01   2.7352687e-01   2.7352687e-01   2.7415742e-01   2.7542287e-01   2.7797133e-01   2.8119008e-01   2.8641780e-01   2.9376497e-01   3.0234306e-01   3.1368951e-01   3.2696405e-01   3.4474661e-01   3.6855304e-01   4.0132850e-01   4.5133603e-01   5.1227127e-01   5.7743087e-01   6.4047178e-01   6.8469948e-01   7.1614341e-01   7.4131024e-01   7.5770473e-01   8.0445175e-01   8.1376686e-01
   2.6853444e-01   2.6853444e-01   2.6853444e-01   2.6853444e-01   2.6853444e-01   2.6853444e-01   2.6853444e-01   2.6853444e-01   2.6822546e-01   2.6791683e-01   2.6791683e-01   2.6822546e-01   2.6853444e-01   2.6853444e-01   2.6853444e-01   2.6915348e-01   2.7039584e-01   2.7227013e-01   2.7542287e-01   2.7989813e-01   2.8575905e-01   2.9275209e-01   3.0164769e-01   3.1224824e-01   3.2658783e-01   3.4554133e-01   3.7239171e-01   4.1686938e-01   4.6505038e-01   4.9716437e-01   5.1939767e-01   5.3703180e-01   5.4954087e-01   5.5847019e-01   5.6493697e-01   5.6950822e-01   5.7279603e-01
   2.6363314e-01   2.6363314e-01   2.6363314e-01   2.6363314e-01   2.6363314e-01   2.6363314e-01   2.6363314e-01   2.6363314e-01   2.6363314e-01   2.6332979e-01   2.6332979e-01   2.6332979e-01   2.6363314e-01   2.6363314e-01   2.6363314e-01   2.6424088e-01   2.6546056e-01   2.6730064e-01   2.6977394e-01   2.7321214e-01   2.7797133e-01   2.8379190e-01   2.9073680e-01   2.9853826e-01   3.0974193e-01   3.2471324e-01   3.4633788e-01   3.8282474e-01   4.2266861e-01   4.4565625e-01   4.6078677e-01   4.7315126e-01   4.8139325e-01   4.8696753e-01   4.9147338e-01   4.8250298e-01   4.8417237e-01
   2.5882129e-01   2.5882129e-01   2.5882129e-01   2.5882129e-01   2.5882129e-01   2.5882129e-01   2.5882129e-01   2.5882129e-01   2.5882129e-01   2.5852348e-01   2.5852348e-01   2.5852348e-01   2.5852348e-01   2.5852348e-01   2.5882129e-01   2.5941794e-01   2.6061535e-01   2.6181830e-01   2.6363314e-01   2.6668587e-01   2.7039584e-01   2.7478942e-01   2.7989813e-01   2.8575905e-01   2.9342695e-01   3.0478950e-01   3.2173625e-01   3.5115592e-01   3.8282474e-01   4.0271703e-01   4.1783037e-01   4.2854852e-01   4.3601356e-01   4.4157045e-01   4.4565625e-01   4.4874539e-01   4.5081670e-01
   2.4717241e-01   2.4717241e-01   2.4717241e-01   2.4717241e-01   2.4717241e-01   2.4717241e-01   2.4717241e-01   2.4717241e-01   2.4717241e-01   2.4717241e-01   2.4717241e-01   2.4717241e-01   2.4688801e-01   2.4688801e-01   2.4688801e-01   2.4745715e-01   2.4831331e-01   2.4945947e-01   2.5061093e-01   2.5234808e-01   2.5409727e-01   2.5585859e-01   2.5733568e-01   2.5882129e-01   2.6151704e-01   2.6637901e-01   2.7478942e-01   2.9040227e-01   3.0725574e-01   3.1732187e-01   3.2508730e-01   3.3036954e-01   3.3419504e-01   3.3689922e-01   3.3884416e-01   3.4040819e-01   3.4119291e-01
   2.3388372e-01   2.3388372e-01   2.3388372e-01   2.3388372e-01   2.3388372e-01   2.3388372e-01   2.3388372e-01   2.3361461e-01   2.3361461e-01   2.3334581e-01   2.3334581e-01   2.3334581e-01   2.3334581e-01   2.3334581e-01   2.3334581e-01   2.3388372e-01   2.3442288e-01   2.3496328e-01   2.3550493e-01   2.3604782e-01   2.3631974e-01   2.3523395e-01   2.3388372e-01   2.3173946e-01   2.3014418e-01   2.3040930e-01   2.3334581e-01   2.4238180e-01   2.5234808e-01   2.5882129e-01   2.6302680e-01   2.6576635e-01   2.6791683e-01   2.6977394e-01   2.7070732e-01   2.5176769e-01   2.5205772e-01
   2.1877616e-01   2.1877616e-01   2.1877616e-01   2.1877616e-01   2.1877616e-01   2.1877616e-01   2.1877616e-01   2.1877616e-01   2.1852443e-01   2.1852443e-01   2.1827299e-01   2.1827299e-01   2.1827299e-01   2.1852443e-01   2.1852443e-01   2.1852443e-01   2.1877616e-01   2.1902818e-01   2.1902818e-01   2.1877616e-01   2.1727012e-01   2.1453591e-01   2.1062019e-01   2.0582589e-01   2.0090928e-01   1.9724227e-01   1.9386526e-01   1.9054607e-01   1.8749945e-01   1.8556668e-01   1.8428925e-01   1.8365383e-01   1.8302061e-01   1.8238957e-01   1.8197009e-01   1.8197009e-01   1.8176071e-01
   1.9633603e-01   1.9952623e-01   2.0137242e-01   2.0230192e-01   2.0230192e-01   2.0253496e-01   2.0253496e-01   2.0253496e-01   2.0230192e-01   2.0230192e-01   2.0230192e-01   2.0230192e-01   2.0230192e-01   2.0230192e-01   2.0253496e-01   2.0230192e-01   2.0230192e-01   2.0206914e-01   2.0160440e-01   2.0021656e-01   1.9769696e-01   1.9341939e-01   1.8793168e-01   1.8259967e-01   1.7579236e-01   1.6768723e-01   1.5258084e-01   1.2147866e-01   9.5609270e-02   8.3272193e-02   7.5770473e-02   7.0713120e-02   6.7452803e-02   6.5087861e-02   6.3606280e-02   8.1376686e-02   8.0723503e-02
   1.8599446e-01   1.8599446e-01   1.8599446e-01   1.8599446e-01   1.8578045e-01   1.8578045e-01   1.8578045e-01   1.8578045e-01   1.8578045e-01   1.8578045e-01   1.8578045e-01   1.8578045e-01   1.8578045e-01   1.8578045e-01   1.8578045e-01   1.8578045e-01   1.8535316e-01   1.8471408e-01   1.8365383e-01   1.8176071e-01   1.7823788e-01   1.7258379e-01   1.6576773e-01   1.6014006e-01   1.5153048e-01   1.4109122e-01   1.2022644e-01   8.1658237e-02   5.4325033e-02   4.2904219e-02   3.6517413e-02   3.2433962e-02   2.9922646e-02   2.8216296e-02   2.7101916e-02   2.6272415e-02   2.5792890e-02
   2.0511622e-01   1.8642322e-01   1.7518624e-01   1.6962896e-01   1.6982437e-01   1.6904409e-01   1.6904409e-01   1.6904409e-01   1.6904409e-01   1.6904409e-01   1.6904409e-01   1.6904409e-01   1.6904409e-01   1.6904409e-01   1.6904409e-01   1.6904409e-01   1.6846124e-01   1.6749429e-01   1.6595869e-01   1.6311729e-01   1.5940429e-01   1.5310875e-01   1.4487719e-01   1.3645831e-01   1.2749701e-01   1.1455129e-01   1.0000000e-01   7.6647854e-02   5.3333490e-02   4.3752211e-02   3.8949331e-02   3.5277679e-02   3.3265955e-02   3.1659205e-02   3.0760968e-02   2.9991625e-02   2.9580125e-02
   2.5497641e-01   1.9769696e-01   1.6710906e-01   1.5399265e-01   1.5434764e-01   1.5222991e-01   1.5275661e-01   1.5258084e-01   1.5275661e-01   1.5275661e-01   1.5275661e-01   1.5275661e-01   1.5275661e-01   1.5275661e-01   1.5275661e-01   1.5240528e-01   1.5187979e-01   1.5066071e-01   1.4893611e-01   1.4554591e-01   1.4125375e-01   1.3412199e-01   1.2531412e-01   1.1561122e-01   1.0507515e-01   9.5499259e-02   8.6198558e-02   8.1002794e-02   7.8072844e-02   7.5770473e-02   7.4301914e-02   7.3113908e-02   7.2443596e-02   7.1944898e-02   7.1614341e-02   7.1367421e-02   7.1203280e-02

   1.8644000e+02   1.8644000e+02   1.8644000e+02   1.8644000e+02   1.8644000e+02   1.8644000e+02   1.8644000e+02   1.8644000e+02   1.8644000e+02   1.8644000e+02   1.8644000e+02   1.9428476e+02   2.1680273e+02   2.2635060e+02   2.4116102e+02   2.6750685e+02   2.6588047e+02   2.4940343e+02   2.2010393e+02   1.9854404e+02   2.1399418e+02   2.4146674e+02   2.8357809e+02   2.8951208e+02   2.9526268e+02   3.0549441e+02   3.0355869e+02   2.9226927e+02   2.7218444e+02   2.6416828e+02   2.6961479e+02   2.7931504e+02   2.8504473e+02   2.9243068e+02   3.0414577e+02   3.2213000e+02   3.2213000e+02
   2.0674948e+02   2.0674948e+02   2.0674948e+02   2.0674948e+02   2.0674948e+02   2.0674948e+02   2.0674948e+02   2.0674948e+02   2.0674948e+02   2.0674948e+02   2.0674948e+02   2.2081349e+02   2.3838368e+02   2.4734634e+02   2.6310349e+02   2.8378220e+02   2.7637487e+02   2.5963287e+02   2.2996867e+02   2.2542019e+02   2.4136662e+02   2.6972734e+02   2.9901293e+02   3.0237314e+02   3.0834705e+02   3.1600778e+02   3.1116547e+02   2.9966319e+02   2.8211471e+02   2.8103917e+02   2.8681918e+02   2.9516348e+02   3.0043680e+02   3.0857017e+02   3.2067580e+02   3.3354986e+02   3.3354986e+02
   2.5251762e+02   2.5251762e+02   2.5251762e+02   2.5251762e+02   2.5251762e+02   2.5251762e+02   2.5251762e+02   2.5251762e+02   2.5251762e+02   2.5251762e+02   2.5251762e+02   2.7052096e+02   2.8162327e+02   2.8938211e+02   3.0317019e+02   3.1342429e+02   3.0651268e+02   2.9421767e+02   2.7307278e+02   2.8009820e+02   2.9258441e+02   3.1448909e+02   3.2649920e+02   3.2919197e+02   3.3398435e+02   3.3752920e+02   3.3273265e+02   3.2419953e+02   3.1429126e+02   3.1710374e+02   3.2211332e+02   3.2800245e+02   3.3271222e+02   3.4051043e+02   3.5235408e+02   3.5928493e+02   3.5928493e+02
   3.0099769e+02   3.0099769e+02   3.0099769e+02   3.0099769e+02   3.0099769e+02   3.0099769e+02   3.0099769e+02   3.0099769e+02   3.0099769e+02   3.0099769e+02   3.0419688e+02   3.1911260e+02   3.2622521e+02   3.3194094e+02   3.4210285e+02   3.4453127e+02   3.4170291e+02   3.3666059e+02   3.3152053e+02   3.3529069e+02   3.4199453e+02   3.5246749e+02   3.5507239e+02   3.5663934e+02   3.5942752e+02   3.5984468e+02   3.5777852e+02   3.5410750e+02   3.5253274e+02   3.5455585e+02   3.5816616e+02   3.6208787e+02   3.6629235e+02   3.7327453e+02   3.8496379e+02   3.8654490e+02   3.8654490e+02
   3.2858960e+02   3.2858960e+02   3.2858960e+02   3.2858960e+02   3.2858960e+02   3.2858960e+02   3.2858960e+02   3.2858960e+02   3.2858960e+02   3.2858960e+02   3.3734930e+02   3.5733179e+02   3.7244551e+02   3.9806747e+02   4.3712438e+02   4.7940987e+02   5.3832567e+02   6.1747247e+02   7.1159886e+02   8.1110267e+02   9.5623943e+02   1.0265875e+03   1.1507104e+03   1.2609958e+03   1.3097911e+03   1.3959259e+03   1.4778200e+03   1.5043905e+03   1.5504962e+03   1.6175081e+03   1.6459697e+03   1.6947425e+03   1.7756774e+03   1.8182824e+03   1.8402705e+03   1.8402705e+03   1.8402705e+03
   2.9954755e+02   2.9954755e+02   2.9954755e+02   2.9954755e+02   2.9954755e+02   2.9954755e+02   2.9954755e+02   2.9954755e+02   2.9954755e+02   2.9954755e+02   3.3195665e+02   3.7783223e+02   4.4594207e+02   5.6783311e+02   7.2497510e+02   9.4756190e+02   1.2124817e+03   1.6271359e+03   2.0068657e+03   2.5385305e+03   3.0742708e+03   3.4480893e+03   4.1126787e+03   4.4206741e+03   4.6793798e+03   5.1392700e+03   5.3674846e+03   5.5043450e+03   5.7464659e+03   5.9879689e+03   6.1278603e+03   6.3753124e+03   6.7651521e+03   6.8283792e+03   6.8743148e+03   6.8743148e+03   6.8743148e+03
   2.6878465e+02   2.6878465e+02   2.6878465e+02   2.6878465e+02   2.6878465e+02   2.6878465e+02   2.6878465e+02   2.6878465e+02   2.6878465e+02   2.7832806e+02   3.4048644e+02   4.2466101e+02   5.7020050e+02   8.1917288e+02   1.1171158e+03   1.5613864e+03   2.0891250e+03   2.8807851e+03   3.5881823e+03   4.7109344e+03   5.4647111e+03   6.2748292e+03   7.4346620e+03   7.8692378e+03   8.4297222e+03   9.2539470e+03   9.5410000e+03   9.8360773e+03   1.0360067e+04   1.0671283e+04   1.0971547e+04   1.1504682e+04   1.2049390e+04   1.2172378e+04   1.2206645e+04   1.2206645e+04   1.2206645e+04
   2.3619893e+02   2.3619893e+02   2.3619893e+02   2.3619893e+02   2.3619893e+02   2.3619893e+02   2.3619893e+02   2.3619893e+02   2.3619893e+02   2.7419664e+02   3.6636985e+02   5.0788395e+02   7.6306412e+02   1.1720276e+03   1.6477387e+03   2.3464785e+03   3.2322058e+03   4.4008974e+03   5.5394241e+03   7.3899282e+03   8.1908480e+03   9.6145156e+03   1.1102665e+04   1.1656298e+04   1.2641259e+04   1.3740813e+04   1.4032222e+04   1.4549966e+04   1.5396962e+04   1.5703254e+04   1.6229242e+04   1.7142314e+04   1.7671184e+04   1.7854935e+04   1.7854935e+04   1.7854935e+04   1.7854935e+04
   2.0168239e+02   2.0168239e+02   2.0168239e+02   2.0168239e+02   2.0168239e+02   2.0168239e+02   2.0168239e+02   2.0168239e+02   2.0168239e+02   2.8351038e+02   4.1605428e+02   6.4183508e+02   1.0477609e+03   1.6023703e+03   2.3612609e+03   3.3119820e+03   4.7246627e+03   6.1521029e+03   7.9691385e+03   1.0056122e+04   1.1333727e+04   1.3606010e+04   1.4960881e+04   1.5844180e+04   1.7415888e+04   1.8417657e+04   1.8881950e+04   1.9707864e+04   2.0651241e+04   2.1126830e+04   2.1965149e+04   2.3317985e+04   2.3662132e+04   2.3837908e+04   2.3837908e+04   2.3837908e+04   2.3837908e+04
   1.7755879e+02   1.7755879e+02   1.7755879e+02   1.7755879e+02   1.7755879e+02   1.7755879e+02   1.7755879e+02   1.7755879e+02   1.8622840e+02   3.0644878e+02   4.7301536e+02   7.7239863e+02   1.2949820e+03   1.9334990e+03   2.8961823e+03   4.0206227e+03   5.7768238e+03   7.3340724e+03   9.7575694e+03   1.1694797e+04   1.3566544e+04   1.6475659e+04   1.7898691e+04   1.9538224e+04   2.2115676e+04   2.3354267e+04   2.4903145e+04   2.6649994e+04   2.7895462e+04   2.9316506e+04   3.0857402e+04   3.2447186e+04   3.3170435e+04   3.3481769e+04   3.3481769e+04   3.3481769e+04   3.3481769e+04
   1.8215207e+02   1.8215207e+02   1.8215207e+02   1.8215207e+02   1.8215207e+02   1.8215207e+02   1.8215207e+02   1.8215207e+02   2.1402380e+02   3.1145444e+02   4.6247592e+02   7.3353429e+02   1.1753120e+03   1.7050937e+03   2.5015455e+03   3.5040124e+03   4.9219528e+03   6.3487392e+03   8.7263469e+03   1.0299337e+04   1.2721548e+04   1.5961841e+04   1.8412444e+04   2.1984122e+04   2.6238372e+04   2.9386301e+04   3.4925927e+04   3.7538730e+04   4.0357349e+04   4.4995385e+04   4.6834684e+04   4.8941717e+04   5.1710690e+04   5.1710690e+04   5.1710690e+04   5.1710690e+04   5.1710690e+04
   1.8701751e+02   1.8701751e+02   1.8701751e+02   1.8701751e+02   1.8701751e+02   1.8701751e+02   1.8701751e+02   1.8701751e+02   2.2640565e+02   2.9863068e+02   4.1940045e+02   6.3123021e+02   9.3819097e+02   1.3580790e+03   1.9374625e+03   2.7793801e+03   3.8104594e+03   5.1644338e+03   7.0899435e+03   9.0314335e+03   1.2046767e+04   1.5936093e+04   1.9817342e+04   2.6104670e+04   3.1347450e+04   3.7668747e+04   4.5980621e+04   4.9617360e+04   5.5213054e+04   6.1607771e+04   6.4032772e+04   6.7388953e+04   7.1019742e+04   7.1019742e+04   7.1019742e+04   7.1019742e+04   7.1019742e+04
   1.9217126e+02   1.9217126e+02   1.9217126e+02   1.9217126e+02   1.9217126e+02   1.9217126e+02   1.9217126e+02   1.9217126e+02   2.2084575e+02   2.6022726e+02   3.2927978e+02   4.3963295e+02   5.9015824e+02   8.4645961e+02   1.1914413e+03   1.7653114e+03   2.4934926e+03   3.7094487e+03   5.3871473e+03   7.9286443e+03   1.1589773e+04   1.6788369e+04   2.2436073e+04   3.1967104e+04   3.8128616e+04   4.8937708e+04   5.8155996e+04   6.3607962e+04   7.3003416e+04   7.9376212e+04   8.2705724e+04   8.8215019e+04   9.1472928e+04   9.1472928e+04   9.1472928e+04   9.1472928e+04   9.1472928e+04
   2.2420698e+02   2.2420698e+02   2.2420698e+02   2.2420698e+02   2.2420698e+02   2.2420698e+02   2.2420698e+02   2.2644484e+02   2.3735988e+02   2.5226923e+02   2.7415277e+02   3.0249008e+02   3.6243943e+02   4.8302325e+02   6.8605681e+02   1.0399958e+03   1.6513008e+03   2.6995964e+03   4.4409535e+03   7.1830780e+03   1.1409312e+04   1.7010205e+04   2.4421995e+04   3.4097452e+04   4.3020741e+04   5.8431465e+04   6.7175141e+04   7.6844552e+04   9.2014378e+04   9.9913208e+04   1.0665287e+05   1.1863724e+05   1.2025942e+05   1.2025942e+05   1.2025942e+05   1.2025942e+05   1.2025942e+05
   2.9565495e+02   2.9565495e+02   2.9565495e+02   2.9565495e+02   2.9565495e+02   2.9565495e+02   2.9565495e+02   3.0018732e+02   3.1126128e+02   3.2384283e+02   3.4033736e+02   3.6731091e+02   4.2776968e+02   5.4203508e+02   7.3433299e+02   1.0708608e+03   1.6493893e+03   2.6208457e+03   4.2715705e+03   6.7566481e+03   1.0796807e+04   1.5772199e+04   2.3570697e+04   3.2150060e+04   4.3663609e+04   5.9881334e+04   7.3344318e+04   8.9240515e+04   1.1233692e+05   1.2583441e+05   1.4080175e+05   1.6080375e+05   1.6080375e+05   1.6080375e+05   1.6080375e+05   1.6080375e+05   1.6080375e+05
   3.7133647e+02   3.7133647e+02   3.7133647e+02   3.7133647e+02   3.7133647e+02   3.7133647e+02   3.7133647e+02   3.7802334e+02   3.8768767e+02   3.9619399e+02   4.0770930e+02   4.3149565e+02   4.8674697e+02   5.8593465e+02   7.5569863e+02   1.0493059e+03   1.5515065e+03   2.3858462e+03   3.8309964e+03   5.9978159e+03   9.6082098e+03   1.4190567e+04   2.2174356e+04   3.0899834e+04   4.5258781e+04   6.2646312e+04   8.3753072e+04   1.0648549e+05   1.4168824e+05   1.5697380e+05   1.8352177e+05   2.0375048e+05   2.0375048e+05   2.0375048e+05   2.0375048e+05   2.0375048e+05   2.0375048e+05
   4.5150240e+02   4.5150240e+02   4.5150240e+02   4.5150240e+02   4.5150240e+02   4.5150240e+02   4.5249491e+02   4.6000532e+02   4.6597751e+02   4.6802592e+02   4.7547861e+02   4.9330325e+02   5.3511180e+02   6.0902409e+02   7.3735739e+02   9.5224531e+02   1.3133499e+03   1.9358247e+03   3.0020733e+03   4.7706047e+03   7.6548637e+03   1.2129031e+04   1.9484118e+04   3.0614212e+04   4.7156088e+04   6.9862283e+04   9.6820121e+04   1.3005783e+05   1.7084998e+05   1.9479223e+05   2.3737211e+05   2.4924196e+05   2.4924196e+05   2.4924196e+05   2.4924196e+05   2.4924196e+05   2.4924196e+05
   5.8378131e+02   5.8378131e+02   5.8378131e+02   5.8378131e+02   5.8378131e+02   5.8378131e+02   5.8649581e+02   5.9459619e+02   5.9727020e+02   5.9864266e+02   6.0713371e+02   6.2370192e+02   6.5549725e+02   7.0942239e+02   7.9982109e+02   9.4298512e+02   1.1916224e+03   1.6417601e+03   2.4458975e+03   3.8668993e+03   6.2998532e+03   1.0444193e+04   1.7383419e+04   2.9234369e+04   4.5205012e+04   7.0678206e+04   9.7161100e+04   1.3709994e+05   1.7362978e+05   2.0916565e+05   2.5875047e+05   2.5875047e+05   2.5875047e+05   2.5875047e+05   2.5875047e+05   2.5875047e+05   2.5875047e+05
   7.6454792e+02   7.6454792e+02   7.6454792e+02   7.6454792e+02   7.6454792e+02   7.6454792e+02   7.6930304e+02   7.7698740e+02   7.8199945e+02   7.9014004e+02   8.0218895e+02   8.2262600e+02   8.4844372e+02   8.8710838e+02   9.4518661e+02   1.0414002e+03   1.2164111e+03   1.5663621e+03   2.2001540e+03   3.3612625e+03   5.3258259e+03   8.7686218e+03   1.4546598e+04   2.4221529e+04   3.7704893e+04   5.8721891e+04   8.2448484e+04   1.2187341e+05   1.5405629e+05   2.0164160e+05   2.3562613e+05   2.3562613e+05   2.3562613e+05   2.3562613e+05   2.3562613e+05   2.3562613e+05   2.3562613e+05
   9.5602561e+02   9.5602561e+02   9.5602561e+02   9.5602561e+02   9.5602561e+02   9.5651992e+02   9.6290886e+02   9.7146600e+02   9.8066029e+02   9.9520095e+02   1.0110936e+03   1.0291478e+03   1.0435030e+03   1.0544063e+03   1.0649991e+03   1.0921658e+03   1.1592345e+03   1.3472098e+03   1.7185007e+03   2.4313226e+03   3.6907269e+03   5.9287807e+03   9.9200350e+03   1.6461405e+04   2.6778264e+04   4.2373897e+04   6.4628918e+04   9.8233775e+04   1.3884713e+05   1.9442693e+05   2.1113160e+05   2.1113160e+05   2.1113160e+05   2.1113160e+05   2.1113160e+05   2.1113160e+05   2.1113160e+05
   1.2107520e+03   1.2107520e+03   1.2107520e+03   1.2107520e+03   1.2107520e+03   1.2078375e+03   1.1964615e+03   1.1837833e+03   1.1717024e+03   1.1608825e+03   1.1625334e+03   1.1533401e+03   1.1493789e+03   1.1258700e+03   1.0974732e+03   1.0641408e+03   1.0568148e+03   1.0989496e+03   1.2625118e+03   1.5887553e+03   2.2575183e+03   3.4998778e+03   5.9522260e+03   1.0297965e+04   1.7969112e+04   3.0609502e+04   5.2093999e+04   8.2761640e+04   1.3334653e+05   1.8635570e+05   1.8635570e+05   1.8635570e+05   1.8635570e+05   1.8635570e+05   1.8635570e+05   1.8635570e+05   1.8635570e+05
   1.5684639e+03   1.5684639e+03   1.5684639e+03   1.5684639e+03   1.5684639e+03   1.5335173e+03   1.4706712e+03   1.3848923e+03   1.3107070e+03   1.2224523e+03   1.1786574e+03   1.1239157e+03   1.0954534e+03   1.0580021e+03   1.0266026e+03   9.9676139e+02   1.0083747e+03   1.0686846e+03   1.2512977e+03   1.6061046e+03   2.2941353e+03   3.6164282e+03   6.1129398e+03   1.0511800e+04   1.8230759e+04   3.0756757e+04   5.1698581e+04   8.1779846e+04   1.2914739e+05   1.6209306e+05   1.6209306e+05   1.6209306e+05   1.6209306e+05   1.6209306e+05   1.6209306e+05   1.6209306e+05   1.6209306e+05
   1.9473715e+03   1.9473715e+03   1.9473715e+03   1.9473715e+03   1.9473715e+03   1.8437914e+03   1.7242016e+03   1.5422349e+03   1.4120143e+03   1.2552301e+03   1.1606783e+03   1.0832548e+03   1.0212789e+03   9.8491454e+02   9.4995205e+02   9.3113320e+02   9.5696671e+02   1.0353202e+03   1.2255984e+03   1.5944700e+03   2.2753795e+03   3.6095249e+03   6.0424267e+03   1.0313076e+04   1.7711686e+04   2.9748788e+04   4.9270018e+04   7.8200516e+04   1.2042108e+05   1.3639277e+05   1.3639277e+05   1.3639277e+05   1.3639277e+05   1.3639277e+05   1.3639277e+05   1.3639277e+05   1.3639277e+05
   2.3487309e+03   2.3487309e+03   2.3487309e+03   2.3487309e+03   2.3125623e+03   2.1465885e+03   1.9432521e+03   1.6955854e+03   1.4578802e+03   1.2732653e+03   1.1097331e+03   1.0253546e+03   9.4432056e+02   9.0649083e+02   8.7590935e+02   8.7195076e+02   9.0329419e+02   9.9500336e+02   1.1789248e+03   1.5338402e+03   2.1770090e+03   3.4153598e+03   5.6308109e+03   9.5060411e+03   1.6057895e+04   2.7053619e+04   4.3919721e+04   7.0842689e+04   1.0542303e+05   1.0916964e+05   1.0916964e+05   1.0916964e+05   1.0916964e+05   1.0916964e+05   1.0916964e+05   1.0916964e+05   1.0916964e+05
   2.7738723e+03   2.7738723e+03   2.7738723e+03   2.7738723e+03   2.6645202e+03   2.4289866e+03   2.1169960e+03   1.8131258e+03   1.4591176e+03   1.2570049e+03   1.0367037e+03   9.4546599e+02   8.6022085e+02   8.2122160e+02   8.0297731e+02   8.0849111e+02   8.4806354e+02   9.3677667e+02   1.1027478e+03   1.4031646e+03   1.9443409e+03   2.9510783e+03   4.7336050e+03   7.8241900e+03   1.3039720e+04   2.1848670e+04   3.5457295e+04   5.7583194e+04   8.0333439e+04   8.0333439e+04   8.0333439e+04   8.0333439e+04   8.0333439e+04   8.0333439e+04   8.0333439e+04   8.0333439e+04   8.0333439e+04
   2.7965719e+03   2.7965719e+03   2.7965719e+03   2.7965719e+03   2.6033985e+03   2.3470033e+03   1.9721402e+03   1.6727682e+03   1.3188972e+03   1.1033709e+03   9.2044048e+02   8.0642130e+02   7.5308614e+02   7.1480610e+02   7.1522714e+02   7.2830181e+02   7.7186287e+02   8.5156342e+02   9.9433924e+02   1.2353269e+03   1.6622845e+03   2.4402149e+03   3.7979857e+03   6.1455720e+03   1.0132707e+04   1.7036082e+04   2.7765172e+04   4.6293383e+04   5.7698452e+04   5.7698452e+04   5.7698452e+04   5.7698452e+04   5.7698452e+04   5.7698452e+04   5.7698452e+04   5.7698452e+04   5.7698452e+04
   2.1039653e+03   2.1039653e+03   2.1039653e+03   2.0796475e+03   1.9076421e+03   1.7011023e+03   1.4295332e+03   1.1902241e+03   9.7273380e+02   8.0622534e+02   7.0912994e+02   6.3224819e+02   6.0733498e+02   5.9100965e+02   5.9839025e+02   6.2050255e+02   6.6456358e+02   7.4316261e+02   8.7842650e+02   1.1089396e+03   1.5222534e+03   2.2648990e+03   3.5436298e+03   5.7620863e+03   9.4975821e+03   1.5854884e+04   2.6025376e+04   4.2845812e+04   4.6978058e+04   4.6978058e+04   4.6978058e+04   4.6978058e+04   4.6978058e+04   4.6978058e+04   4.6978058e+04   4.6978058e+04   4.6978058e+04
   1.3703192e+03   1.3703192e+03   1.3703192e+03   1.3274253e+03   1.2133087e+03   1.0674130e+03   9.1575907e+02   7.4176862e+02   6.4453523e+02   5.3629492e+02   5.0169420e+02   4.6836712e+02   4.6146365e+02   4.6668858e+02   4.7750098e+02   5.0463410e+02   5.4580574e+02   6.1648602e+02   7.3552392e+02   9.4012731e+02   1.3085455e+03   1.9589702e+03   3.0694277e+03   4.9869929e+03   8.2190859e+03   1.3639216e+04   2.2729297e+04   3.5622440e+04   3.5622440e+04   3.5622440e+04   3.5622440e+04   3.5622440e+04   3.5622440e+04   3.5622440e+04   3.5622440e+04   3.5622440e+04   3.5622440e+04
   5.9320179e+02   5.9320179e+02   5.9320179e+02   5.6637725e+02   5.2507270e+02   4.6766928e+02   4.1868590e+02   3.6301539e+02   3.3312195e+02   3.1003165e+02   3.0414403e+02   3.0972619e+02   3.1855550e+02   3.3538921e+02   3.5314689e+02   3.7737873e+02   4.1263526e+02   4.6610120e+02   5.5660747e+02   7.1321410e+02   9.9006656e+02   1.4725703e+03   2.2829577e+03   3.6745574e+03   6.0355812e+03   1.0057129e+04   1.7239776e+04   2.3593960e+04   2.3593960e+04   2.3593960e+04   2.3593960e+04   2.3593960e+04   2.3593960e+04   2.3593960e+04   2.3593960e+04   2.3593960e+04   2.3593960e+04
   2.1607904e+02   2.1607904e+02   2.1543994e+02   2.0776409e+02   1.9842026e+02   1.9333624e+02   1.8966792e+02   1.9032557e+02   1.9745146e+02   2.1171077e+02   2.3358595e+02   2.6557988e+02   3.0512700e+02   3.5688937e+02   4.2434702e+02   5.0452539e+02   6.0974569e+02   7.1928637e+02   8.6722084e+02   1.0335005e+03   1.2881061e+03   1.6654297e+03   2.2706239e+03   3.2930031e+03   5.0213914e+03   8.1748050e+03   1.3891240e+04   1.6351388e+04   1.6351388e+04   1.6351388e+04   1.6351388e+04   1.6351388e+04   1.6351388e+04   1.6351388e+04   1.6351388e+04   1.6351388e+04   1.6351388e+04
   2.6824478e+02   2.6824478e+02   2.6000865e+02   2.4034613e+02   2.2037327e+02   2.0795409e+02   2.0276284e+02   2.0403764e+02   2.1822163e+02   2.4372037e+02   2.8825705e+02   3.5272191e+02   4.4970542e+02   5.7513022e+02   7.6738342e+02   9.6530931e+02   1.2552718e+03   1.4827785e+03   1.7756135e+03   2.0255045e+03   2.3321209e+03   2.7354697e+03   3.3162080e+03   4.2833758e+03   5.9175497e+03   8.9124056e+03   1.4247252e+04   1.4247252e+04   1.4247252e+04   1.4247252e+04   1.4247252e+04   1.4247252e+04   1.4247252e+04   1.4247252e+04   1.4247252e+04   1.4247252e+04   1.4247252e+04
   3.2350153e+02   3.2350153e+02   3.0057852e+02   2.6513363e+02   2.4019802e+02   2.2047806e+02   2.1663137e+02   2.2113358e+02   2.4505017e+02   2.8752853e+02   3.6332647e+02   4.7133204e+02   6.4216430e+02   8.6493427e+02   1.1938876e+03   1.5497881e+03   1.9948459e+03   2.3956779e+03   2.7698032e+03   3.1235404e+03   3.4291794e+03   3.8244847e+03   4.3371466e+03   5.1761057e+03   6.6005776e+03   9.1449298e+03   1.2018439e+04   1.2018439e+04   1.2018439e+04   1.2018439e+04   1.2018439e+04   1.2018439e+04   1.2018439e+04   1.2018439e+04   1.2018439e+04   1.2018439e+04   1.2018439e+04
   3.5367465e+02   3.5367465e+02   3.1987000e+02   2.7542708e+02   2.6070244e+02   2.4357150e+02   2.4592668e+02   2.5874778e+02   2.8996244e+02   3.4621956e+02   4.4457502e+02   5.7958219e+02   7.9667921e+02   1.0825904e+03   1.4686487e+03   1.9354487e+03   2.3995516e+03   2.9280831e+03   3.2793885e+03   3.6980983e+03   3.9714412e+03   4.3480279e+03   4.7953831e+03   5.5115054e+03   6.6980523e+03   8.7375485e+03   9.9319272e+03   9.9319272e+03   9.9319272e+03   9.9319272e+03   9.9319272e+03   9.9319272e+03   9.9319272e+03   9.9319272e+03   9.9319272e+03   9.9319272e+03   9.9319272e+03
   3.2817035e+02   3.2347629e+02   3.0966088e+02   2.9721797e+02   2.9540499e+02   3.0038886e+02   3.0955142e+02   3.2894935e+02   3.5737210e+02   4.0330315e+02   4.7538891e+02   5.8120787e+02   7.3439110e+02   9.6215306e+02   1.2256703e+03   1.5970967e+03   1.9214839e+03   2.3337933e+03   2.6391988e+03   2.9972385e+03   3.3169949e+03   3.7087475e+03   4.2085549e+03   4.9360554e+03   6.1163409e+03   8.0229783e+03   8.2777722e+03   8.2777722e+03   8.2777722e+03   8.2777722e+03   8.2777722e+03   8.2777722e+03   8.2777722e+03   8.2777722e+03   8.2777722e+03   8.2777722e+03   8.2777722e+03
   3.0115482e+02   3.0477328e+02   3.1335149e+02   3.2948397e+02   3.4493898e+02   3.6466970e+02   3.8208788e+02   3.9989313e+02   4.2144212e+02   4.4728841e+02   4.8564245e+02   5.4153695e+02   6.2181297e+02   7.4591138e+02   8.9897112e+02   1.1232272e+03   1.3536633e+03   1.6609781e+03   1.9366647e+03   2.2715743e+03   2.6295000e+03   3.0325907e+03   3.5681961e+03   4.2511355e+03   5.3242233e+03   6.5256024e+03   6.5256024e+03   6.5256024e+03   6.5256024e+03   6.5256024e+03   6.5256024e+03   6.5256024e+03   6.5256024e+03   6.5256024e+03   6.5256024e+03   6.5256024e+03   6.5256024e+03
   2.5785417e+02   2.7010877e+02   2.8756066e+02   3.0938314e+02   3.3589439e+02   3.6164997e+02   3.9534558e+02   4.2754544e+02   4.7331316e+02   5.1330794e+02   5.6710657e+02   6.2142491e+02   6.9153713e+02   7.8863985e+02   9.1423817e+02   1.1030216e+03   1.3373193e+03   1.6501717e+03   2.0306123e+03   2.4581982e+03   3.0010059e+03   3.4875729e+03   4.1459846e+03   4.8350695e+03   5.8777556e+03   6.4886452e+03   6.4886452e+03   6.4886452e+03   6.4886452e+03   6.4886452e+03   6.4886452e+03   6.4886452e+03   6.4886452e+03   6.4886452e+03   6.4886452e+03   6.4886452e+03   6.4886452e+03
   2.0625990e+02   2.1987996e+02   2.3633122e+02   2.5787188e+02   2.8872118e+02   3.2718404e+02   3.8456900e+02   4.5096993e+02   5.4099581e+02   6.2413912e+02   7.1470240e+02   8.0422986e+02   8.9290794e+02   1.0103894e+03   1.1601377e+03   1.3784115e+03   1.6870273e+03   2.0886037e+03   2.6670220e+03   3.2503439e+03   4.0236507e+03   4.6448971e+03   5.4156609e+03   6.1887750e+03   7.2078497e+03   7.4183803e+03   7.4183803e+03   7.4183803e+03   7.4183803e+03   7.4183803e+03   7.4183803e+03   7.4183803e+03   7.4183803e+03   7.4183803e+03   7.4183803e+03   7.4183803e+03   7.4183803e+03
   1.6498747e+02   1.7652709e+02   1.9214573e+02   2.1397620e+02   2.5027106e+02   2.9933375e+02   3.7408389e+02   4.6633136e+02   5.7131026e+02   6.9069153e+02   7.8370516e+02   8.9966878e+02   9.8588618e+02   1.1147548e+03   1.2794420e+03   1.5197581e+03   1.8869678e+03   2.3571382e+03   3.0874956e+03   3.7476630e+03   4.6570434e+03   5.3447459e+03   6.1895238e+03   7.0961859e+03   8.0464802e+03   8.0464802e+03   8.0464802e+03   8.0464802e+03   8.0464802e+03   8.0464802e+03   8.0464802e+03   8.0464802e+03   8.0464802e+03   8.0464802e+03   8.0464802e+03   8.0464802e+03   8.0464802e+03
   1.4455248e+02   1.5220984e+02   1.6568073e+02   1.8551641e+02   2.1766380e+02   2.6416954e+02   3.2548603e+02   4.0940110e+02   4.8564957e+02   5.7945939e+02   6.5275566e+02   7.3931128e+02   8.2426381e+02   9.3660739e+02   1.0988326e+03   1.3193208e+03   1.6539373e+03   2.0899756e+03   2.6836668e+03   3.3555186e+03   4.1055106e+03   4.9402562e+03   5.8704389e+03   7.1451945e+03   7.9967888e+03   7.9967888e+03   7.9967888e+03   7.9967888e+03   7.9967888e+03   7.9967888e+03   7.9967888e+03   7.9967888e+03   7.9967888e+03   7.9967888e+03   7.9967888e+03   7.9967888e+03   7.9967888e+03
   1.1996880e+02   1.2468129e+02   1.3511773e+02   1.5234891e+02   1.7930744e+02   2.1789437e+02   2.6537180e+02   3.2782471e+02   3.8220324e+02   4.4557576e+02   5.0211041e+02   5.6425658e+02   6.3964413e+02   7.3769913e+02   8.8313093e+02   1.0783948e+03   1.3613178e+03   1.7471019e+03   2.2238215e+03   2.8561608e+03   3.5564227e+03   4.5190078e+03   5.6757218e+03   7.3640978e+03   7.9441531e+03   7.9441531e+03   7.9441531e+03   7.9441531e+03   7.9441531e+03   7.9441531e+03   7.9441531e+03   7.9441531e+03   7.9441531e+03   7.9441531e+03   7.9441531e+03   7.9441531e+03   7.9441531e+03
   9.0517943e+01   9.3337273e+01   9.9747095e+01   1.1310452e+02   1.3231963e+02   1.5867430e+02   1.8806527e+02   2.2301175e+02   2.5497465e+02   2.8887125e+02   3.2705973e+02   3.6986504e+02   4.3099910e+02   5.1078174e+02   6.3301292e+02   7.8322846e+02   1.0017166e+03   1.3015748e+03   1.6861460e+03   2.2699058e+03   3.0071367e+03   4.1863965e+03   5.6490559e+03   7.8883985e+03   7.8883985e+03   7.8883985e+03   7.8883985e+03   7.8883985e+03   7.8883985e+03   7.8883985e+03   7.8883985e+03   7.8883985e+03   7.8883985e+03   7.8883985e+03   7.8883985e+03   7.8883985e+03   7.8883985e+03
   7.5181279e+01   8.0091048e+01   8.9025725e+01   1.0288744e+02   1.1998045e+02   1.3956422e+02   1.5729657e+02   1.7706253e+02   1.9207778e+02   2.1052603e+02   2.3246686e+02   2.6130114e+02   3.0633561e+02   3.6570341e+02   4.5594028e+02   5.6741915e+02   7.2664119e+02   9.5538708e+02   1.2871318e+03   1.8213975e+03   2.6001779e+03   3.8233156e+03   5.5315976e+03   7.2153842e+03   7.2153842e+03   7.2153842e+03   7.2153842e+03   7.2153842e+03   7.2153842e+03   7.2153842e+03   7.2153842e+03   7.2153842e+03   7.2153842e+03   7.2153842e+03   7.2153842e+03   7.2153842e+03   7.2153842e+03
   8.3518302e+01   9.6280895e+01   1.1658975e+02   1.3749664e+02   1.6000961e+02   1.8332308e+02   2.0064524e+02   2.1894844e+02   2.2943747e+02   2.4006983e+02   2.5160033e+02   2.6621789e+02   2.9242374e+02   3.3371480e+02   3.9313914e+02   4.8461646e+02   6.0727896e+02   8.0594459e+02   1.0918395e+03   1.5597679e+03   2.2627840e+03   3.3251573e+03   4.9306197e+03   5.7692546e+03   5.7692546e+03   5.7692546e+03   5.7692546e+03   5.7692546e+03   5.7692546e+03   5.7692546e+03   5.7692546e+03   5.7692546e+03   5.7692546e+03   5.7692546e+03   5.7692546e+03   5.7692546e+03   5.7692546e+03
   9.6068798e+01   1.1992854e+02   1.4808737e+02   1.7917777e+02   2.0343806e+02   2.2919508e+02   2.4563519e+02   2.5973141e+02   2.6430826e+02   2.6487196e+02   2.6009692e+02   2.5983667e+02   2.6170139e+02   2.8113765e+02   3.0998487e+02   3.6758544e+02   4.5338753e+02   5.9765314e+02   8.2487165e+02   1.1883807e+03   1.7711490e+03   2.6455601e+03   4.0545164e+03   4.2374365e+03   4.2374365e+03   4.2374365e+03   4.2374365e+03   4.2374365e+03   4.2374365e+03   4.2374365e+03   4.2374365e+03   4.2374365e+03   4.2374365e+03   4.2374365e+03   4.2374365e+03   4.2374365e+03   4.2374365e+03
   1.0623350e+02   1.3983940e+02   1.7186900e+02   2.1164720e+02   2.3736369e+02   2.6758130e+02   2.8666710e+02   3.0217622e+02   3.0672082e+02   3.0367185e+02   2.9061257e+02   2.7819538e+02   2.6382274e+02   2.5874556e+02   2.6342102e+02   2.8513269e+02   3.3307809e+02   4.2367366e+02   5.8083087e+02   8.4472237e+02   1.2844353e+03   2.0015411e+03   2.9313230e+03   2.9313230e+03   2.9313230e+03   2.9313230e+03   2.9313230e+03   2.9313230e+03   2.9313230e+03   2.9313230e+03   2.9313230e+03   2.9313230e+03   2.9313230e+03   2.9313230e+03   2.9313230e+03   2.9313230e+03   2.9313230e+03
   9.8705333e+01   1.3309472e+02   1.6623053e+02   2.0857499e+02   2.4447723e+02   2.8555808e+02   3.2476233e+02   3.5799210e+02   3.8713559e+02   3.9791316e+02   4.0366326e+02   3.9205877e+02   3.8004794e+02   3.6230785e+02   3.5275361e+02   3.4807010e+02   3.7426807e+02   4.3050827e+02   5.6273331e+02   7.8343734e+02   1.1801147e+03   1.8284714e+03   2.3239026e+03   2.3239026e+03   2.3239026e+03   2.3239026e+03   2.3239026e+03   2.3239026e+03   2.3239026e+03   2.3239026e+03   2.3239026e+03   2.3239026e+03   2.3239026e+03   2.3239026e+03   2.3239026e+03   2.3239026e+03   2.3239026e+03
   8.9838003e+01   1.2449730e+02   1.6177605e+02   2.0988987e+02   2.5870994e+02   3.1417541e+02   3.7825233e+02   4.2930020e+02   4.8381192e+02   5.0786727e+02   5.2560106e+02   5.1554294e+02   4.9720755e+02   4.6329823e+02   4.3270135e+02   3.9836970e+02   3.9435067e+02   4.1545571e+02   5.0188996e+02   6.6953531e+02   9.7866427e+02   1.5270908e+03   1.6804902e+03   1.6804902e+03   1.6804902e+03   1.6804902e+03   1.6804902e+03   1.6804902e+03   1.6804902e+03   1.6804902e+03   1.6804902e+03   1.6804902e+03   1.6804902e+03   1.6804902e+03   1.6804902e+03   1.6804902e+03   1.6804902e+03
   8.3817760e+01   1.1232079e+02   1.4389539e+02   1.8117722e+02   2.2764941e+02   2.7174007e+02   3.3307580e+02   3.7235811e+02   4.1743849e+02   4.3844242e+02   4.4789010e+02   4.4093043e+02   4.2257181e+02   3.9206575e+02   3.6624448e+02   3.4224784e+02   3.4018299e+02   3.7142799e+02   4.4855993e+02   6.0324583e+02   8.7780540e+02   1.3045639e+03   1.3045639e+03   1.3045639e+03   1.3045639e+03   1.3045639e+03   1.3045639e+03   1.3045639e+03   1.3045639e+03   1.3045639e+03   1.3045639e+03   1.3045639e+03   1.3045639e+03   1.3045639e+03   1.3045639e+03   1.3045639e+03   1.3045639e+03
   7.4512368e+01   8.8639790e+01   1.0527363e+02   1.2156287e+02   1.4271927e+02   1.6342988e+02   1.8738938e+02   2.0792097e+02   2.2306185e+02   2.3407951e+02   2.3589786e+02   2.3451761e+02   2.2920876e+02   2.2442022e+02   2.2309995e+02   2.3599953e+02   2.6423867e+02   3.2434759e+02   4.2772518e+02   5.8638019e+02   8.5915306e+02   1.1009761e+03   1.1009761e+03   1.1009761e+03   1.1009761e+03   1.1009761e+03   1.1009761e+03   1.1009761e+03   1.1009761e+03   1.1009761e+03   1.1009761e+03   1.1009761e+03   1.1009761e+03   1.1009761e+03   1.1009761e+03   1.1009761e+03   1.1009761e+03
   6.2589231e+01   6.4591169e+01   6.5760180e+01   6.6337113e+01   6.7047243e+01   6.7577878e+01   6.8435178e+01   6.9532097e+01   7.0931822e+01   7.3123802e+01   7.6316531e+01   8.1656785e+01   9.0120362e+01   1.0411095e+02   1.2652121e+02   1.5953915e+02   2.1109318e+02   2.8122003e+02   3.9128949e+02   5.4021397e+02   7.8235124e+02   8.7715319e+02   8.7715319e+02   8.7715319e+02   8.7715319e+02   8.7715319e+02   8.7715319e+02   8.7715319e+02   8.7715319e+02   8.7715319e+02   8.7715319e+02   8.7715319e+02   8.7715319e+02   8.7715319e+02   8.7715319e+02   8.7715319e+02   8.7715319e+02
   6.1212988e+01   5.8966155e+01   5.6453570e+01   5.4680411e+01   5.2703024e+01   5.1943494e+01   5.1212851e+01   5.1296917e+01   5.2089536e+01   5.4325826e+01   5.8073952e+01   6.4311094e+01   7.3018213e+01   8.6100290e+01   1.0567283e+02   1.3177986e+02   1.7273892e+02   2.2716063e+02   3.1087529e+02   4.3238716e+02   6.2026241e+02   6.2026241e+02   6.2026241e+02   6.2026241e+02   6.2026241e+02   6.2026241e+02   6.2026241e+02   6.2026241e+02   6.2026241e+02   6.2026241e+02   6.2026241e+02   6.2026241e+02   6.2026241e+02   6.2026241e+02   6.2026241e+02   6.2026241e+02   6.2026241e+02
   5.6949822e+01   5.2415601e+01   4.7108218e+01   4.3652001e+01   4.0073634e+01   3.8071938e+01   3.6667412e+01   3.6179531e+01   3.7539272e+01   4.0715121e+01   4.6269823e+01   5.4499835e+01   6.5562831e+01   7.9362362e+01   9.8125309e+01   1.2021943e+02   1.5219609e+02   1.9291998e+02   2.5256454e+02   3.3986306e+02   4.2224487e+02   4.2224487e+02   4.2224487e+02   4.2224487e+02   4.2224487e+02   4.2224487e+02   4.2224487e+02   4.2224487e+02   4.2224487e+02   4.2224487e+02   4.2224487e+02   4.2224487e+02   4.2224487e+02   4.2224487e+02   4.2224487e+02   4.2224487e+02   4.2224487e+02
   5.2745494e+01   4.8647222e+01   4.3374614e+01   4.0012078e+01   3.6785424e+01   3.4872232e+01   3.4580307e+01   3.5811892e+01   3.9899323e+01   4.7064041e+01   5.8245685e+01   7.4028154e+01   9.6131153e+01   1.2102407e+02   1.5583599e+02   1.8800163e+02   2.3185817e+02   2.7416167e+02   3.2862603e+02   4.0186719e+02   4.3888834e+02   4.3888834e+02   4.3888834e+02   4.3888834e+02   4.3888834e+02   4.3888834e+02   4.3888834e+02   4.3888834e+02   4.3888834e+02   4.3888834e+02   4.3888834e+02   4.3888834e+02   4.3888834e+02   4.3888834e+02   4.3888834e+02   4.3888834e+02   4.3888834e+02
   4.9849957e+01   4.6093448e+01   4.1981057e+01   3.8464887e+01   3.6039933e+01   3.4184392e+01   3.4669014e+01   3.6912025e+01   4.2483554e+01   5.1722869e+01   6.7130821e+01   8.6710591e+01   1.1581671e+02   1.4628924e+02   1.8610666e+02   2.2529688e+02   2.6704695e+02   3.1130562e+02   3.5455410e+02   4.1659367e+02   4.2454637e+02   4.2454637e+02   4.2454637e+02   4.2454637e+02   4.2454637e+02   4.2454637e+02   4.2454637e+02   4.2454637e+02   4.2454637e+02   4.2454637e+02   4.2454637e+02   4.2454637e+02   4.2454637e+02   4.2454637e+02   4.2454637e+02   4.2454637e+02   4.2454637e+02
   4.8587743e+01   4.5953037e+01   4.3790568e+01   4.0698699e+01   3.8795734e+01   3.6687242e+01   3.6610464e+01   3.7814916e+01   4.2459691e+01   5.0269728e+01   6.4355521e+01   8.2353608e+01   1.0797552e+02   1.3621157e+02   1.6834409e+02   2.0349736e+02   2.3635360e+02   2.7564633e+02   3.1625549e+02   3.6422527e+02   3.6422527e+02   3.6422527e+02   3.6422527e+02   3.6422527e+02   3.6422527e+02   3.6422527e+02   3.6422527e+02   3.6422527e+02   3.6422527e+02   3.6422527e+02   3.6422527e+02   3.6422527e+02   3.6422527e+02   3.6422527e+02   3.6422527e+02   3.6422527e+02   3.6422527e+02
   4.8240841e+01   4.6933523e+01   4.5958804e+01   4.3658609e+01   4.1502443e+01   3.8870536e+01   3.7848764e+01   3.7766792e+01   4.1056466e+01   4.7516473e+01   5.9268778e+01   7.5463637e+01   9.6882969e+01   1.2155785e+02   1.4613774e+02   1.7505176e+02   2.0056602e+02   2.3366512e+02   2.7285456e+02   3.0032992e+02   3.0032992e+02   3.0032992e+02   3.0032992e+02   3.0032992e+02   3.0032992e+02   3.0032992e+02   3.0032992e+02   3.0032992e+02   3.0032992e+02   3.0032992e+02   3.0032992e+02   3.0032992e+02   3.0032992e+02   3.0032992e+02   3.0032992e+02   3.0032992e+02   3.0032992e+02
   4.8670316e+01   4.9303419e+01   4.8668393e+01   4.6873728e+01   4.4127495e+01   4.0712067e+01   3.8103557e+01   3.6786190e+01   3.7852933e+01   4.2862635e+01   5.1782210e+01   6.4825338e+01   8.1359263e+01   9.9516376e+01   1.1764911e+02   1.3780741e+02   1.5829700e+02   1.8552849e+02   2.2262089e+02   2.3264853e+02   2.3264853e+02   2.3264853e+02   2.3264853e+02   2.3264853e+02   2.3264853e+02   2.3264853e+02   2.3264853e+02   2.3264853e+02   2.3264853e+02   2.3264853e+02   2.3264853e+02   2.3264853e+02   2.3264853e+02   2.3264853e+02   2.3264853e+02   2.3264853e+02   2.3264853e+02
   4.6697902e+01   4.8429150e+01   4.7995218e+01   4.7038092e+01   4.4708977e+01   4.2405562e+01   3.9508383e+01   3.8909588e+01   3.9093498e+01   4.3400298e+01   5.0137154e+01   6.0241504e+01   7.1258106e+01   8.5040431e+01   9.6378402e+01   1.1195066e+02   1.2780505e+02   1.5204772e+02   1.8292030e+02   1.8292030e+02   1.8292030e+02   1.8292030e+02   1.8292030e+02   1.8292030e+02   1.8292030e+02   1.8292030e+02   1.8292030e+02   1.8292030e+02   1.8292030e+02   1.8292030e+02   1.8292030e+02   1.8292030e+02   1.8292030e+02   1.8292030e+02   1.8292030e+02   1.8292030e+02   1.8292030e+02
   4.2038696e+01   4.3811762e+01   4.4575631e+01   4.5332241e+01   4.4900310e+01   4.4978070e+01   4.4327520e+01   4.4784403e+01   4.5980812e+01   4.9213854e+01   5.3780222e+01   6.0738030e+01   6.6985134e+01   7.5523308e+01   8.3714474e+01   9.4854838e+01   1.0974881e+02   1.3107393e+02   1.4909592e+02   1.4909592e+02   1.4909592e+02   1.4909592e+02   1.4909592e+02   1.4909592e+02   1.4909592e+02   1.4909592e+02   1.4909592e+02   1.4909592e+02   1.4909592e+02   1.4909592e+02   1.4909592e+02   1.4909592e+02   1.4909592e+02   1.4909592e+02   1.4909592e+02   1.4909592e+02   1.4909592e+02
   3.7262970e+01   3.9678592e+01   4.2060932e+01   4.4718331e+01   4.6958323e+01   4.8747269e+01   5.0394100e+01   5.1257659e+01   5.2563302e+01   5.3899306e+01   5.5552900e+01   5.7505724e+01   5.9682738e+01   6.2615856e+01   6.7762483e+01   7.5245018e+01   8.7728537e+01   1.0597262e+02   1.1326732e+02   1.1326732e+02   1.1326732e+02   1.1326732e+02   1.1326732e+02   1.1326732e+02   1.1326732e+02   1.1326732e+02   1.1326732e+02   1.1326732e+02   1.1326732e+02   1.1326732e+02   1.1326732e+02   1.1326732e+02   1.1326732e+02   1.1326732e+02   1.1326732e+02   1.1326732e+02   1.1326732e+02
   3.2835091e+01   3.5855694e+01   3.9846942e+01   4.3456191e+01   4.7850302e+01   5.0322155e+01   5.2944545e+01   5.3962046e+01   5.4532096e+01   5.4385872e+01   5.3581860e+01   5.2199192e+01   5.1821358e+01   5.2224003e+01   5.5500865e+01   6.1666082e+01   7.2660078e+01   8.8434561e+01   8.8434561e+01   8.8434561e+01   8.8434561e+01   8.8434561e+01   8.8434561e+01   8.8434561e+01   8.8434561e+01   8.8434561e+01   8.8434561e+01   8.8434561e+01   8.8434561e+01   8.8434561e+01   8.8434561e+01   8.8434561e+01   8.8434561e+01   8.8434561e+01   8.8434561e+01   8.8434561e+01   8.8434561e+01
   2.8861835e+01   3.1897623e+01   3.5813087e+01   3.9418885e+01   4.3336102e+01   4.6072849e+01   4.8301596e+01   4.9397848e+01   4.9782989e+01   4.9600965e+01   4.8881760e+01   4.8292669e+01   4.8514447e+01   5.0533883e+01   5.4694334e+01   6.2089986e+01   7.3437819e+01   8.4345672e+01   8.4345672e+01   8.4345672e+01   8.4345672e+01   8.4345672e+01   8.4345672e+01   8.4345672e+01   8.4345672e+01   8.4345672e+01   8.4345672e+01   8.4345672e+01   8.4345672e+01   8.4345672e+01   8.4345672e+01   8.4345672e+01   8.4345672e+01   8.4345672e+01   8.4345672e+01   8.4345672e+01   8.4345672e+01
   2.4609133e+01   2.7701927e+01   3.1451459e+01   3.5055671e+01   3.8662548e+01   4.1496753e+01   4.3605495e+01   4.4530041e+01   4.4819070e+01   4.4594993e+01   4.4205670e+01   4.4505720e+01   4.5630978e+01   4.9142357e+01   5.4193390e+01   6.2425550e+01   7.3969867e+01   8.0014502e+01   8.0014502e+01   8.0014502e+01   8.0014502e+01   8.0014502e+01   8.0014502e+01   8.0014502e+01   8.0014502e+01   8.0014502e+01   8.0014502e+01   8.0014502e+01   8.0014502e+01   8.0014502e+01   8.0014502e+01   8.0014502e+01   8.0014502e+01   8.0014502e+01   8.0014502e+01   8.0014502e+01   8.0014502e+01
   1.9928417e+01   2.3082475e+01   2.6734347e+01   3.0278781e+01   3.3711025e+01   3.6434991e+01   3.8414854e+01   3.9295013e+01   3.9560805e+01   3.9410782e+01   3.9659702e+01   4.0889532e+01   4.3392887e+01   4.7762902e+01   5.4093722e+01   6.2334683e+01   7.3950457e+01   7.5426693e+01   7.5426693e+01   7.5426693e+01   7.5426693e+01   7.5426693e+01   7.5426693e+01   7.5426693e+01   7.5426693e+01   7.5426693e+01   7.5426693e+01   7.5426693e+01   7.5426693e+01   7.5426693e+01   7.5426693e+01   7.5426693e+01   7.5426693e+01   7.5426693e+01   7.5426693e+01   7.5426693e+01   7.5426693e+01
   1.4992641e+01   1.7969637e+01   2.1698662e+01   2.5068079e+01   2.8454586e+01   3.1254121e+01   3.2899456e+01   3.3831489e+01   3.4025964e+01   3.4217410e+01   3.5357748e+01   3.7579342e+01   4.1598917e+01   4.6600927e+01   5.3782339e+01   6.1649654e+01   7.0567040e+01   7.0567040e+01   7.0567040e+01   7.0567040e+01   7.0567040e+01   7.0567040e+01   7.0567040e+01   7.0567040e+01   7.0567040e+01   7.0567040e+01   7.0567040e+01   7.0567040e+01   7.0567040e+01   7.0567040e+01   7.0567040e+01   7.0567040e+01   7.0567040e+01   7.0567040e+01   7.0567040e+01   7.0567040e+01   7.0567040e+01
   1.1189946e+01   1.3977563e+01   1.7190205e+01   2.0699443e+01   2.3360611e+01   2.6364408e+01   2.7288656e+01   2.8205110e+01   2.8434726e+01   2.9264260e+01   3.1115543e+01   3.4213201e+01   3.9229939e+01   4.4410667e+01   5.1508872e+01   5.9072760e+01   6.4098156e+01   6.4098156e+01   6.4098156e+01   6.4098156e+01   6.4098156e+01   6.4098156e+01   6.4098156e+01   6.4098156e+01   6.4098156e+01   6.4098156e+01   6.4098156e+01   6.4098156e+01   6.4098156e+01   6.4098156e+01   6.4098156e+01   6.4098156e+01   6.4098156e+01   6.4098156e+01   6.4098156e+01   6.4098156e+01   6.4098156e+01
   9.4799520e+00   1.1918900e+01   1.4244016e+01   1.6948707e+01   1.8900598e+01   2.0881888e+01   2.1719414e+01   2.2467329e+01   2.3015818e+01   2.4371068e+01   2.6531694e+01   2.9881084e+01   3.4465690e+01   3.9751345e+01   4.5859461e+01   5.3165445e+01   5.5031693e+01   5.5031693e+01   5.5031693e+01   5.5031693e+01   5.5031693e+01   5.5031693e+01   5.5031693e+01   5.5031693e+01   5.5031693e+01   5.5031693e+01   5.5031693e+01   5.5031693e+01   5.5031693e+01   5.5031693e+01   5.5031693e+01   5.5031693e+01   5.5031693e+01   5.5031693e+01   5.5031693e+01   5.5031693e+01   5.5031693e+01
   7.3572016e+00   9.2079495e+00   1.0718554e+01   1.2462544e+01   1.3806600e+01   1.4908899e+01   1.5763564e+01   1.6535459e+01   1.7531377e+01   1.9234649e+01   2.1734142e+01   2.5043742e+01   2.9347208e+01   3.4180079e+01   3.9549213e+01   4.5428009e+01   4.5428009e+01   4.5428009e+01   4.5428009e+01   4.5428009e+01   4.5428009e+01   4.5428009e+01   4.5428009e+01   4.5428009e+01   4.5428009e+01   4.5428009e+01   4.5428009e+01   4.5428009e+01   4.5428009e+01   4.5428009e+01   4.5428009e+01   4.5428009e+01   4.5428009e+01   4.5428009e+01   4.5428009e+01   4.5428009e+01   4.5428009e+01
   4.6816992e+00   5.6426809e+00   6.4338491e+00   7.1828184e+00   7.9181015e+00   8.5460158e+00   9.4000912e+00   1.0418549e+01   1.2024807e+01   1.3852205e+01   1.6538415e+01   1.9602068e+01   2.3350346e+01   2.7647716e+01   3.2086255e+01   3.5255271e+01   3.5255271e+01   3.5255271e+01   3.5255271e+01   3.5255271e+01   3.5255271e+01   3.5255271e+01   3.5255271e+01   3.5255271e+01   3.5255271e+01   3.5255271e+01   3.5255271e+01   3.5255271e+01   3.5255271e+01   3.5255271e+01   3.5255271e+01   3.5255271e+01   3.5255271e+01   3.5255271e+01   3.5255271e+01   3.5255271e+01   3.5255271e+01
   2.7863576e+00   3.2721747e+00   3.5294072e+00   3.8629109e+00   4.2151130e+00   4.7630570e+00   5.6313095e+00   6.7763688e+00   8.4869124e+00   1.0327638e+01   1.2776705e+01   1.5672654e+01   1.8829024e+01   2.2794487e+01   2.6621661e+01   2.8018428e+01   2.8018428e+01   2.8018428e+01   2.8018428e+01   2.8018428e+01   2.8018428e+01   2.8018428e+01   2.8018428e+01   2.8018428e+01   2.8018428e+01   2.8018428e+01   2.8018428e+01   2.8018428e+01   2.8018428e+01   2.8018428e+01   2.8018428e+01   2.8018428e+01   2.8018428e+01   2.8018428e+01   2.8018428e+01   2.8018428e+01   2.8018428e+01
   2.0720397e+00   2.3837917e+00   2.6167311e+00   2.8825099e+00   3.2264822e+00   3.7274938e+00   4.4986688e+00   5.4969192e+00   6.8647725e+00   8.5693844e+00   1.0580662e+01   1.3418445e+01   1.6190258e+01   2.0114601e+01   2.3935812e+01   2.3935812e+01   2.3935812e+01   2.3935812e+01   2.3935812e+01   2.3935812e+01   2.3935812e+01   2.3935812e+01   2.3935812e+01   2.3935812e+01   2.3935812e+01   2.3935812e+01   2.3935812e+01   2.3935812e+01   2.3935812e+01   2.3935812e+01   2.3935812e+01   2.3935812e+01   2.3935812e+01   2.3935812e+01   2.3935812e+01   2.3935812e+01   2.3935812e+01
   1.2363515e+00   1.4139471e+00   1.5994150e+00   1.8184607e+00   2.1268750e+00   2.5409732e+00   3.1432446e+00   3.9361182e+00   4.9624397e+00   6.3327507e+00   8.0445598e+00   1.0482838e+01   1.3228369e+01   1.6930489e+01   1.9611287e+01   1.9611287e+01   1.9611287e+01   1.9611287e+01   1.9611287e+01   1.9611287e+01   1.9611287e+01   1.9611287e+01   1.9611287e+01   1.9611287e+01   1.9611287e+01   1.9611287e+01   1.9611287e+01   1.9611287e+01   1.9611287e+01   1.9611287e+01   1.9611287e+01   1.9611287e+01   1.9611287e+01   1.9611287e+01   1.9611287e+01   1.9611287e+01   1.9611287e+01
   5.8362265e-01   6.9986626e-01   8.5308335e-01   1.0339246e+00   1.3089057e+00   1.6194173e+00   2.0808310e+00   2.6609343e+00   3.4418882e+00   4.5721418e+00   6.0317162e+00   8.2934403e+00   1.0862445e+01   1.4434917e+01   1.5849034e+01   1.5849034e+01   1.5849034e+01   1.5849034e+01   1.5849034e+01   1.5849034e+01   1.5849034e+01   1.5849034e+01   1.5849034e+01   1.5849034e+01   1.5849034e+01   1.5849034e+01   1.5849034e+01   1.5849034e+01   1.5849034e+01   1.5849034e+01   1.5849034e+01   1.5849034e+01   1.5849034e+01   1.5849034e+01   1.5849034e+01   1.5849034e+01   1.5849034e+01
   5.3308019e-01   6.3420451e-01   7.7685161e-01   9.4823241e-01   1.1894788e+00   1.5067481e+00   1.9169526e+00   2.4993144e+00   3.2032505e+00   4.2532601e+00   5.6427917e+00   7.5826451e+00   1.0165877e+01   1.3185825e+01   1.3522527e+01   1.3522527e+01   1.3522527e+01   1.3522527e+01   1.3522527e+01   1.3522527e+01   1.3522527e+01   1.3522527e+01   1.3522527e+01   1.3522527e+01   1.3522527e+01   1.3522527e+01   1.3522527e+01   1.3522527e+01   1.3522527e+01   1.3522527e+01   1.3522527e+01   1.3522527e+01   1.3522527e+01   1.3522527e+01   1.3522527e+01   1.3522527e+01   1.3522527e+01
   4.6476605e-01   5.5636376e-01   6.8064458e-01   8.4050925e-01   1.0484444e+00   1.3447606e+00   1.7138773e+00   2.2338572e+00   2.8784882e+00   3.7851040e+00   5.0634396e+00   6.6821271e+00   8.9941797e+00   1.1058166e+01   1.1058166e+01   1.1058166e+01   1.1058166e+01   1.1058166e+01   1.1058166e+01   1.1058166e+01   1.1058166e+01   1.1058166e+01   1.1058166e+01   1.1058166e+01   1.1058166e+01   1.1058166e+01   1.1058166e+01   1.1058166e+01   1.1058166e+01   1.1058166e+01   1.1058166e+01   1.1058166e+01   1.1058166e+01   1.1058166e+01   1.1058166e+01   1.1058166e+01   1.1058166e+01
   3.7938201e-01   4.6061913e-01   5.6312315e-01   7.0329997e-01   8.7688824e-01   1.1319682e+00   1.4486623e+00   1.8770581e+00   2.4279024e+00   3.1553275e+00   4.2317510e+00   5.5167157e+00   7.4086896e+00   8.4477830e+00   8.4477830e+00   8.4477830e+00   8.4477830e+00   8.4477830e+00   8.4477830e+00   8.4477830e+00   8.4477830e+00   8.4477830e+00   8.4477830e+00   8.4477830e+00   8.4477830e+00   8.4477830e+00   8.4477830e+00   8.4477830e+00   8.4477830e+00   8.4477830e+00   8.4477830e+00   8.4477830e+00   8.4477830e+00   8.4477830e+00   8.4477830e+00   8.4477830e+00   8.4477830e+00
   2.7988015e-01   3.3987520e-01   4.1834778e-01   5.2092481e-01   6.6091542e-01   8.6206599e-01   1.1027913e+00   1.4195097e+00   1.7946121e+00   2.3041619e+00   3.0066026e+00   3.9740538e+00   5.3420342e+00   5.6827247e+00   5.6827247e+00   5.6827247e+00   5.6827247e+00   5.6827247e+00   5.6827247e+00   5.6827247e+00   5.6827247e+00   5.6827247e+00   5.6827247e+00   5.6827247e+00   5.6827247e+00   5.6827247e+00   5.6827247e+00   5.6827247e+00   5.6827247e+00   5.6827247e+00   5.6827247e+00   5.6827247e+00   5.6827247e+00   5.6827247e+00   5.6827247e+00   5.6827247e+00   5.6827247e+00
   2.2127239e-01   2.5343245e-01   3.0056078e-01   3.7457478e-01   4.7493461e-01   6.3539186e-01   7.9500991e-01   1.0144621e+00   1.2433037e+00   1.5539514e+00   2.0100065e+00   2.6663762e+00   3.6202140e+00   3.6202140e+00   3.6202140e+00   3.6202140e+00   3.6202140e+00   3.6202140e+00   3.6202140e+00   3.6202140e+00   3.6202140e+00   3.6202140e+00   3.6202140e+00   3.6202140e+00   3.6202140e+00   3.6202140e+00   3.6202140e+00   3.6202140e+00   3.6202140e+00   3.6202140e+00   3.6202140e+00   3.6202140e+00   3.6202140e+00   3.6202140e+00   3.6202140e+00   3.6202140e+00   3.6202140e+00
   2.5118675e-01   2.6176624e-01   2.8136029e-01   3.4064356e-01   4.2810318e-01   5.5604104e-01   7.1253504e-01   8.9238413e-01   1.1285138e+00   1.4274713e+00   1.8918495e+00   2.5673444e+00   3.1720492e+00   3.1720492e+00   3.1720492e+00   3.1720492e+00   3.1720492e+00   3.1720492e+00   3.1720492e+00   3.1720492e+00   3.1720492e+00   3.1720492e+00   3.1720492e+00   3.1720492e+00   3.1720492e+00   3.1720492e+00   3.1720492e+00   3.1720492e+00   3.1720492e+00   3.1720492e+00   3.1720492e+00   3.1720492e+00   3.1720492e+00   3.1720492e+00   3.1720492e+00   3.1720492e+00   3.1720492e+00
   2.6211743e-01   2.4749261e-01   2.4996715e-01   2.8947909e-01   3.6279181e-01   4.6100163e-01   5.9727201e-01   7.5419613e-01   9.7914637e-01   1.2780804e+00   1.7393988e+00   2.4158238e+00   2.6973291e+00   2.6973291e+00   2.6973291e+00   2.6973291e+00   2.6973291e+00   2.6973291e+00   2.6973291e+00   2.6973291e+00   2.6973291e+00   2.6973291e+00   2.6973291e+00   2.6973291e+00   2.6973291e+00   2.6973291e+00   2.6973291e+00   2.6973291e+00   2.6973291e+00   2.6973291e+00   2.6973291e+00   2.6973291e+00   2.6973291e+00   2.6973291e+00   2.6973291e+00   2.6973291e+00   2.6973291e+00
   2.6472115e-01   2.0595251e-01   2.0399715e-01   2.1891938e-01   2.7275170e-01   3.4404695e-01   4.5357917e-01   5.9258025e-01   8.0854004e-01   1.0967089e+00   1.5497994e+00   2.1944800e+00   2.1944800e+00   2.1944800e+00   2.1944800e+00   2.1944800e+00   2.1944800e+00   2.1944800e+00   2.1944800e+00   2.1944800e+00   2.1944800e+00   2.1944800e+00   2.1944800e+00   2.1944800e+00   2.1944800e+00   2.1944800e+00   2.1944800e+00   2.1944800e+00   2.1944800e+00   2.1944800e+00   2.1944800e+00   2.1944800e+00   2.1944800e+00   2.1944800e+00   2.1944800e+00   2.1944800e+00   2.1944800e+00
   2.6330899e-01   1.9905164e-01   1.8843487e-01   1.9190594e-01   2.2346342e-01   2.7291729e-01   3.5868747e-01   4.8051763e-01   6.7554770e-01   9.5466391e-01   1.3703682e+00   1.7695813e+00   1.7695813e+00   1.7695813e+00   1.7695813e+00   1.7695813e+00   1.7695813e+00   1.7695813e+00   1.7695813e+00   1.7695813e+00   1.7695813e+00   1.7695813e+00   1.7695813e+00   1.7695813e+00   1.7695813e+00   1.7695813e+00   1.7695813e+00   1.7695813e+00   1.7695813e+00   1.7695813e+00   1.7695813e+00   1.7695813e+00   1.7695813e+00   1.7695813e+00   1.7695813e+00   1.7695813e+00   1.7695813e+00
   2.8051105e-01   2.3678983e-01   2.2579126e-01   2.2502964e-01   2.3985477e-01   2.7043297e-01   3.3245186e-01   4.3666165e-01   6.0303090e-01   8.6638347e-01   1.2454088e+00   1.4481851e+00   1.4481851e+00   1.4481851e+00   1.4481851e+00   1.4481851e+00   1.4481851e+00   1.4481851e+00   1.4481851e+00   1.4481851e+00   1.4481851e+00   1.4481851e+00   1.4481851e+00   1.4481851e+00   1.4481851e+00   1.4481851e+00   1.4481851e+00   1.4481851e+00   1.4481851e+00   1.4481851e+00   1.4481851e+00   1.4481851e+00   1.4481851e+00   1.4481851e+00   1.4481851e+00   1.4481851e+00   1.4481851e+00
   3.0782418e-01   2.7879852e-01   2.6200340e-01   2.5016160e-01   2.3872772e-01   2.5153587e-01   2.8287443e-01   3.6678685e-01   5.0158475e-01   7.3230515e-01   1.0653096e+00   1.1077449e+00   1.1077449e+00   1.1077449e+00   1.1077449e+00   1.1077449e+00   1.1077449e+00   1.1077449e+00   1.1077449e+00   1.1077449e+00   1.1077449e+00   1.1077449e+00   1.1077449e+00   1.1077449e+00   1.1077449e+00   1.1077449e+00   1.1077449e+00   1.1077449e+00   1.1077449e+00   1.1077449e+00   1.1077449e+00   1.1077449e+00   1.1077449e+00   1.1077449e+00   1.1077449e+00   1.1077449e+00   1.1077449e+00
   3.2899639e-01   3.0482648e-01   2.8086000e-01   2.5629593e-01   2.2843617e-01   2.2650644e-01   2.4321027e-01   3.0572104e-01   4.1780258e-01   6.1025080e-01   8.2560890e-01   8.2560890e-01   8.2560890e-01   8.2560890e-01   8.2560890e-01   8.2560890e-01   8.2560890e-01   8.2560890e-01   8.2560890e-01   8.2560890e-01   8.2560890e-01   8.2560890e-01   8.2560890e-01   8.2560890e-01   8.2560890e-01   8.2560890e-01   8.2560890e-01   8.2560890e-01   8.2560890e-01   8.2560890e-01   8.2560890e-01   8.2560890e-01   8.2560890e-01   8.2560890e-01   8.2560890e-01   8.2560890e-01   8.2560890e-01
   3.1061422e-01   2.9250717e-01   2.6371033e-01   2.4326503e-01   2.2757465e-01   2.3701078e-01   2.7116811e-01   3.3449182e-01   4.4002242e-01   6.0982356e-01   7.1920455e-01   7.1920455e-01   7.1920455e-01   7.1920455e-01   7.1920455e-01   7.1920455e-01   7.1920455e-01   7.1920455e-01   7.1920455e-01   7.1920455e-01   7.1920455e-01   7.1920455e-01   7.1920455e-01   7.1920455e-01   7.1920455e-01   7.1920455e-01   7.1920455e-01   7.1920455e-01   7.1920455e-01   7.1920455e-01   7.1920455e-01   7.1920455e-01   7.1920455e-01   7.1920455e-01   7.1920455e-01   7.1920455e-01   7.1920455e-01
   2.9888889e-01   2.7816783e-01   2.4796008e-01   2.3479215e-01   2.3281911e-01   2.5765936e-01   2.9724073e-01   3.5810966e-01   4.4152296e-01   5.7270961e-01   6.0649535e-01   6.0649535e-01   6.0649535e-01   6.0649535e-01   6.0649535e-01   6.0649535e-01   6.0649535e-01   6.0649535e-01   6.0649535e-01   6.0649535e-01   6.0649535e-01   6.0649535e-01   6.0649535e-01   6.0649535e-01   6.0649535e-01   6.0649535e-01   6.0649535e-01   6.0649535e-01   6.0649535e-01   6.0649535e-01   6.0649535e-01   6.0649535e-01   6.0649535e-01   6.0649535e-01   6.0649535e-01   6.0649535e-01   6.0649535e-01
   2.8206509e-01   2.7659337e-01   2.7361689e-01   2.7852699e-01   2.9778284e-01   3.2937821e-01   3.6685440e-01   4.2114107e-01   4.8795144e-01   5.8524946e-01   5.8524946e-01   5.8524946e-01   5.8524946e-01   5.8524946e-01   5.8524946e-01   5.8524946e-01   5.8524946e-01   5.8524946e-01   5.8524946e-01   5.8524946e-01   5.8524946e-01   5.8524946e-01   5.8524946e-01   5.8524946e-01   5.8524946e-01   5.8524946e-01   5.8524946e-01   5.8524946e-01   5.8524946e-01   5.8524946e-01   5.8524946e-01   5.8524946e-01   5.8524946e-01   5.8524946e-01   5.8524946e-01   5.8524946e-01   5.8524946e-01
   2.7614210e-01   3.0295081e-01   3.3969932e-01   3.6814786e-01   4.0078753e-01   4.3325951e-01   4.6503680e-01   5.0961916e-01   5.7054891e-01   6.2524155e-01   6.2524155e-01   6.2524155e-01   6.2524155e-01   6.2524155e-01   6.2524155e-01   6.2524155e-01   6.2524155e-01   6.2524155e-01   6.2524155e-01   6.2524155e-01   6.2524155e-01   6.2524155e-01   6.2524155e-01   6.2524155e-01   6.2524155e-01   6.2524155e-01   6.2524155e-01   6.2524155e-01   6.2524155e-01   6.2524155e-01   6.2524155e-01   6.2524155e-01   6.2524155e-01   6.2524155e-01   6.2524155e-01   6.2524155e-01   6.2524155e-01
   2.8326795e-01   3.3603939e-01   3.8479931e-01   4.3092114e-01   4.6333858e-01   4.9838449e-01   5.2952206e-01   5.7492554e-01   6.3675378e-01   6.6320457e-01   6.6320457e-01   6.6320457e-01   6.6320457e-01   6.6320457e-01   6.6320457e-01   6.6320457e-01   6.6320457e-01   6.6320457e-01   6.6320457e-01   6.6320457e-01   6.6320457e-01   6.6320457e-01   6.6320457e-01   6.6320457e-01   6.6320457e-01   6.6320457e-01   6.6320457e-01   6.6320457e-01   6.6320457e-01   6.6320457e-01   6.6320457e-01   6.6320457e-01   6.6320457e-01   6.6320457e-01   6.6320457e-01   6.6320457e-01   6.6320457e-01
   2.7614183e-01   3.1425893e-01   3.4515416e-01   3.8774435e-01   4.2295407e-01   4.7303117e-01   5.2459563e-01   5.9643816e-01   6.9275586e-01   6.9275586e-01   6.9275586e-01   6.9275586e-01   6.9275586e-01   6.9275586e-01   6.9275586e-01   6.9275586e-01   6.9275586e-01   6.9275586e-01   6.9275586e-01   6.9275586e-01   6.9275586e-01   6.9275586e-01   6.9275586e-01   6.9275586e-01   6.9275586e-01   6.9275586e-01   6.9275586e-01   6.9275586e-01   6.9275586e-01   6.9275586e-01   6.9275586e-01   6.9275586e-01   6.9275586e-01   6.9275586e-01   6.9275586e-01   6.9275586e-01   6.9275586e-01
   1.3736036e-01   1.6625343e-01   1.9877373e-01   2.4508110e-01   2.9562095e-01   3.5828056e-01   4.3671418e-01   5.2636280e-01   5.7277560e-01   5.7277560e-01   5.7277560e-01   5.7277560e-01   5.7277560e-01   5.7277560e-01   5.7277560e-01   5.7277560e-01   5.7277560e-01   5.7277560e-01   5.7277560e-01   5.7277560e-01   5.7277560e-01   5.7277560e-01   5.7277560e-01   5.7277560e-01   5.7277560e-01   5.7277560e-01   5.7277560e-01   5.7277560e-01   5.7277560e-01   5.7277560e-01   5.7277560e-01   5.7277560e-01   5.7277560e-01   5.7277560e-01   5.7277560e-01   5.7277560e-01   5.7277560e-01
   8.9634064e-02   1.2270851e-01   1.6587721e-01   2.1244237e-01   2.7527338e-01   3.3883307e-01   4.2627378e-01   5.0305000e-01   5.0305000e-01   5.0305000e-01   5.0305000e-01   5.0305000e-01   5.0305000e-01   5.0305000e-01   5.0305000e-01   5.0305000e-01   5.0305000e-01   5.0305000e-01   5.0305000e-01   5.0305000e-01   5.0305000e-01   5.0305000e-01   5.0305000e-01   5.0305000e-01   5.0305000e-01   5.0305000e-01   5.0305000e-01   5.0305000e-01   5.0305000e-01   5.0305000e-01   5.0305000e-01   5.0305000e-01   5.0305000e-01   5.0305000e-01   5.0305000e-01   5.0305000e-01   5.0305000e-01
   1.0970634e-01   1.4631947e-01   1.9413229e-01   2.4916888e-01   3.1059254e-01   3.9137110e-01   4.8042450e-01   5.0305000e-01   5.0305000e-01   5.0305000e-01   5.0305000e-01   5.0305000e-01   5.0305000e-01   5.0305000e-01   5.0305000e-01   5.0305000e-01   5.0305000e-01   5.0305000e-01   5.0305000e-01   5.0305000e-01   5.0305000e-01   5.0305000e-01   5.0305000e-01   5.0305000e-01   5.0305000e-01   5.0305000e-01   5.0305000e-01   5.0305000e-01   5.0305000e-01   5.0305000e-01   5.0305000e-01   5.0305000e-01   5.0305000e-01   5.0305000e-01   5.0305000e-01   5.0305000e-01   5.0305000e-01
   1.2969125e-01   1.7656314e-01   2.2330754e-01   2.8684658e-01   3.5558494e-01   4.4228886e-01   5.0305000e-01   5.0305000e-01   5.0305000e-01   5.0305000e-01   5.0305000e-01   5.0305000e-01   5.0305000e-01   5.0305000e-01   5.0305000e-01   5.0305000e-01   5.0305000e-01   5.0305000e-01   5.0305000e-01   5.0305000e-01   5.0305000e-01   5.0305000e-01   5.0305000e-01   5.0305000e-01   5.0305000e-01   5.0305000e-01   5.0305000e-01   5.0305000e-01   5.0305000e-01   5.0305000e-01   5.0305000e-01   5.0305000e-01   5.0305000e-01   5.0305000e-01   5.0305000e-01   5.0305000e-01   5.0305000e-01
   1.5618512e-01   2.0275912e-01   2.6450984e-01   3.2390277e-01   4.1181240e-01   5.0305000e-01   5.0305000e-01   5.0305000e-01   5.0305000e-01   5.0305000e-01   5.0305000e-01   5.0305000e-01   5.0305000e-01   5.0305000e-01   5.0305000e-01   5.0305000e-01   5.0305000e-01   5.0305000e-01   5.0305000e-01   5.0305000e-01   5.0305000e-01   5.0305000e-01   5.0305000e-01   5.0305000e-01   5.0305000e-01   5.0305000e-01   5.0305000e-01   5.0305000e-01   5.0305000e-01   5.0305000e-01   5.0305000e-01   5.0305000e-01   5.0305000e-01   5.0305000e-01   5.0305000e-01   5.0305000e-01   5.0305000e-01
   1.8644362e-01   2.3549623e-01   2.9872978e-01   3.7315277e-01   4.6025951e-01   5.0305000e-01   5.0305000e-01   5.0305000e-01   5.0305000e-01   5.0305000e-01   5.0305000e-01   5.0305000e-01   5.0305000e-01   5.0305000e-01   5.0305000e-01   5.0305000e-01   5.0305000e-01   5.0305000e-01   5.0305000e-01   5.0305000e-01   5.0305000e-01   5.0305000e-01   5.0305000e-01   5.0305000e-01   5.0305000e-01   5.0305000e-01   5.0305000e-01   5.0305000e-01   5.0305000e-01   5.0305000e-01   5.0305000e-01   5.0305000e-01   5.0305000e-01   5.0305000e-01   5.0305000e-01   5.0305000e-01   5.0305000e-01
   2.1244237e-01   2.7527338e-01   3.3883307e-01   4.2627378e-01   5.0305000e-01   5.0305000e-01   5.0305000e-01   5.0305000e-01   5.0305000e-01   5.0305000e-01   5.0305000e-01   5.0305000e-01   5.0305000e-01   5.0305000e-01   5.0305000e-01   5.0305000e-01   5.0305000e-01   5.0305000e-01   5.0305000e-01   5.0305000e-01   5.0305000e-01   5.0305000e-01   5.0305000e-01   5.0305000e-01   5.0305000e-01   5.0305000e-01   5.0305000e-01   5.0305000e-01   5.0305000e-01   5.0305000e-01   5.0305000e-01   5.0305000e-01   5.0305000e-01   5.0305000e-01   5.0305000e-01   5.0305000e-01   5.0305000e-01
   2.4916888e-01   3.1059254e-01   3.9137110e-01   4.8042450e-01   5.0305000e-01   5.0305000e-01   5.0305000e-01   5.0305000e-01   5.0305000e-01   5.0305000e-01   5.0305000e-01   5.0305000e-01   5.0305000e-01   5.0305000e-01   5.0305000e-01   5.0305000e-01   5.0305000e-01   5.0305000e-01   5.0305000e-01   5.0305000e-01   5.0305000e-01   5.0305000e-01   5.0305000e-01   5.0305000e-01   5.0305000e-01   5.0305000e-01   5.0305000e-01   5.0305000e-01   5.0305000e-01   5.0305000e-01   5.0305000e-01   5.0305000e-01   5.0305000e-01   5.0305000e-01   5.0305000e-01   5.0305000e-01   5.0305000e-01
   2.8684658e-01   3.5558494e-01   4.4228886e-01   5.0305000e-01   5.0305000e-01   5.0305000e-01   5.0305000e-01   5.0305000e-01   5.0305000e-01   5.0305000e-01   5.0305000e-01   5.0305000e-01   5.0305000e-01   5.0305000e-01   5.0305000e-01   5.0305000e-01   5.0305000e-01   5.0305000e-01   5.0305000e-01   5.0305000e-01   5.0305000e-01   5.0305000e-01   5.0305000e-01   5.0305000e-01   5.0305000e-01   5.0305000e-01   5.0305000e-01   5.0305000e-01   5.0305000e-01   5.0305000e-01   5.0305000e-01   5.0305000e-01   5.0305000e-01   5.0305000e-01   5.0305000e-01   5.0305000e-01   5.0305000e-01
   3.2390277e-01   4.1181240e-01   5.0305000e-01   5.0305000e-01   5.0305000e-01   5.0305000e-01   5.0305000e-01   5.0305000e-01   5.0305000e-01   5.0305000e-01   5.0305000e-01   5.0305000e-01   5.0305000e-01   5.0305000e-01   5.0305000e-01   5.0305000e-01   5.0305000e-01   5.0305000e-01   5.0305000e-01   5.0305000e-01   5.0305000e-01   5.0305000e-01   5.0305000e-01   5.0305000e-01   5.0305000e-01   5.0305000e-01   5.0305000e-01   5.0305000e-01   5.0305000e-01   5.0305000e-01   5.0305000e-01   5.0305000e-01   5.0305000e-01   5.0305000e-01   5.0305000e-01   5.0305000e-01   5.0305000e-01
   3.7315277e-01   4.6025951e-01   5.0305000e-01   5.0305000e-01   5.0305000e-01   5.0305000e-01   5.0305000e-01   5.0305000e-01   5.0305000e-01   5.0305000e-01   5.0305000e-01   5.0305000e-01   5.0305000e-01   5.0305000e-01   5.0305000e-01   5.0305000e-01   5.0305000e-01   5.0305000e-01   5.0305000e-01   5.0305000e-01   5.0305000e-01   5.0305000e-01   5.0305000e-01   5.0305000e-01   5.0305000e-01   5.0305000e-01   5.0305000e-01   5.0305000e-01   5.0305000e-01   5.0305000e-01   5.0305000e-01   5.0305000e-01   5.0305000e-01   5.0305000e-01   5.0305000e-01   5.0305000e-01   5.0305000e-01
   4.2627378e-01   5.0305000e-01   5.0305000e-01   5.0305000e-01   5.0305000e-01   5.0305000e-01   5.0305000e-01   5.0305000e-01   5.0305000e-01   5.0305000e-01   5.0305000e-01   5.0305000e-01   5.0305000e-01   5.0305000e-01   5.0305000e-01   5.0305000e-01   5.0305000e-01   5.0305000e-01   5.0305000e-01   5.0305000e-01   5.0305000e-01   5.0305000e-01   5.0305000e-01   5.0305000e-01   5.0305000e-01   5.0305000e-01   5.0305000e-01   5.0305000e-01   5.0305000e-01   5.0305000e-01   5.0305000e-01   5.0305000e-01   5.0305000e-01   5.0305000e-01   5.0305000e-01   5.0305000e-01   5.0305000e-01
   4.8042450e-01   5.0305000e-01   5.0305000e-01   5.0305000e-01   5.0305000e-01   5.0305000e-01   5.0305000e-01   5.0305000e-01   5.0305000e-01   5.0305000e-01   5.0305000e-01   5.0305000e-01   5.0305000e-01   5.0305000e-01   5.0305000e-01   5.0305000e-01   5.0305000e-01   5.0305000e-01   5.0305000e-01   5.0305000e-01   5.0305000e-01   5.0305000e-01   5.0305000e-01   5.0305000e-01   5.0305000e-01   5.0305000e-01   5.0305000e-01   5.0305000e-01   5.0305000e-01   5.0305000e-01   5.0305000e-01   5.0305000e-01   5.0305000e-01   5.0305000e-01   5.0305000e-01   5.0305000e-01   5.0305000e-01
   5.0305000e-01   5.0305000e-01   5.0305000e-01   5.0305000e-01   5.0305000e-01   5.0305000e-01   5.0305000e-01   5.0305000e-01   5.0305000e-01   5.0305000e-01   5.0305000e-01   5.0305000e-01   5.0305000e-01   5.0305000e-01   5.0305000e-01   5.0305000e-01   5.0305000e-01   5.0305000e-01   5.0305000e-01   5.0305000e-01   5.0305000e-01   5.0305000e-01   5.0305000e-01   5.0305000e-01   5.0305000e-01   5.0305000e-01   5.0305000e-01   5.0305000e-01   5.0305000e-01   5.0305000e-01   5.0305000e-01   5.0305000e-01   5.0305000e-01   5.0305000e-01   5.0305000e-01   5.0305000e-01   5.0305000e-01
   5.0305000e-01   5.0305000e-01   5.0305000e-01   5.0305000e-01   5.0305000e-01   5.0305000e-01   5.0305000e-01   5.0305000e-01   5.0305000e-01   5.0305000e-01   5.0305000e-01   5.0305000e-01   5.0305000e-01   5.0305000e-01   5.0305000e-01   5.0305000e-01   5.0305000e-01   5.0305000e-01   5.0305000e-01   5.0305000e-01   5.0305000e-01   5.0305000e-01   5.0305000e-01   5.0305000e-01   5.0305000e-01   5.0305000e-01   5.0305000e-01   5.0305000e-01   5.0305000e-01   5.0305000e-01   5.0305000e-01   5.0305000e-01   5.0305000e-01   5.0305000e-01   5.0305000e-01   5.0305000e-01   5.0305000e-01
   5.0305000e-01   5.0305000e-01   5.0305000e-01   5.0305000e-01   5.0305000e-01   5.0305000e-01   5.0305000e-01   5.0305000e-01   5.0305000e-01   5.0305000e-01   5.0305000e-01   5.0305000e-01   5.0305000e-01   5.0305000e-01   5.0305000e-01   5.0305000e-01   5.0305000e-01   5.0305000e-01   5.0305000e-01   5.0305000e-01   5.0305000e-01   5.0305000e-01   5.0305000e-01   5.0305000e-01   5.0305000e-01   5.0305000e-01   5.0305000e-01   5.0305000e-01   5.0305000e-01   5.0305000e-01   5.0305000e-01   5.0305000e-01   5.0305000e-01   5.0305000e-01   5.0305000e-01   5.0305000e-01   5.0305000e-01
   5.0305000e-01   5.0305000e-01   5.0305000e-01   5.0305000e-01   5.0305000e-01   5.0305000e-01   5.0305000e-01   5.0305000e-01   5.0305000e-01   5.0305000e-01   5.0305000e-01   5.0305000e-01   5.0305000e-01   5.0305000e-01   5.0305000e-01   5.0305000e-01   5.0305000e-01   5.0305000e-01   5.0305000e-01   5.0305000e-01   5.0305000e-01   5.0305000e-01   5.0305000e-01   5.0305000e-01   5.0305000e-01   5.0305000e-01   5.0305000e-01   5.0305000e-01   5.0305000e-01   5.0305000e-01   5.0305000e-01   5.0305000e-01   5.0305000e-01   5.0305000e-01   5.0305000e-01   5.0305000e-01   5.0305000e-01
   5.0305000e-01   5.0305000e-01   5.0305000e-01   5.0305000e-01   5.0305000e-01   5.0305000e-01   5.0305000e-01   5.0305000e-01   5.0305000e-01   5.0305000e-01   5.0305000e-01   5.0305000e-01   5.0305000e-01   5.0305000e-01   5.0305000e-01   5.0305000e-01   5.0305000e-01   5.0305000e-01   5.0305000e-01   5.0305000e-01   5.0305000e-01   5.0305000e-01   5.0305000e-01   5.0305000e-01   5.0305000e-01   5.0305000e-01   5.0305000e-01   5.0305000e-01   5.0305000e-01   5.0305000e-01   5.0305000e-01   5.0305000e-01   5.0305000e-01   5.0305000e-01   5.0305000e-01   5.0305000e-01   5.0305000e-01
   5.0305000e-01   5.0305000e-01   5.0305000e-01   5.0305000e-01   5.0305000e-01   5.0305000e-01   5.0305000e-01   5.0305000e-01   5.0305000e-01   5.0305000e-01   5.0305000e-01   5.0305000e-01   5.0305000e-01   5.0305000e-01   5.0305000e-01   5.0305000e-01   5.0305000e-01   5.0305000e-01   5.0305000e-01   5.0305000e-01   5.0305000e-01   5.0305000e-01   5.0305000e-01   5.0305000e-01   5.0305000e-01   5.0305000e-01   5.0305000e-01   5.0305000e-01   5.0305000e-01   5.0305000e-01   5.0305000e-01   5.0305000e-01   5.0305000e-01   5.0305000e-01   5.0305000e-01   5.0305000e-01   5.0305000e-01
   5.0305000e-01   5.0305000e-01   5.0305000e-01   5.0305000e-01   5.0305000e-01   5.0305000e-01   5.0305000e-01   5.0305000e-01   5.0305000e-01   5.0305000e-01   5.0305000e-01   5.0305000e-01   5.0305000e-01   5.0305000e-01   5.0305000e-01   5.0305000e-01   5.0305000e-01   5.0305000e-01   5.0305000e-01   5.0305000e-01   5.0305000e-01   5.0305000e-01   5.0305000e-01   5.0305000e-01   5.0305000e-01   5.0305000e-01   5.0305000e-01   5.0305000e-01   5.0305000e-01   5.0305000e-01   5.0305000e-01   5.0305000e-01   5.0305000e-01   5.0305000e-01   5.0305000e-01   5.0305000e-01   5.0305000e-01
   5.0305000e-01   5.0305000e-01   5.0305000e-01   5.0305000e-01   5.0305000e-01   5.0305000e-01   5.0305000e-01   5.0305000e-01   5.0305000e-01   5.0305000e-01   5.0305000e-01   5.0305000e-01   5.0305000e-01   5.0305000e-01   5.0305000e-01   5.0305000e-01   5.0305000e-01   5.0305000e-01   5.0305000e-01   5.0305000e-01   5.0305000e-01   5.0305000e-01   5.0305000e-01   5.0305000e-01   5.0305000e-01   5.0305000e-01   5.0305000e-01   5.0305000e-01   5.0305000e-01   5.0305000e-01   5.0305000e-01   5.0305000e-01   5.0305000e-01   5.0305000e-01   5.0305000e-01   5.0305000e-01   5.0305000e-01
   5.0305000e-01   5.0305000e-01   5.0305000e-01   5.0305000e-01   5.0305000e-01   5.0305000e-01   5.0305000e-01   5.0305000e-01   5.0305000e-01   5.0305000e-01   5.0305000e-01   5.0305000e-01   5.0305000e-01   5.0305000e-01   5.0305000e-01   5.0305000e-01   5.0305000e-01   5.0305000e-01   5.0305000e-01   5.0305000e-01   5.0305000e-01   5.0305000e-01   5.0305000e-01   5.0305000e-01   5.0305000e-01   5.0305000e-01   5.0305000e-01   5.0305000e-01   5.0305000e-01   5.0305000e-01   5.0305000e-01   5.0305000e-01   5.0305000e-01   5.0305000e-01   5.0305000e-01   5.0305000e-01   5.0305000e-01
   5.0305000e-01   5.0305000e-01   5.0305000e-01   5.0305000e-01   5.0305000e-01   5.0305000e-01   5.0305000e-01   5.0305000e-01   5.0305000e-01   5.0305000e-01   5.0305000e-01   5.0305000e-01   5.0305000e-01   5.0305000e-01   5.0305000e-01   5.0305000e-01   5.0305000e-01   5.0305000e-01   5.0305000e-01   5.0305000e-01   5.0305000e-01   5.0305000e-01   5.0305000e-01   5.0305000e-01   5.0305000e-01   5.0305000e-01   5.0305000e-01   5.0305000e-01   5.0305000e-01   5.0305000e-01   5.0305000e-01   5.0305000e-01   5.0305000e-01   5.0305000e-01   5.0305000e-01   5.0305000e-01   5.0305000e-01
   5.0305000e-01   5.0305000e-01   5.0305000e-01   5.0305000e-01   5.0305000e-01   5.0305000e-01   5.0305000e-01   5.0305000e-01   5.0305000e-01   5.0305000e-01   5.0305000e-01   5.0305000e-01   5.0305000e-01   5.0305000e-01   5.0305000e-01   5.0305000e-01   5.0305000e-01   5.0305000e-01   5.0305000e-01   5.0305000e-01   5.0305000e-01   5.0305000e-01   5.0305000e-01   5.0305000e-01   5.0305000e-01   5.0305000e-01   5.0305000e-01   5.0305000e-01   5.0305000e-01   5.0305000e-01   5.0305000e-01   5.0305000e-01   5.0305000e-01   5.0305000e-01   5.0305000e-01   5.0305000e-01   5.0305000e-01
   5.0305000e-01   5.0305000e-01   5.0305000e-01   5.0305000e-01   5.0305000e-01   5.0305000e-01   5.0305000e-01   5.0305000e-01   5.0305000e-01   5.0305000e-01   5.0305000e-01   5.0305000e-01   5.0305000e-01   5.0305000e-01   5.0305000e-01   5.0305000e-01   5.0305000e-01   5.0305000e-01   5.0305000e-01   5.0305000e-01   5.0305000e-01   5.0305000e-01   5.0305000e-01   5.0305000e-01   5.0305000e-01   5.0305000e-01   5.0305000e-01   5.0305000e-01   5.0305000e-01   5.0305000e-01   5.0305000e-01   5.0305000e-01   5.0305000e-01   5.0305000e-01   5.0305000e-01   5.0305000e-01   5.0305000e-01
   5.0305000e-01   5.0305000e-01   5.0305000e-01   5.0305000e-01   5.0305000e-01   5.0305000e-01   5.0305000e-01   5.0305000e-01   5.0305000e-01   5.0305000e-01   5.0305000e-01   5.0305000e-01   5.0305000e-01   5.0305000e-01   5.0305000e-01   5.0305000e-01   5.0305000e-01   5.0305000e-01   5.0305000e-01   5.0305000e-01   5.0305000e-01   5.0305000e-01   5.0305000e-01   5.0305000e-01   5.0305000e-01   5.0305000e-01   5.0305000e-01   5.0305000e-01   5.0305000e-01   5.0305000e-01   5.0305000e-01   5.0305000e-01   5.0305000e-01   5.0305000e-01   5.0305000e-01   5.0305000e-01   5.0305000e-01
   5.0305000e-01   5.0305000e-01   5.0305000e-01   5.0305000e-01   5.0305000e-01   5.0305000e-01   5.0305000e-01   5.0305000e-01   5.0305000e-01   5.0305000e-01   5.0305000e-01   5.0305000e-01   5.0305000e-01   5.0305000e-01   5.0305000e-01   5.0305000e-01   5.0305000e-01   5.0305000e-01   5.0305000e-01   5.0305000e-01   5.0305000e-01   5.0305000e-01   5.0305000e-01   5.0305000e-01   5.0305000e-01   5.0305000e-01   5.0305000e-01   5.0305000e-01   5.0305000e-01   5.0305000e-01   5.0305000e-01   5.0305000e-01   5.0305000e-01   5.0305000e-01   5.0305000e-01   5.0305000e-01   5.0305000e-01
   5.0305000e-01   5.0305000e-01   5.0305000e-01   5.0305000e-01   5.0305000e-01   5.0305000e-01   5.0305000e-01   5.0305000e-01   5.0305000e-01   5.0305000e-01   5.0305000e-01   5.0305000e-01   5.0305000e-01   5.0305000e-01   5.0305000e-01   5.0305000e-01   5.0305000e-01   5.0305000e-01   5.0305000e-01   5.0305000e-01   5.0305000e-01   5.0305000e-01   5.0305000e-01   5.0305000e-01   5.0305000e-01   5.0305000e-01   5.0305000e-01   5.0305000e-01   5.0305000e-01   5.0305000e-01   5.0305000e-01   5.0305000e-01   5.0305000e-01   5.0305000e-01   5.0305000e-01   5.0305000e-01   5.0305000e-01
   5.0305000e-01   5.0305000e-01   5.0305000e-01   5.0305000e-01   5.0305000e-01   5.0305000e-01   5.0305000e-01   5.0305000e-01   5.0305000e-01   5.0305000e-01   5.0305000e-01   5.0305000e-01   5.0305000e-01   5.0305000e-01   5.0305000e-01   5.0305000e-01   5.0305000e-01   5.0305000e-01   5.0305000e-01   5.0305000e-01   5.0305000e-01   5.0305000e-01   5.0305000e-01   5.0305000e-01   5.0305000e-01   5.0305000e-01   5.0305000e-01   5.0305000e-01   5.0305000e-01   5.0305000e-01   5.0305000e-01   5.0305000e-01   5.0305000e-01   5.0305000e-01   5.0305000e-01   5.0305000e-01   5.0305000e-01
   5.0305000e-01   5.0305000e-01   5.0305000e-01   5.0305000e-01   5.0305000e-01   5.0305000e-01   5.0305000e-01   5.0305000e-01   5.0305000e-01   5.0305000e-01   5.0305000e-01   5.0305000e-01   5.0305000e-01   5.0305000e-01   5.0305000e-01   5.0305000e-01   5.0305000e-01   5.0305000e-01   5.0305000e-01   5.0305000e-01   5.0305000e-01   5.0305000e-01   5.0305000e-01   5.0305000e-01   5.0305000e-01   5.0305000e-01   5.0305000e-01   5.0305000e-01   5.0305000e-01   5.0305000e-01   5.0305000e-01   5.0305000e-01   5.0305000e-01   5.0305000e-01   5.0305000e-01   5.0305000e-01   5.0305000e-01
   5.0305000e-01   5.0305000e-01   5.0305000e-01   5.0305000e-01   5.0305000e-01   5.0305000e-01   5.0305000e-01   5.0305000e-01   5.0305000e-01   5.0305000e-01   5.0305000e-01   5.0305000e-01   5.0305000e-01   5.0305000e-01   5.0305000e-01   5.0305000e-01   5.0305000e-01   5.0305000e-01   5.0305000e-01   5.0305000e-01   5.0305000e-01   5.0305000e-01   5.0305000e-01   5.0305000e-01   5.0305000e-01   5.0305000e-01   5.0305000e-01   5.0305000e-01   5.0305000e-01   5.0305000e-01   5.0305000e-01   5.0305000e-01   5.0305000e-01   5.0305000e-01   5.0305000e-01   5.0305000e-01   5.0305000e-01
   5.0305000e-01   5.0305000e-01   5.0305000e-01   5.0305000e-01   5.0305000e-01   5.0305000e-01   5.0305000e-01   5.0305000e-01   5.0305000e-01   5.0305000e-01   5.0305000e-01   5.0305000e-01   5.0305000e-01   5.0305000e-01   5.0305000e-01   5.0305000e-01   5.0305000e-01   5.0305000e-01   5.0305000e-01   5.0305000e-01   5.0305000e-01   5.0305000e-01   5.0305000e-01   5.0305000e-01   5.0305000e-01   5.0305000e-01   5.0305000e-01   5.0305000e-01   5.0305000e-01   5.0305000e-01   5.0305000e-01   5.0305000e-01   5.0305000e-01   5.0305000e-01   5.0305000e-01   5.0305000e-01   5.0305000e-01
   5.0305000e-01   5.0305000e-01   5.0305000e-01   5.0305000e-01   5.0305000e-01   5.0305000e-01   5.0305000e-01   5.0305000e-01   5.0305000e-01   5.0305000e-01   5.0305000e-01   5.0305000e-01   5.0305000e-01   5.0305000e-01   5.0305000e-01   5.0305000e-01   5.0305000e-01   5.0305000e-01   5.0305000e-01   5.0305000e-01   5.0305000e-01   5.0305000e-01   5.0305000e-01   5.0305000e-01   5.0305000e-01   5.0305000e-01   5.0305000e-01   5.0305000e-01   5.0305000e-01   5.0305000e-01   5.0305000e-01   5.0305000e-01   5.0305000e-01   5.0305000e-01   5.0305000e-01   5.0305000e-01   5.0305000e-01
   5.0305000e-01   5.0305000e-01   5.0305000e-01   5.0305000e-01   5.0305000e-01   5.0305000e-01   5.0305000e-01   5.0305000e-01   5.0305000e-01   5.0305000e-01   5.0305000e-01   5.0305000e-01   5.0305000e-01   5.0305000e-01   5.0305000e-01   5.0305000e-01   5.0305000e-01   5.0305000e-01   5.0305000e-01   5.0305000e-01   5.0305000e-01   5.0305000e-01   5.0305000e-01   5.0305000e-01   5.0305000e-01   5.0305000e-01   5.0305000e-01   5.0305000e-01   5.0305000e-01   5.0305000e-01   5.0305000e-01   5.0305000e-01   5.0305000e-01   5.0305000e-01   5.0305000e-01   5.0305000e-01   5.0305000e-01
   5.0305000e-01   5.0305000e-01   5.0305000e-01   5.0305000e-01   5.0305000e-01   5.0305000e-01   5.0305000e-01   5.0305000e-01   5.0305000e-01   5.0305000e-01   5.0305000e-01   5.0305000e-01   5.0305000e-01   5.0305000e-01   5.0305000e-01   5.0305000e-01   5.0305000e-01   5.0305000e-01   5.0305000e-01   5.0305000e-01   5.0305000e-01   5.0305000e-01   5.0305000e-01   5.0305000e-01   5.0305000e-01   5.0305000e-01   5.0305000e-01   5.0305000e-01   5.0305000e-01   5.0305000e-01   5.0305000e-01   5.0305000e-01   5.0305000e-01   5.0305000e-01   5.0305000e-01   5.0305000e-01   5.0305000e-01
   5.0305000e-01   5.0305000e-01   5.0305000e-01   5.0305000e-01   5.0305000e-01   5.0305000e-01   5.0305000e-01   5.0305000e-01   5.0305000e-01   5.0305000e-01   5.0305000e-01   5.0305000e-01   5.0305000e-01   5.0305000e-01   5.0305000e-01   5.0305000e-01   5.0305000e-01   5.0305000e-01   5.0305000e-01   5.0305000e-01   5.0305000e-01   5.0305000e-01   5.0305000e-01   5.0305000e-01   5.0305000e-01   5.0305000e-01   5.0305000e-01   5.0305000e-01   5.0305000e-01   5.0305000e-01   5.0305000e-01   5.0305000e-01   5.0305000e-01   5.0305000e-01   5.0305000e-01   5.0305000e-01   5.0305000e-01
   5.0305000e-01   5.0305000e-01   5.0305000e-01   5.0305000e-01   5.0305000e-01   5.0305000e-01   5.0305000e-01   5.0305000e-01   5.0305000e-01   5.0305000e-01   5.0305000e-01   5.0305000e-01   5.0305000e-01   5.0305000e-01   5.0305000e-01   5.0305000e-01   5.0305000e-01   5.0305000e-01   5.0305000e-01   5.0305000e-01   5.0305000e-01   5.0305000e-01   5.0305000e-01   5.0305000e-01   5.0305000e-01   5.0305000e-01   5.0305000e-01   5.0305000e-01   5.0305000e-01   5.0305000e-01   5.0305000e-01   5.0305000e-01   5.0305000e-01   5.0305000e-01   5.0305000e-01   5.0305000e-01   5.0305000e-01
   5.0305000e-01   5.0305000e-01   5.0305000e-01   5.0305000e-01   5.0305000e-01   5.0305000e-01   5.0305000e-01   5.0305000e-01   5.0305000e-01   5.0305000e-01   5.0305000e-01   5.0305000e-01   5.0305000e-01   5.0305000e-01   5.0305000e-01   5.0305000e-01   5.0305000e-01   5.0305000e-01   5.0305000e-01   5.0305000e-01   5.0305000e-01   5.0305000e-01   5.0305000e-01   5.0305000e-01   5.0305000e-01   5.0305000e-01   5.0305000e-01   5.0305000e-01   5.0305000e-01   5.0305000e-01   5.0305000e-01   5.0305000e-01   5.0305000e-01   5.0305000e-01   5.0305000e-01   5.0305000e-01   5.0305000e-01
   5.0305000e-01   5.0305000e-01   5.0305000e-01   5.0305000e-01   5.0305000e-01   5.0305000e-01   5.0305000e-01   5.0305000e-01   5.0305000e-01   5.0305000e-01   5.0305000e-01   5.0305000e-01   5.0305000e-01   5.0305000e-01   5.0305000e-01   5.0305000e-01   5.0305000e-01   5.0305000e-01   5.0305000e-01   5.0305000e-01   5.0305000e-01   5.0305000e-01   5.0305000e-01   5.0305000e-01   5.0305000e-01   5.0305000e-01   5.0305000e-01   5.0305000e-01   5.0305000e-01   5.0305000e-01   5.0305000e-01   5.0305000e-01   5.0305000e-01   5.0305000e-01   5.0305000e-01   5.0305000e-01   5.0305000e-01
   5.0305000e-01   5.0305000e-01   5.0305000e-01   5.0305000e-01   5.0305000e-01   5.0305000e-01   5.0305000e-01   5.0305000e-01   5.0305000e-01   5.0305000e-01   5.0305000e-01   5.0305000e-01   5.0305000e-01   5.0305000e-01   5.0305000e-01   5.0305000e-01   5.0305000e-01   5.0305000e-01   5.0305000e-01   5.0305000e-01   5.0305000e-01   5.0305000e-01   5.0305000e-01   5.0305000e-01   5.0305000e-01   5.0305000e-01   5.0305000e-01   5.0305000e-01   5.0305000e-01   5.0305000e-01   5.0305000e-01   5.0305000e-01   5.0305000e-01   5.0305000e-01   5.0305000e-01   5.0305000e-01   5.0305000e-01
   5.0305000e-01   5.0305000e-01   5.0305000e-01   5.0305000e-01   5.0305000e-01   5.0305000e-01   5.0305000e-01   5.0305000e-01   5.0305000e-01   5.0305000e-01   5.0305000e-01   5.0305000e-01   5.0305000e-01   5.0305000e-01   5.0305000e-01   5.0305000e-01   5.0305000e-01   5.0305000e-01   5.0305000e-01   5.0305000e-01   5.0305000e-01   5.0305000e-01   5.0305000e-01   5.0305000e-01   5.0305000e-01   5.0305000e-01   5.0305000e-01   5.0305000e-01   5.0305000e-01   5.0305000e-01   5.0305000e-01   5.0305000e-01   5.0305000e-01   5.0305000e-01   5.0305000e-01   5.0305000e-01   5.0305000e-01
   5.0305000e-01   5.0305000e-01   5.0305000e-01   5.0305000e-01   5.0305000e-01   5.0305000e-01   5.0305000e-01   5.0305000e-01   5.0305000e-01   5.0305000e-01   5.0305000e-01   5.0305000e-01   5.0305000e-01   5.0305000e-01   5.0305000e-01   5.0305000e-01   5.0305000e-01   5.0305000e-01   5.0305000e-01   5.0305000e-01   5.0305000e-01   5.0305000e-01   5.0305000e-01   5.0305000e-01   5.0305000e-01   5.0305000e-01   5.0305000e-01   5.0305000e-01   5.0305000e-01   5.0305000e-01   5.0305000e-01   5.0305000e-01   5.0305000e-01   5.0305000e-01   5.0305000e-01   5.0305000e-01   5.0305000e-01
   5.0305000e-01   5.0305000e-01   5.0305000e-01   5.0305000e-01   5.0305000e-01   5.0305000e-01   5.0305000e-01   5.0305000e-01   5.0305000e-01   5.0305000e-01   5.0305000e-01   5.0305000e-01   5.0305000e-01   5.0305000e-01   5.0305000e-01   5.0305000e-01   5.0305000e-01   5.0305000e-01   5.0305000e-01   5.0305000e-01   5.0305000e-01   5.0305000e-01   5.0305000e-01   5.0305000e-01   5.0305000e-01   5.0305000e-01   5.0305000e-01   5.0305000e-01   5.0305000e-01   5.0305000e-01   5.0305000e-01   5.0305000e-01   5.0305000e-01   5.0305000e-01   5.0305000e-01   5.0305000e-01   5.0305000e-01
   5.0305000e-01   5.0305000e-01   5.0305000e-01   5.0305000e-01   5.0305000e-01   5.0305000e-01   5.0305000e-01   5.0305000e-01   5.0305000e-01   5.0305000e-01   5.0305000e-01   5.0305000e-01   5.0305000e-01   5.0305000e-01   5.0305000e-01   5.0305000e-01   5.0305000e-01   5.0305000e-01   5.0305000e-01   5.0305000e-01   5.0305000e-01   5.0305000e-01   5.0305000e-01   5.0305000e-01   5.0305000e-01   5.0305000e-01   5.0305000e-01   5.0305000e-01   5.0305000e-01   5.0305000e-01   5.0305000e-01   5.0305000e-01   5.0305000e-01   5.0305000e-01   5.0305000e-01   5.0305000e-01   5.0305000e-01
   5.0305000e-01   5.0305000e-01   5.0305000e-01   5.0305000e-01   5.0305000e-01   5.0305000e-01   5.0305000e-01   5.0305000e-01   5.0305000e-01   5.0305000e-01   5.0305000e-01   5.0305000e-01   5.0305000e-01   5.0305000e-01   5.0305000e-01   5.0305000e-01   5.0305000e-01   5.0305000e-01   5.0305000e-01   5.0305000e-01   5.0305000e-01   5.0305000e-01   5.0305000e-01   5.0305000e-01   5.0305000e-01   5.0305000e-01   5.0305000e-01   5.0305000e-01   5.0305000e-01   5.0305000e-01   5.0305000e-01   5.0305000e-01   5.0305000e-01   5.0305000e-01   5.0305000e-01   5.0305000e-01   5.0305000e-01
   5.0305000e-01   5.0305000e-01   5.0305000e-01   5.0305000e-01   5.0305000e-01   5.0305000e-01   5.0305000e-01   5.0305000e-01   5.0305000e-01   5.0305000e-01   5.0305000e-01   5.0305000e-01   5.0305000e-01   5.0305000e-01   5.0305000e-01   5.0305000e-01   5.0305000e-01   5.0305000e-01   5.0305000e-01   5.0305000e-01   5.0305000e-01   5.0305000e-01   5.0305000e-01   5.0305000e-01   5.0305000e-01   5.0305000e-01   5.0305000e-01   5.0305000e-01   5.0305000e-01   5.0305000e-01   5.0305000e-01   5.0305000e-01   5.0305000e-01   5.0305000e-01   5.0305000e-01   5.0305000e-01   5.0305000e-01
   5.0305000e-01   5.0305000e-01   5.0305000e-01   5.0305000e-01   5.0305000e-01   5.0305000e-01   5.0305000e-01   5.0305000e-01   5.0305000e-01   5.0305000e-01   5.0305000e-01   5.0305000e-01   5.0305000e-01   5.0305000e-01   5.0305000e-01   5.0305000e-01   5.0305000e-01   5.0305000e-01   5.0305000e-01   5.0305000e-01   5.0305000e-01   5.0305000e-01   5.0305000e-01   5.0305000e-01   5.0305000e-01   5.0305000e-01   5.0305000e-01   5.0305000e-01   5.0305000e-01   5.0305000e-01   5.0305000e-01   5.0305000e-01   5.0305000e-01   5.0305000e-01   5.0305000e-01   5.0305000e-01   5.0305000e-01
